file_path,filename,language,account,category,category_code,category_slug,theme,part,parts,rows,palette,background_hex,accent_hex,has_flag,post_at_local,post_date,post_time,post_index,caption,alt_text,hashtags,source_file
01_pashto/pashto_01-greetings-courtesy_p1of3_social.png,pashto_01-greetings-courtesy_p1of3_social.png,Pashto,speaksilq_pashto,Greetings & Courtesy,01,greetings-courtesy,social,1,3,12,periwinkle,#D9DDF7,#1B287E,yes,2026-08-21 01:00,2026-08-21,01:00,9,"English vs Pashto — Greetings & Courtesy (part 1 of 3)
Peace be upon you (hello) = Assalam alaikum · And peace be upon you (reply) = Wa alaikum assalam · Hello / Hi = Salam
Learn Pashto and 20+ more at Speaksilq.com","Pastel vocabulary card titled ""English vs Pashto"", subtitle ""Greetings & Courtesy"", listing 12 English words with their Pashto romanisations.",#SpeakSilq #LearnPashto #Pashto #LanguageLearning #Vocabulary #GreetingsCourtesy,speaksilq_pashto_graphics/speaksilq_pashto_graphics 2/01_greetings-courtesy/001_greetingscourtesy_1.jpg
01_pashto/pashto_01-greetings-courtesy_p2of3_social.png,pashto_01-greetings-courtesy_p2of3_social.png,Pashto,speaksilq_pashto,Greetings & Courtesy,01,greetings-courtesy,social,2,3,12,seafoam,#C6EFE8,#196B5D,yes,2026-09-24 01:00,2026-09-24,01:00,77,"English vs Pashto — Greetings & Courtesy (part 2 of 3)
Thank you very much = Dera manana · You're welcome = Qaabil ye na lari · Please = Mehrabaani wukrey
Learn Pashto and 20+ more at Speaksilq.com","Pastel vocabulary card titled ""English vs Pashto"", subtitle ""Greetings & Courtesy"", listing 12 English words with their Pashto romanisations.",#SpeakSilq #LearnPashto #Pashto #LanguageLearning #Vocabulary #GreetingsCourtesy,speaksilq_pashto_graphics/speaksilq_pashto_graphics 2/01_greetings-courtesy/002_greetingscourtesy_2.jpg
01_pashto/pashto_01-greetings-courtesy_p3of3_social.png,pashto_01-greetings-courtesy_p3of3_social.png,Pashto,speaksilq_pashto,Greetings & Courtesy,01,greetings-courtesy,social,3,3,11,periwinkle,#D9DDF7,#1B287E,yes,2026-09-30 01:00,2026-09-30,01:00,89,"English vs Pashto — Greetings & Courtesy (part 3 of 3)
Happy birthday = Da zeegedo wradz mo mubaarak · Best wishes = She hile · Nice to meet you = Staaso pa lido khushaala shwam
Learn Pashto and 20+ more at Speaksilq.com","Pastel vocabulary card titled ""English vs Pashto"", subtitle ""Greetings & Courtesy"", listing 11 English words with their Pashto romanisations.",#SpeakSilq #LearnPashto #Pashto #LanguageLearning #Vocabulary #GreetingsCourtesy,speaksilq_pashto_graphics/speaksilq_pashto_graphics 2/01_greetings-courtesy/003_greetingscourtesy_3.jpg
01_pashto/pashto_02-everyday-phrases_p1of4_social.png,pashto_02-everyday-phrases_p1of4_social.png,Pashto,speaksilq_pashto,Everyday Phrases,02,everyday-phrases,social,1,4,10,lavender,#E1D8F5,#3B1D7C,yes,2026-09-21 13:00,2026-09-21,13:00,72,"English vs Pashto — Everyday Phrases (part 1 of 4)
How are things? = Kaar o baar tsanga dai? · Everything is fine = Har tsa sha di · Long time no see = Der wakht wa che na wu lidali
Learn Pashto and 20+ more at Speaksilq.com","Pastel vocabulary card titled ""English vs Pashto"", subtitle ""Everyday Phrases"", listing 10 English words with their Pashto romanisations.",#SpeakSilq #LearnPashto #Pashto #LanguageLearning #Vocabulary #EverydayPhrases,speaksilq_pashto_graphics/33_everyday-phrases/089_everydayphrases_1.jpg
01_pashto/pashto_02-everyday-phrases_p2of4_social.png,pashto_02-everyday-phrases_p2of4_social.png,Pashto,speaksilq_pashto,Everyday Phrases,02,everyday-phrases,social,2,4,10,orchid,#F7D9EE,#7E1B60,yes,2026-08-25 13:00,2026-08-25,13:00,18,"English vs Pashto — Everyday Phrases (part 2 of 4)
Speak slowly, please = Wro khabare wukrey · What does this mean? = Daa tsa manaa lari? · How do you say this in Pashto? = Pa Pashto ke dey ta tsa waayi?
Learn Pashto and 20+ more at Speaksilq.com","Pastel vocabulary card titled ""English vs Pashto"", subtitle ""Everyday Phrases"", listing 10 English words with their Pashto romanisations.",#SpeakSilq #LearnPashto #Pashto #LanguageLearning #Vocabulary #EverydayPhrases,speaksilq_pashto_graphics/33_everyday-phrases/090_everydayphrases_2.jpg
01_pashto/pashto_02-everyday-phrases_p3of4_social.png,pashto_02-everyday-phrases_p3of4_social.png,Pashto,speaksilq_pashto,Everyday Phrases,02,everyday-phrases,social,3,4,10,lemon-ice,#F4F1C4,#676213,yes,2026-09-16 13:00,2026-09-16,13:00,62,"English vs Pashto — Everyday Phrases (part 3 of 4)
Wait for me = Zmaa intizaar wukrey · I am busy right now = Za os masruf yam · I am ready = Za tayaar yam
Learn Pashto and 20+ more at Speaksilq.com","Pastel vocabulary card titled ""English vs Pashto"", subtitle ""Everyday Phrases"", listing 10 English words with their Pashto romanisations.",#SpeakSilq #LearnPashto #Pashto #LanguageLearning #Vocabulary #EverydayPhrases,speaksilq_pashto_graphics/33_everyday-phrases/091_everydayphrases_3.jpg
01_pashto/pashto_02-everyday-phrases_p4of4_social.png,pashto_02-everyday-phrases_p4of4_social.png,Pashto,speaksilq_pashto,Everyday Phrases,02,everyday-phrases,social,4,4,10,peach,#FFE3C9,#994A00,yes,2026-09-10 13:00,2026-09-10,13:00,50,"English vs Pashto — Everyday Phrases (part 4 of 4)
I forgot = Maa her kra · Can you help me? = Taaso zmaa sara mrasta kawalay shay? · Of course, with pleasure = Albata, pa khwashai sara
Learn Pashto and 20+ more at Speaksilq.com","Pastel vocabulary card titled ""English vs Pashto"", subtitle ""Everyday Phrases"", listing 10 English words with their Pashto romanisations.",#SpeakSilq #LearnPashto #Pashto #LanguageLearning #Vocabulary #EverydayPhrases,speaksilq_pashto_graphics/33_everyday-phrases/092_everydayphrases_4.jpg
01_pashto/pashto_03-question-words_p1of3_social.png,pashto_03-question-words_p1of3_social.png,Pashto,speaksilq_pashto,Question Words & Connectors,03,question-words,social,1,3,10,sky,#CFE6F7,#165583,yes,2026-09-27 01:00,2026-09-27,01:00,83,"English vs Pashto — Question Words & Connectors (part 1 of 3)
What = Tsa · Who = Tsok dai · Where = Cherta
Learn Pashto and 20+ more at Speaksilq.com","Pastel vocabulary card titled ""English vs Pashto"", subtitle ""Question Words & Connectors"", listing 10 English words with their Pashto romanisations.",#SpeakSilq #LearnPashto #Pashto #LanguageLearning #Vocabulary #QuestionWords,speaksilq_pashto_graphics/speaksilq_pashto_graphics 2/06_question-words-connectors/016_questionwordsconnectors_1.jpg
01_pashto/pashto_03-question-words_p2of3_social.png,pashto_03-question-words_p2of3_social.png,Pashto,speaksilq_pashto,Question Words & Connectors,03,question-words,social,2,3,10,pistachio,#E4F0C4,#556B19,yes,2026-08-19 01:00,2026-08-19,01:00,5,"English vs Pashto — Question Words & Connectors (part 2 of 3)
And = Aw · Or = Yaa · But = Kho
Learn Pashto and 20+ more at Speaksilq.com","Pastel vocabulary card titled ""English vs Pashto"", subtitle ""Question Words & Connectors"", listing 10 English words with their Pashto romanisations.",#SpeakSilq #LearnPashto #Pashto #LanguageLearning #Vocabulary #QuestionWords,speaksilq_pashto_graphics/speaksilq_pashto_graphics 2/06_question-words-connectors/017_questionwordsconnectors_2.jpg
01_pashto/pashto_03-question-words_p3of3_social.png,pashto_03-question-words_p3of3_social.png,Pashto,speaksilq_pashto,Question Words & Connectors,03,question-words,social,3,3,10,honeydew,#D9F2D0,#2F6B19,yes,2026-08-30 13:00,2026-08-30,13:00,28,"English vs Pashto — Question Words & Connectors (part 3 of 3)
With = Sara · Without = Bagher la · For = Depaara
Learn Pashto and 20+ more at Speaksilq.com","Pastel vocabulary card titled ""English vs Pashto"", subtitle ""Question Words & Connectors"", listing 10 English words with their Pashto romanisations.",#SpeakSilq #LearnPashto #Pashto #LanguageLearning #Vocabulary #QuestionWords,speaksilq_pashto_graphics/speaksilq_pashto_graphics 2/06_question-words-connectors/018_questionwordsconnectors_3.jpg
01_pashto/pashto_04-people-pronouns_p1of3_social.png,pashto_04-people-pronouns_p1of3_social.png,Pashto,speaksilq_pashto,People & Pronouns,04,people-pronouns,social,1,3,10,mint,#C8F0DE,#196B46,yes,2026-08-23 13:00,2026-08-23,13:00,14,"English vs Pashto — People & Pronouns (part 1 of 3)
I = Za · You (formal / plural) = Taaso · You (informal) = Ta
Learn Pashto and 20+ more at Speaksilq.com","Pastel vocabulary card titled ""English vs Pashto"", subtitle ""People & Pronouns"", listing 10 English words with their Pashto romanisations.",#SpeakSilq #LearnPashto #Pashto #LanguageLearning #Vocabulary #PeoplePronouns,speaksilq_pashto_graphics/speaksilq_pashto_graphics 2/05_people-pronouns/013_peoplepronouns_1.jpg
01_pashto/pashto_04-people-pronouns_p2of3_social.png,pashto_04-people-pronouns_p2of3_social.png,Pashto,speaksilq_pashto,People & Pronouns,04,people-pronouns,social,2,3,10,coral-mist,#FFDCCB,#993200,yes,2026-09-19 01:00,2026-09-19,01:00,67,"English vs Pashto — People & Pronouns (part 2 of 3)
Boy = Halak · Girl = Njalai · Person = Kas
Learn Pashto and 20+ more at Speaksilq.com","Pastel vocabulary card titled ""English vs Pashto"", subtitle ""People & Pronouns"", listing 10 English words with their Pashto romanisations.",#SpeakSilq #LearnPashto #Pashto #LanguageLearning #Vocabulary #PeoplePronouns,speaksilq_pashto_graphics/speaksilq_pashto_graphics 2/05_people-pronouns/014_peoplepronouns_2.jpg
01_pashto/pashto_04-people-pronouns_p3of3_social.png,pashto_04-people-pronouns_p3of3_social.png,Pashto,speaksilq_pashto,People & Pronouns,04,people-pronouns,social,3,3,10,orchid,#F7D9EE,#7E1B60,yes,2026-09-04 13:00,2026-09-04,13:00,38,"English vs Pashto — People & Pronouns (part 3 of 3)
Guest = Melma · Name = Num · Age = Umar
Learn Pashto and 20+ more at Speaksilq.com","Pastel vocabulary card titled ""English vs Pashto"", subtitle ""People & Pronouns"", listing 10 English words with their Pashto romanisations.",#SpeakSilq #LearnPashto #Pashto #LanguageLearning #Vocabulary #PeoplePronouns,speaksilq_pashto_graphics/speaksilq_pashto_graphics 2/05_people-pronouns/015_peoplepronouns_3.jpg
01_pashto/pashto_07-time-frequency_p1of3_time.png,pashto_07-time-frequency_p1of3_time.png,Pashto,speaksilq_pashto,Time & Frequency,07,time-frequency,time,1,3,12,lilac,#EDD9F3,#661D7C,yes,2026-09-23 01:00,2026-09-23,01:00,75,"English vs Pashto — Time & Frequency (part 1 of 3)
Time = Wakht · Hour = Saat · Minute = Daqiqa
Learn Pashto and 20+ more at Speaksilq.com","Pastel vocabulary card titled ""English vs Pashto"", subtitle ""Time & Frequency"", listing 12 English words with their Pashto romanisations.",#SpeakSilq #LearnPashto #Pashto #LanguageLearning #Vocabulary #TimeFrequency,speaksilq_pashto_graphics/speaksilq_pashto_graphics 2/02_time-frequency/004_timefrequency_1.jpg
01_pashto/pashto_07-time-frequency_p2of3_time.png,pashto_07-time-frequency_p2of3_time.png,Pashto,speaksilq_pashto,Time & Frequency,07,time-frequency,time,2,3,12,sand,#EEE4D4,#7C571D,yes,2026-09-13 13:00,2026-09-13,13:00,56,"English vs Pashto — Time & Frequency (part 2 of 3)
Yesterday = Parun · Day after tomorrow = Bal sabaa · Now = Os
Learn Pashto and 20+ more at Speaksilq.com","Pastel vocabulary card titled ""English vs Pashto"", subtitle ""Time & Frequency"", listing 12 English words with their Pashto romanisations.",#SpeakSilq #LearnPashto #Pashto #LanguageLearning #Vocabulary #TimeFrequency,speaksilq_pashto_graphics/speaksilq_pashto_graphics 2/02_time-frequency/005_timefrequency_2.jpg
01_pashto/pashto_07-time-frequency_p3of3_time.png,pashto_07-time-frequency_p3of3_time.png,Pashto,speaksilq_pashto,Time & Frequency,07,time-frequency,time,3,3,11,butter,#FFF2C2,#7A6000,yes,2026-08-26 01:00,2026-08-26,01:00,19,"English vs Pashto — Time & Frequency (part 3 of 3)
Month = Miaasht · Year = Kaal · Century = Perai
Learn Pashto and 20+ more at Speaksilq.com","Pastel vocabulary card titled ""English vs Pashto"", subtitle ""Time & Frequency"", listing 11 English words with their Pashto romanisations.",#SpeakSilq #LearnPashto #Pashto #LanguageLearning #Vocabulary #TimeFrequency,speaksilq_pashto_graphics/speaksilq_pashto_graphics 2/02_time-frequency/006_timefrequency_3.jpg
01_pashto/pashto_08-days-months-seasons_p1of3_time.png,pashto_08-days-months-seasons_p1of3_time.png,Pashto,speaksilq_pashto,"Days, Months & Seasons",08,days-months-seasons,time,1,3,10,aqua-mist,#CDECF2,#1B6574,yes,2026-09-15 13:00,2026-09-15,13:00,60,"English vs Pashto — Days, Months & Seasons (part 1 of 3)
Saturday = Shanbe · Sunday = Yakshanbe · Monday = Doshanbe
Learn Pashto and 20+ more at Speaksilq.com","Pastel vocabulary card titled ""English vs Pashto"", subtitle ""Days, Months & Seasons"", listing 10 English words with their Pashto romanisations.",#SpeakSilq #LearnPashto #Pashto #LanguageLearning #Vocabulary #DaysMonthsSeasons,speaksilq_pashto_graphics/speaksilq_pashto_graphics 2/03_days-months-seasons/007_daysmonthsseasons_1.jpg
01_pashto/pashto_08-days-months-seasons_p2of3_time.png,pashto_08-days-months-seasons_p2of3_time.png,Pashto,speaksilq_pashto,"Days, Months & Seasons",08,days-months-seasons,time,2,3,10,lavender,#E1D8F5,#3B1D7C,yes,2026-10-01 13:00,2026-10-01,13:00,92,"English vs Pashto — Days, Months & Seasons (part 2 of 3)
4th solar month (Jun–Jul) = Chungaash · 5th solar month (Jul–Aug) = Zmarai · 6th solar month (Aug–Sep) = Wazhai
Learn Pashto and 20+ more at Speaksilq.com","Pastel vocabulary card titled ""English vs Pashto"", subtitle ""Days, Months & Seasons"", listing 10 English words with their Pashto romanisations.",#SpeakSilq #LearnPashto #Pashto #LanguageLearning #Vocabulary #DaysMonthsSeasons,speaksilq_pashto_graphics/speaksilq_pashto_graphics 2/03_days-months-seasons/008_daysmonthsseasons_2.jpg
01_pashto/pashto_08-days-months-seasons_p3of3_time.png,pashto_08-days-months-seasons_p3of3_time.png,Pashto,speaksilq_pashto,"Days, Months & Seasons",08,days-months-seasons,time,3,3,10,rose-quartz,#F7D6D0,#832716,yes,2026-08-28 13:00,2026-08-28,13:00,24,"English vs Pashto — Days, Months & Seasons (part 3 of 3)
Summer = Orai · Autumn = Manai · Winter = Zhamai
Learn Pashto and 20+ more at Speaksilq.com","Pastel vocabulary card titled ""English vs Pashto"", subtitle ""Days, Months & Seasons"", listing 10 English words with their Pashto romanisations.",#SpeakSilq #LearnPashto #Pashto #LanguageLearning #Vocabulary #DaysMonthsSeasons,speaksilq_pashto_graphics/speaksilq_pashto_graphics 2/03_days-months-seasons/009_daysmonthsseasons_3.jpg
01_pashto/pashto_09-daily-routine_p1of3_time.png,pashto_09-daily-routine_p1of3_time.png,Pashto,speaksilq_pashto,Daily Routine & Habits,09,daily-routine,time,1,3,12,peach,#FFE3C9,#994A00,yes,2026-08-21 13:00,2026-08-21,13:00,10,"English vs Pashto — Daily Routine & Habits (part 1 of 3)
Daily routine = Wradzani kaaruna · To get up = Paatsedal · To wash the face = Mukh winzal
Learn Pashto and 20+ more at Speaksilq.com","Pastel vocabulary card titled ""English vs Pashto"", subtitle ""Daily Routine & Habits"", listing 12 English words with their Pashto romanisations.",#SpeakSilq #LearnPashto #Pashto #LanguageLearning #Vocabulary #DailyRoutine,speaksilq_pashto_graphics/speaksilq_pashto_graphics 2/08_daily-routine-habits/024_dailyroutinehabits_1.jpg
01_pashto/pashto_09-daily-routine_p2of3_time.png,pashto_09-daily-routine_p2of3_time.png,Pashto,speaksilq_pashto,Daily Routine & Habits,09,daily-routine,time,2,3,12,coral-mist,#FFDCCB,#993200,yes,2026-09-09 01:00,2026-09-09,01:00,47,"English vs Pashto — Daily Routine & Habits (part 2 of 3)
To have dinner = Da shpe dodai khwaral · To take a nap = Lag wida kedal · To tidy the house = Kor paakawal
Learn Pashto and 20+ more at Speaksilq.com","Pastel vocabulary card titled ""English vs Pashto"", subtitle ""Daily Routine & Habits"", listing 12 English words with their Pashto romanisations.",#SpeakSilq #LearnPashto #Pashto #LanguageLearning #Vocabulary #DailyRoutine,speaksilq_pashto_graphics/speaksilq_pashto_graphics 2/08_daily-routine-habits/025_dailyroutinehabits_2.jpg
01_pashto/pashto_09-daily-routine_p3of3_time.png,pashto_09-daily-routine_p3of3_time.png,Pashto,speaksilq_pashto,Daily Routine & Habits,09,daily-routine,time,3,3,11,lilac,#EDD9F3,#661D7C,yes,2026-09-03 01:00,2026-09-03,01:00,35,"English vs Pashto — Daily Routine & Habits (part 3 of 3)
Every morning = Har sahar · Usually = Umuman · First of all = Lumrai
Learn Pashto and 20+ more at Speaksilq.com","Pastel vocabulary card titled ""English vs Pashto"", subtitle ""Daily Routine & Habits"", listing 11 English words with their Pashto romanisations.",#SpeakSilq #LearnPashto #Pashto #LanguageLearning #Vocabulary #DailyRoutine,speaksilq_pashto_graphics/speaksilq_pashto_graphics 2/08_daily-routine-habits/026_dailyroutinehabits_3.jpg
01_pashto/pashto_10-family-relationships_p1of3_people.png,pashto_10-family-relationships_p1of3_people.png,Pashto,speaksilq_pashto,Family & Relationships,10,family-relationships,people,1,3,12,seafoam,#C6EFE8,#196B5D,yes,2026-09-04 01:00,2026-09-04,01:00,37,"English vs Pashto — Family & Relationships (part 1 of 3)
Family = Kornai · Father = Plaar · Mother = Mor
Learn Pashto and 20+ more at Speaksilq.com","Pastel vocabulary card titled ""English vs Pashto"", subtitle ""Family & Relationships"", listing 12 English words with their Pashto romanisations.",#SpeakSilq #LearnPashto #Pashto #LanguageLearning #Vocabulary #FamilyRelationships,speaksilq_pashto_graphics/speaksilq_pashto_graphics 2/04_family-relationships/010_familyrelationships_1.jpg
01_pashto/pashto_10-family-relationships_p2of3_people.png,pashto_10-family-relationships_p2of3_people.png,Pashto,speaksilq_pashto,Family & Relationships,10,family-relationships,people,2,3,12,coral-mist,#FFDCCB,#993200,yes,2026-08-20 01:00,2026-08-20,01:00,7,"English vs Pashto — Family & Relationships (part 2 of 3)
Wife = Shaza · Grandfather = Nika · Grandmother = Anaa
Learn Pashto and 20+ more at Speaksilq.com","Pastel vocabulary card titled ""English vs Pashto"", subtitle ""Family & Relationships"", listing 12 English words with their Pashto romanisations.",#SpeakSilq #LearnPashto #Pashto #LanguageLearning #Vocabulary #FamilyRelationships,speaksilq_pashto_graphics/speaksilq_pashto_graphics 2/04_family-relationships/011_familyrelationships_2.jpg
01_pashto/pashto_10-family-relationships_p3of3_people.png,pashto_10-family-relationships_p3of3_people.png,Pashto,speaksilq_pashto,Family & Relationships,10,family-relationships,people,3,3,11,pistachio,#E4F0C4,#556B19,yes,2026-08-29 01:00,2026-08-29,01:00,25,"English vs Pashto — Family & Relationships (part 3 of 3)
Father-in-law = Sakhar · Mother-in-law = Khwaashe · Son-in-law = Zum
Learn Pashto and 20+ more at Speaksilq.com","Pastel vocabulary card titled ""English vs Pashto"", subtitle ""Family & Relationships"", listing 11 English words with their Pashto romanisations.",#SpeakSilq #LearnPashto #Pashto #LanguageLearning #Vocabulary #FamilyRelationships,speaksilq_pashto_graphics/speaksilq_pashto_graphics 2/04_family-relationships/012_familyrelationships_3.jpg
01_pashto/pashto_11-emotions-feelings_p1of3_people.png,pashto_11-emotions-feelings_p1of3_people.png,Pashto,speaksilq_pashto,Emotions & Feelings,11,emotions-feelings,people,1,3,10,blush,#FFD9E1,#990020,yes,2026-08-17 01:00,2026-08-17,01:00,1,"English vs Pashto — Emotions & Feelings (part 1 of 3)
Happiness = Khushaali · Sadness = Khapagaan · Love = Meena
Learn Pashto and 20+ more at Speaksilq.com","Pastel vocabulary card titled ""English vs Pashto"", subtitle ""Emotions & Feelings"", listing 10 English words with their Pashto romanisations.",#SpeakSilq #LearnPashto #Pashto #LanguageLearning #Vocabulary #EmotionsFeelings,speaksilq_pashto_graphics/speaksilq_pashto_graphics 2/11_emotions-feelings/033_emotionsfeelings_1.jpg
01_pashto/pashto_11-emotions-feelings_p2of3_people.png,pashto_11-emotions-feelings_p2of3_people.png,Pashto,speaksilq_pashto,Emotions & Feelings,11,emotions-feelings,people,2,3,10,pistachio,#E4F0C4,#556B19,yes,2026-09-28 01:00,2026-09-28,01:00,85,"English vs Pashto — Emotions & Feelings (part 2 of 3)
Shame = Sharm · Pride = Iftikhaar · Jealousy = Hasad
Learn Pashto and 20+ more at Speaksilq.com","Pastel vocabulary card titled ""English vs Pashto"", subtitle ""Emotions & Feelings"", listing 10 English words with their Pashto romanisations.",#SpeakSilq #LearnPashto #Pashto #LanguageLearning #Vocabulary #EmotionsFeelings,speaksilq_pashto_graphics/speaksilq_pashto_graphics 2/11_emotions-feelings/034_emotionsfeelings_2.jpg
01_pashto/pashto_11-emotions-feelings_p3of3_people.png,pashto_11-emotions-feelings_p3of3_people.png,Pashto,speaksilq_pashto,Emotions & Feelings,11,emotions-feelings,people,3,3,10,powder-blue,#D5E4F7,#184681,yes,2026-09-18 13:00,2026-09-18,13:00,66,"English vs Pashto — Emotions & Feelings (part 3 of 3)
Tired = Starai · Nervous = Asabi · Confused = Preshaan
Learn Pashto and 20+ more at Speaksilq.com","Pastel vocabulary card titled ""English vs Pashto"", subtitle ""Emotions & Feelings"", listing 10 English words with their Pashto romanisations.",#SpeakSilq #LearnPashto #Pashto #LanguageLearning #Vocabulary #EmotionsFeelings,speaksilq_pashto_graphics/speaksilq_pashto_graphics 2/11_emotions-feelings/035_emotionsfeelings_3.jpg
01_pashto/pashto_12-body-parts_p1of3_people.png,pashto_12-body-parts_p1of3_people.png,Pashto,speaksilq_pashto,Body Parts,12,body-parts,people,1,3,10,pistachio,#E4F0C4,#556B19,yes,2026-09-08 01:00,2026-09-08,01:00,45,"English vs Pashto — Body Parts (part 1 of 3)
Body = Badan · Head = Sar · Hair = Weshta
Learn Pashto and 20+ more at Speaksilq.com","Pastel vocabulary card titled ""English vs Pashto"", subtitle ""Body Parts"", listing 10 English words with their Pashto romanisations.",#SpeakSilq #LearnPashto #Pashto #LanguageLearning #Vocabulary #BodyParts,speaksilq_pashto_graphics/speaksilq_pashto_graphics 2/12_body-parts/036_bodyparts_1.jpg
01_pashto/pashto_12-body-parts_p2of3_people.png,pashto_12-body-parts_p2of3_people.png,Pashto,speaksilq_pashto,Body Parts,12,body-parts,people,2,3,10,sand,#EEE4D4,#7C571D,yes,2026-09-23 13:00,2026-09-23,13:00,76,"English vs Pashto — Body Parts (part 2 of 3)
Lip = Shonda · Neck = Ghaara · Shoulder = Uzha
Learn Pashto and 20+ more at Speaksilq.com","Pastel vocabulary card titled ""English vs Pashto"", subtitle ""Body Parts"", listing 10 English words with their Pashto romanisations.",#SpeakSilq #LearnPashto #Pashto #LanguageLearning #Vocabulary #BodyParts,speaksilq_pashto_graphics/speaksilq_pashto_graphics 2/12_body-parts/037_bodyparts_2.jpg
01_pashto/pashto_12-body-parts_p3of3_people.png,pashto_12-body-parts_p3of3_people.png,Pashto,speaksilq_pashto,Body Parts,12,body-parts,people,3,3,10,sage,#DCE7D5,#356317,yes,2026-09-01 01:00,2026-09-01,01:00,31,"English vs Pashto — Body Parts (part 3 of 3)
Heart = Zra · Leg / foot = Psha · Knee = Zangun
Learn Pashto and 20+ more at Speaksilq.com","Pastel vocabulary card titled ""English vs Pashto"", subtitle ""Body Parts"", listing 10 English words with their Pashto romanisations.",#SpeakSilq #LearnPashto #Pashto #LanguageLearning #Vocabulary #BodyParts,speaksilq_pashto_graphics/speaksilq_pashto_graphics 2/12_body-parts/038_bodyparts_3.jpg
01_pashto/pashto_13-health-medical_p1of3_people.png,pashto_13-health-medical_p1of3_people.png,Pashto,speaksilq_pashto,Health & Medical,13,health-medical,people,1,3,10,seafoam,#C6EFE8,#196B5D,yes,2026-08-25 01:00,2026-08-25,01:00,17,"English vs Pashto — Health & Medical (part 1 of 3)
Health = Roghtiyaa · Doctor = Daaktar · Hospital = Roghtun
Learn Pashto and 20+ more at Speaksilq.com","Pastel vocabulary card titled ""English vs Pashto"", subtitle ""Health & Medical"", listing 10 English words with their Pashto romanisations.",#SpeakSilq #LearnPashto #Pashto #LanguageLearning #Vocabulary #HealthMedical,speaksilq_pashto_graphics/speaksilq_pashto_graphics 2/13_health-medical/039_healthmedical_1.jpg
01_pashto/pashto_13-health-medical_p2of3_people.png,pashto_13-health-medical_p2of3_people.png,Pashto,speaksilq_pashto,Health & Medical,13,health-medical,people,2,3,10,seafoam,#C6EFE8,#196B5D,yes,2026-09-14 01:00,2026-09-14,01:00,57,"English vs Pashto — Health & Medical (part 2 of 3)
Headache = Sar dard · Stomach ache = Gede dard · Fever = Taba
Learn Pashto and 20+ more at Speaksilq.com","Pastel vocabulary card titled ""English vs Pashto"", subtitle ""Health & Medical"", listing 10 English words with their Pashto romanisations.",#SpeakSilq #LearnPashto #Pashto #LanguageLearning #Vocabulary #HealthMedical,speaksilq_pashto_graphics/speaksilq_pashto_graphics 2/13_health-medical/040_healthmedical_2.jpg
01_pashto/pashto_13-health-medical_p3of3_people.png,pashto_13-health-medical_p3of3_people.png,Pashto,speaksilq_pashto,Health & Medical,13,health-medical,people,3,3,10,aqua-mist,#CDECF2,#1B6574,yes,2026-09-25 13:00,2026-09-25,13:00,80,"English vs Pashto — Health & Medical (part 3 of 3)
Operation = Amaliyaat · Prescription = Nuskha · Treatment = Elaaj
Learn Pashto and 20+ more at Speaksilq.com","Pastel vocabulary card titled ""English vs Pashto"", subtitle ""Health & Medical"", listing 10 English words with their Pashto romanisations.",#SpeakSilq #LearnPashto #Pashto #LanguageLearning #Vocabulary #HealthMedical,speaksilq_pashto_graphics/speaksilq_pashto_graphics 2/13_health-medical/041_healthmedical_3.jpg
01_pashto/pashto_14-food-drink_p1of4_food.png,pashto_14-food-drink_p1of4_food.png,Pashto,speaksilq_pashto,Food & Drink,14,food-drink,food,1,4,10,lemon-ice,#F4F1C4,#676213,yes,2026-08-17 13:00,2026-08-17,13:00,2,"English vs Pashto — Food & Drink (part 1 of 4)
Food = Khwara · Bread / meal = Dodai · Water = Oba
Learn Pashto and 20+ more at Speaksilq.com","Pastel vocabulary card titled ""English vs Pashto"", subtitle ""Food & Drink"", listing 10 English words with their Pashto romanisations.",#SpeakSilq #LearnPashto #Pashto #LanguageLearning #Vocabulary #FoodDrink,speaksilq_pashto_graphics/speaksilq_pashto_graphics 2/14_food-drink/042_fooddrink_1.jpg
01_pashto/pashto_14-food-drink_p2of4_food.png,pashto_14-food-drink_p2of4_food.png,Pashto,speaksilq_pashto,Food & Drink,14,food-drink,food,2,4,10,mint,#C8F0DE,#196B46,yes,2026-09-02 13:00,2026-09-02,13:00,34,"English vs Pashto — Food & Drink (part 2 of 4)
Fish = Kab · Egg = Hagai · Milk = Shide
Learn Pashto and 20+ more at Speaksilq.com","Pastel vocabulary card titled ""English vs Pashto"", subtitle ""Food & Drink"", listing 10 English words with their Pashto romanisations.",#SpeakSilq #LearnPashto #Pashto #LanguageLearning #Vocabulary #FoodDrink,speaksilq_pashto_graphics/speaksilq_pashto_graphics 2/14_food-drink/043_fooddrink_2.jpg
01_pashto/pashto_14-food-drink_p3of4_food.png,pashto_14-food-drink_p3of4_food.png,Pashto,speaksilq_pashto,Food & Drink,14,food-drink,food,3,4,10,lavender,#E1D8F5,#3B1D7C,yes,2026-09-11 13:00,2026-09-11,13:00,52,"English vs Pashto — Food & Drink (part 3 of 4)
Flour = Ora · Beans = Loobiyaa · Stew = Qorma
Learn Pashto and 20+ more at Speaksilq.com","Pastel vocabulary card titled ""English vs Pashto"", subtitle ""Food & Drink"", listing 10 English words with their Pashto romanisations.",#SpeakSilq #LearnPashto #Pashto #LanguageLearning #Vocabulary #FoodDrink,speaksilq_pashto_graphics/speaksilq_pashto_graphics 2/14_food-drink/044_fooddrink_3.jpg
01_pashto/pashto_14-food-drink_p4of4_food.png,pashto_14-food-drink_p4of4_food.png,Pashto,speaksilq_pashto,Food & Drink,14,food-drink,food,4,4,10,periwinkle,#D9DDF7,#1B287E,yes,2026-09-20 01:00,2026-09-20,01:00,69,"English vs Pashto — Food & Drink (part 4 of 4)
Black tea = Tori chaay · Coffee = Qahwa · Juice / cordial = Sharbat
Learn Pashto and 20+ more at Speaksilq.com","Pastel vocabulary card titled ""English vs Pashto"", subtitle ""Food & Drink"", listing 10 English words with their Pashto romanisations.",#SpeakSilq #LearnPashto #Pashto #LanguageLearning #Vocabulary #FoodDrink,speaksilq_pashto_graphics/speaksilq_pashto_graphics 2/14_food-drink/045_fooddrink_4.jpg
01_pashto/pashto_15-fruits-vegetables_p1of3_food.png,pashto_15-fruits-vegetables_p1of3_food.png,Pashto,speaksilq_pashto,Fruits & Vegetables,15,fruits-vegetables,food,1,3,10,periwinkle,#D9DDF7,#1B287E,yes,2026-08-31 01:00,2026-08-31,01:00,29,"English vs Pashto — Fruits & Vegetables (part 1 of 3)
Fruit = Mewa · Apple = Mana · Banana = Kela
Learn Pashto and 20+ more at Speaksilq.com","Pastel vocabulary card titled ""English vs Pashto"", subtitle ""Fruits & Vegetables"", listing 10 English words with their Pashto romanisations.",#SpeakSilq #LearnPashto #Pashto #LanguageLearning #Vocabulary #FruitsVegetables,speaksilq_pashto_graphics/speaksilq_pashto_graphics 2/15_fruits-vegetables/046_fruitsvegetables_1.jpg
01_pashto/pashto_15-fruits-vegetables_p2of3_food.png,pashto_15-fruits-vegetables_p2of3_food.png,Pashto,speaksilq_pashto,Fruits & Vegetables,15,fruits-vegetables,food,2,3,10,honeydew,#D9F2D0,#2F6B19,yes,2026-09-09 13:00,2026-09-09,13:00,48,"English vs Pashto — Fruits & Vegetables (part 2 of 3)
Date (fruit) = Khurmaa · Almond = Baadaam · Walnut = Ghwaz
Learn Pashto and 20+ more at Speaksilq.com","Pastel vocabulary card titled ""English vs Pashto"", subtitle ""Fruits & Vegetables"", listing 10 English words with their Pashto romanisations.",#SpeakSilq #LearnPashto #Pashto #LanguageLearning #Vocabulary #FruitsVegetables,speaksilq_pashto_graphics/speaksilq_pashto_graphics 2/15_fruits-vegetables/047_fruitsvegetables_2.jpg
01_pashto/pashto_15-fruits-vegetables_p3of3_food.png,pashto_15-fruits-vegetables_p3of3_food.png,Pashto,speaksilq_pashto,Fruits & Vegetables,15,fruits-vegetables,food,3,3,10,blush,#FFD9E1,#990020,yes,2026-09-26 01:00,2026-09-26,01:00,81,"English vs Pashto — Fruits & Vegetables (part 3 of 3)
Tomato = Rumi baanjaan · Aubergine = Tor baanjaan · Garlic = Uga
Learn Pashto and 20+ more at Speaksilq.com","Pastel vocabulary card titled ""English vs Pashto"", subtitle ""Fruits & Vegetables"", listing 10 English words with their Pashto romanisations.",#SpeakSilq #LearnPashto #Pashto #LanguageLearning #Vocabulary #FruitsVegetables,speaksilq_pashto_graphics/speaksilq_pashto_graphics 2/15_fruits-vegetables/048_fruitsvegetables_3.jpg
01_pashto/pashto_16-cooking-kitchen_p1of3_food.png,pashto_16-cooking-kitchen_p1of3_food.png,Pashto,speaksilq_pashto,Cooking & Kitchen,16,cooking-kitchen,food,1,3,10,rose-quartz,#F7D6D0,#832716,yes,2026-09-07 13:00,2026-09-07,13:00,44,"English vs Pashto — Cooking & Kitchen (part 1 of 3)
Kitchen = Pakhlandzai · Cook (person) = Aashpaz · Stove = Ojaaq
Learn Pashto and 20+ more at Speaksilq.com","Pastel vocabulary card titled ""English vs Pashto"", subtitle ""Cooking & Kitchen"", listing 10 English words with their Pashto romanisations.",#SpeakSilq #LearnPashto #Pashto #LanguageLearning #Vocabulary #CookingKitchen,speaksilq_pashto_graphics/speaksilq_pashto_graphics 2/16_cooking-kitchen/049_cookingkitchen_1.jpg
01_pashto/pashto_16-cooking-kitchen_p2of3_food.png,pashto_16-cooking-kitchen_p2of3_food.png,Pashto,speaksilq_pashto,Cooking & Kitchen,16,cooking-kitchen,food,2,3,10,lemon-ice,#F4F1C4,#676213,yes,2026-08-27 13:00,2026-08-27,13:00,22,"English vs Pashto — Cooking & Kitchen (part 2 of 3)
Spoon = Kaachugha · Fork = Panja · Knife = Chaara
Learn Pashto and 20+ more at Speaksilq.com","Pastel vocabulary card titled ""English vs Pashto"", subtitle ""Cooking & Kitchen"", listing 10 English words with their Pashto romanisations.",#SpeakSilq #LearnPashto #Pashto #LanguageLearning #Vocabulary #CookingKitchen,speaksilq_pashto_graphics/speaksilq_pashto_graphics 2/16_cooking-kitchen/050_cookingkitchen_2.jpg
01_pashto/pashto_16-cooking-kitchen_p3of3_food.png,pashto_16-cooking-kitchen_p3of3_food.png,Pashto,speaksilq_pashto,Cooking & Kitchen,16,cooking-kitchen,food,3,3,10,butter,#FFF2C2,#7A6000,yes,2026-09-15 01:00,2026-09-15,01:00,59,"English vs Pashto — Cooking & Kitchen (part 3 of 3)
To roast = Bryaan kawal · To cut = Pre kawal · To mix = Gadawal
Learn Pashto and 20+ more at Speaksilq.com","Pastel vocabulary card titled ""English vs Pashto"", subtitle ""Cooking & Kitchen"", listing 10 English words with their Pashto romanisations.",#SpeakSilq #LearnPashto #Pashto #LanguageLearning #Vocabulary #CookingKitchen,speaksilq_pashto_graphics/speaksilq_pashto_graphics 2/16_cooking-kitchen/051_cookingkitchen_3.jpg
01_pashto/pashto_17-restaurant-ordering_p1of3_food.png,pashto_17-restaurant-ordering_p1of3_food.png,Pashto,speaksilq_pashto,Restaurant & Ordering,17,restaurant-ordering,food,1,3,10,sky,#CFE6F7,#165583,yes,2026-09-17 01:00,2026-09-17,01:00,63,"English vs Pashto — Restaurant & Ordering (part 1 of 3)
Restaurant = Resturaant · Eatery = Da khwaro dukaan · Menu = Menu
Learn Pashto and 20+ more at Speaksilq.com","Pastel vocabulary card titled ""English vs Pashto"", subtitle ""Restaurant & Ordering"", listing 10 English words with their Pashto romanisations.",#SpeakSilq #LearnPashto #Pashto #LanguageLearning #Vocabulary #RestaurantOrdering,speaksilq_pashto_graphics/speaksilq_pashto_graphics 2/17_restaurant-ordering/052_restaurantordering_1.jpg
01_pashto/pashto_17-restaurant-ordering_p2of3_food.png,pashto_17-restaurant-ordering_p2of3_food.png,Pashto,speaksilq_pashto,Restaurant & Ordering,17,restaurant-ordering,food,2,3,10,sand,#EEE4D4,#7C571D,yes,2026-08-24 13:00,2026-08-24,13:00,16,"English vs Pashto — Restaurant & Ordering (part 2 of 3)
May I see the menu? = Menu katalay sham? · What do you recommend? = Taaso tsa wraandiz kaway? · I would like ... = Za ... ghwaaram
Learn Pashto and 20+ more at Speaksilq.com","Pastel vocabulary card titled ""English vs Pashto"", subtitle ""Restaurant & Ordering"", listing 10 English words with their Pashto romanisations.",#SpeakSilq #LearnPashto #Pashto #LanguageLearning #Vocabulary #RestaurantOrdering,speaksilq_pashto_graphics/speaksilq_pashto_graphics 2/17_restaurant-ordering/053_restaurantordering_2.jpg
01_pashto/pashto_17-restaurant-ordering_p3of3_food.png,pashto_17-restaurant-ordering_p3of3_food.png,Pashto,speaksilq_pashto,Restaurant & Ordering,17,restaurant-ordering,food,3,3,10,coral-mist,#FFDCCB,#993200,yes,2026-09-29 01:00,2026-09-29,01:00,87,"English vs Pashto — Restaurant & Ordering (part 3 of 3)
I am full = Za mur shwam · The bill, please = Bil raawrey · Do you take cards? = Kaard manay?
Learn Pashto and 20+ more at Speaksilq.com","Pastel vocabulary card titled ""English vs Pashto"", subtitle ""Restaurant & Ordering"", listing 10 English words with their Pashto romanisations.",#SpeakSilq #LearnPashto #Pashto #LanguageLearning #Vocabulary #RestaurantOrdering,speaksilq_pashto_graphics/speaksilq_pashto_graphics 2/17_restaurant-ordering/054_restaurantordering_3.jpg
01_pashto/pashto_18-home-household_p1of3_home.png,pashto_18-home-household_p1of3_home.png,Pashto,speaksilq_pashto,Home & Household,18,home-household,home,1,3,10,lemon-ice,#F4F1C4,#676213,yes,2026-09-26 13:00,2026-09-26,13:00,82,"English vs Pashto — Home & Household (part 1 of 3)
House = Kor · Room = Kota · Bedroom = Da khob kota
Learn Pashto and 20+ more at Speaksilq.com","Pastel vocabulary card titled ""English vs Pashto"", subtitle ""Home & Household"", listing 10 English words with their Pashto romanisations.",#SpeakSilq #LearnPashto #Pashto #LanguageLearning #Vocabulary #HomeHousehold,speaksilq_pashto_graphics/18_home-household/055_homehousehold_1.jpg
01_pashto/pashto_18-home-household_p2of3_home.png,pashto_18-home-household_p2of3_home.png,Pashto,speaksilq_pashto,Home & Household,18,home-household,home,2,3,10,peach,#FFE3C9,#994A00,yes,2026-08-31 13:00,2026-08-31,13:00,30,"English vs Pashto — Home & Household (part 2 of 3)
Stairs = Zina · Key = Kilai · Lock = Qufl
Learn Pashto and 20+ more at Speaksilq.com","Pastel vocabulary card titled ""English vs Pashto"", subtitle ""Home & Household"", listing 10 English words with their Pashto romanisations.",#SpeakSilq #LearnPashto #Pashto #LanguageLearning #Vocabulary #HomeHousehold,speaksilq_pashto_graphics/18_home-household/056_homehousehold_2.jpg
01_pashto/pashto_18-home-household_p3of3_home.png,pashto_18-home-household_p3of3_home.png,Pashto,speaksilq_pashto,Home & Household,18,home-household,home,3,3,10,powder-blue,#D5E4F7,#184681,yes,2026-09-08 13:00,2026-09-08,13:00,46,"English vs Pashto — Home & Household (part 3 of 3)
Fan = Panka · Wood stove = Bukhaari · Curtain = Parda
Learn Pashto and 20+ more at Speaksilq.com","Pastel vocabulary card titled ""English vs Pashto"", subtitle ""Home & Household"", listing 10 English words with their Pashto romanisations.",#SpeakSilq #LearnPashto #Pashto #LanguageLearning #Vocabulary #HomeHousehold,speaksilq_pashto_graphics/18_home-household/057_homehousehold_3.jpg
01_pashto/pashto_19-clothing-accessories_p1of2_home.png,pashto_19-clothing-accessories_p1of2_home.png,Pashto,speaksilq_pashto,Clothing & Accessories,19,clothing-accessories,home,1,2,13,honeydew,#D9F2D0,#2F6B19,yes,2026-09-29 13:00,2026-09-29,13:00,88,"English vs Pashto — Clothing & Accessories (part 1 of 2)
Clothes = Jaame · Shirt / tunic = Kamees · Trousers = Partug
Learn Pashto and 20+ more at Speaksilq.com","Pastel vocabulary card titled ""English vs Pashto"", subtitle ""Clothing & Accessories"", listing 13 English words with their Pashto romanisations.",#SpeakSilq #LearnPashto #Pashto #LanguageLearning #Vocabulary #ClothingAccessories,speaksilq_pashto_graphics/19_clothing-accessories/058_clothingaccessories_1.jpg
01_pashto/pashto_19-clothing-accessories_p2of2_home.png,pashto_19-clothing-accessories_p2of2_home.png,Pashto,speaksilq_pashto,Clothing & Accessories,19,clothing-accessories,home,2,2,12,aqua-mist,#CDECF2,#1B6574,yes,2026-08-26 13:00,2026-08-26,13:00,20,"English vs Pashto — Clothing & Accessories (part 2 of 2)
Turban = Pagrai · Belt = Kamarband · Watch = Saat
Learn Pashto and 20+ more at Speaksilq.com","Pastel vocabulary card titled ""English vs Pashto"", subtitle ""Clothing & Accessories"", listing 12 English words with their Pashto romanisations.",#SpeakSilq #LearnPashto #Pashto #LanguageLearning #Vocabulary #ClothingAccessories,speaksilq_pashto_graphics/19_clothing-accessories/059_clothingaccessories_2.jpg
01_pashto/pashto_20-shopping-money_p1of3_home.png,pashto_20-shopping-money_p1of3_home.png,Pashto,speaksilq_pashto,Shopping & Money,20,shopping-money,home,1,3,10,powder-blue,#D5E4F7,#184681,yes,2026-08-19 13:00,2026-08-19,13:00,6,"English vs Pashto — Shopping & Money (part 1 of 3)
Shop = Dukaan · Shopkeeper = Dukaandaar · Market = Baazaar
Learn Pashto and 20+ more at Speaksilq.com","Pastel vocabulary card titled ""English vs Pashto"", subtitle ""Shopping & Money"", listing 10 English words with their Pashto romanisations.",#SpeakSilq #LearnPashto #Pashto #LanguageLearning #Vocabulary #ShoppingMoney,speaksilq_pashto_graphics/20_shopping-money/060_shoppingmoney_1.jpg
01_pashto/pashto_20-shopping-money_p2of3_home.png,pashto_20-shopping-money_p2of3_home.png,Pashto,speaksilq_pashto,Shopping & Money,20,shopping-money,home,2,3,10,blush,#FFD9E1,#990020,yes,2026-09-06 01:00,2026-09-06,01:00,41,"English vs Pashto — Shopping & Money (part 2 of 3)
Card = Kaard · Bank = Baank · Account = Hisaab
Learn Pashto and 20+ more at Speaksilq.com","Pastel vocabulary card titled ""English vs Pashto"", subtitle ""Shopping & Money"", listing 10 English words with their Pashto romanisations.",#SpeakSilq #LearnPashto #Pashto #LanguageLearning #Vocabulary #ShoppingMoney,speaksilq_pashto_graphics/20_shopping-money/061_shoppingmoney_2.jpg
01_pashto/pashto_20-shopping-money_p3of3_home.png,pashto_20-shopping-money_p3of3_home.png,Pashto,speaksilq_pashto,Shopping & Money,20,shopping-money,home,3,3,10,lilac,#EDD9F3,#661D7C,yes,2026-09-13 01:00,2026-09-13,01:00,55,"English vs Pashto — Shopping & Money (part 3 of 3)
That is too expensive = Daa der graan dai · Lower the price a little = Lag kam krey · I will take this = Za daa akhlam
Learn Pashto and 20+ more at Speaksilq.com","Pastel vocabulary card titled ""English vs Pashto"", subtitle ""Shopping & Money"", listing 10 English words with their Pashto romanisations.",#SpeakSilq #LearnPashto #Pashto #LanguageLearning #Vocabulary #ShoppingMoney,speaksilq_pashto_graphics/20_shopping-money/062_shoppingmoney_3.jpg
01_pashto/pashto_21-colours_p1of2_home.png,pashto_21-colours_p1of2_home.png,Pashto,speaksilq_pashto,Colours,21,colours,home,1,2,10,sage,#DCE7D5,#356317,yes,2026-08-22 01:00,2026-08-22,01:00,11,"English vs Pashto — Colours (part 1 of 2)
Colour = Rang · Red = Sur · Blue = Aasmaani
Learn Pashto and 20+ more at Speaksilq.com","Pastel vocabulary card titled ""English vs Pashto"", subtitle ""Colours"", listing 10 English words with their Pashto romanisations.",#SpeakSilq #LearnPashto #Pashto #LanguageLearning #Vocabulary #Colours,speaksilq_pashto_graphics/speaksilq_pashto_graphics 2/10_colours/031_colours_1.jpg
01_pashto/pashto_21-colours_p2of2_home.png,pashto_21-colours_p2of2_home.png,Pashto,speaksilq_pashto,Colours,21,colours,home,2,2,10,rose-quartz,#F7D6D0,#832716,yes,2026-09-17 13:00,2026-09-17,13:00,64,"English vs Pashto — Colours (part 2 of 2)
Brown = Naswaari · Grey = Khar · Golden = Zarrin
Learn Pashto and 20+ more at Speaksilq.com","Pastel vocabulary card titled ""English vs Pashto"", subtitle ""Colours"", listing 10 English words with their Pashto romanisations.",#SpeakSilq #LearnPashto #Pashto #LanguageLearning #Vocabulary #Colours,speaksilq_pashto_graphics/speaksilq_pashto_graphics 2/10_colours/032_colours_2.jpg
01_pashto/pashto_22-travel-transport_p1of3_travel.png,pashto_22-travel-transport_p1of3_travel.png,Pashto,speaksilq_pashto,Travel & Transport,22,travel-transport,travel,1,3,12,sand,#EEE4D4,#7C571D,yes,2026-09-03 13:00,2026-09-03,13:00,36,"English vs Pashto — Travel & Transport (part 1 of 3)
Journey / travel = Safar · Traveller = Musaafir · Car = Motar
Learn Pashto and 20+ more at Speaksilq.com","Pastel vocabulary card titled ""English vs Pashto"", subtitle ""Travel & Transport"", listing 12 English words with their Pashto romanisations.",#SpeakSilq #LearnPashto #Pashto #LanguageLearning #Vocabulary #TravelTransport,speaksilq_pashto_graphics/21_travel-transport/063_traveltransport_1.jpg
01_pashto/pashto_22-travel-transport_p2of3_travel.png,pashto_22-travel-transport_p2of3_travel.png,Pashto,speaksilq_pashto,Travel & Transport,22,travel-transport,travel,2,3,12,mint,#C8F0DE,#196B46,yes,2026-09-22 13:00,2026-09-22,13:00,74,"English vs Pashto — Travel & Transport (part 2 of 3)
Airport = Hawaayi dagar · Bus station = da bas tam zdaay · Ticket = Tikat
Learn Pashto and 20+ more at Speaksilq.com","Pastel vocabulary card titled ""English vs Pashto"", subtitle ""Travel & Transport"", listing 12 English words with their Pashto romanisations.",#SpeakSilq #LearnPashto #Pashto #LanguageLearning #Vocabulary #TravelTransport,speaksilq_pashto_graphics/21_travel-transport/064_traveltransport_2.jpg
01_pashto/pashto_22-travel-transport_p3of3_travel.png,pashto_22-travel-transport_p3of3_travel.png,Pashto,speaksilq_pashto,Travel & Transport,22,travel-transport,travel,3,3,11,sky,#CFE6F7,#165583,yes,2026-08-18 01:00,2026-08-18,01:00,3,"English vs Pashto — Travel & Transport (part 3 of 3)
Traffic = Terafik · Delay = Dzand · Arrival = Raatag
Learn Pashto and 20+ more at Speaksilq.com","Pastel vocabulary card titled ""English vs Pashto"", subtitle ""Travel & Transport"", listing 11 English words with their Pashto romanisations.",#SpeakSilq #LearnPashto #Pashto #LanguageLearning #Vocabulary #TravelTransport,speaksilq_pashto_graphics/21_travel-transport/065_traveltransport_3.jpg
01_pashto/pashto_23-directions-places_p1of2_travel.png,pashto_23-directions-places_p1of2_travel.png,Pashto,speaksilq_pashto,Directions & Places,23,directions-places,travel,1,2,13,butter,#FFF2C2,#7A6000,yes,2026-09-05 01:00,2026-09-05,01:00,39,"English vs Pashto — Directions & Places (part 1 of 2)
Right = Shai · Left = Kin · Straight ahead = Negh
Learn Pashto and 20+ more at Speaksilq.com","Pastel vocabulary card titled ""English vs Pashto"", subtitle ""Directions & Places"", listing 13 English words with their Pashto romanisations.",#SpeakSilq #LearnPashto #Pashto #LanguageLearning #Vocabulary #DirectionsPlaces,speaksilq_pashto_graphics/22_directions-places/066_directionsplaces_1.jpg
01_pashto/pashto_23-directions-places_p2of2_travel.png,pashto_23-directions-places_p2of2_travel.png,Pashto,speaksilq_pashto,Directions & Places,23,directions-places,travel,2,2,12,peach,#FFE3C9,#994A00,yes,2026-09-20 13:00,2026-09-20,13:00,70,"English vs Pashto — Directions & Places (part 2 of 2)
Crossroads = Tsalor laari · Distance = Waatan · Address = Pata
Learn Pashto and 20+ more at Speaksilq.com","Pastel vocabulary card titled ""English vs Pashto"", subtitle ""Directions & Places"", listing 12 English words with their Pashto romanisations.",#SpeakSilq #LearnPashto #Pashto #LanguageLearning #Vocabulary #DirectionsPlaces,speaksilq_pashto_graphics/22_directions-places/067_directionsplaces_2.jpg
01_pashto/pashto_24-city-places_p1of2_travel.png,pashto_24-city-places_p1of2_travel.png,Pashto,speaksilq_pashto,City & Places,24,city-places,travel,1,2,13,rose-quartz,#F7D6D0,#832716,yes,2026-09-27 13:00,2026-09-27,13:00,84,"English vs Pashto — City & Places (part 1 of 2)
City = Shaar · Village = Kalai · Country = Hewaad
Learn Pashto and 20+ more at Speaksilq.com","Pastel vocabulary card titled ""English vs Pashto"", subtitle ""City & Places"", listing 13 English words with their Pashto romanisations.",#SpeakSilq #LearnPashto #Pashto #LanguageLearning #Vocabulary #CityPlaces,speaksilq_pashto_graphics/23_city-places/068_cityplaces_1.jpg
01_pashto/pashto_24-city-places_p2of2_travel.png,pashto_24-city-places_p2of2_travel.png,Pashto,speaksilq_pashto,City & Places,24,city-places,travel,2,2,12,powder-blue,#D5E4F7,#184681,yes,2026-08-29 13:00,2026-08-29,13:00,26,"English vs Pashto — City & Places (part 2 of 2)
Bakery = Naanwaayi · Park = Paark · Museum = Muzem
Learn Pashto and 20+ more at Speaksilq.com","Pastel vocabulary card titled ""English vs Pashto"", subtitle ""City & Places"", listing 12 English words with their Pashto romanisations.",#SpeakSilq #LearnPashto #Pashto #LanguageLearning #Vocabulary #CityPlaces,speaksilq_pashto_graphics/23_city-places/069_cityplaces_2.jpg
01_pashto/pashto_25-hotel-accommodation_p1of2_travel.png,pashto_25-hotel-accommodation_p1of2_travel.png,Pashto,speaksilq_pashto,Hotel & Accommodation,25,hotel-accommodation,travel,1,2,13,orchid,#F7D9EE,#7E1B60,yes,2026-09-24 13:00,2026-09-24,13:00,78,"English vs Pashto — Hotel & Accommodation (part 1 of 2)
Hotel = Hotal · Reception = Paziresh · Booking = Rezerf
Learn Pashto and 20+ more at Speaksilq.com","Pastel vocabulary card titled ""English vs Pashto"", subtitle ""Hotel & Accommodation"", listing 13 English words with their Pashto romanisations.",#SpeakSilq #LearnPashto #Pashto #LanguageLearning #Vocabulary #HotelAccommodation,speaksilq_pashto_graphics/24_hotel-accommodation/070_hotelaccommodation_1.jpg
01_pashto/pashto_25-hotel-accommodation_p2of2_travel.png,pashto_25-hotel-accommodation_p2of2_travel.png,Pashto,speaksilq_pashto,Hotel & Accommodation,25,hotel-accommodation,travel,2,2,12,sage,#DCE7D5,#356317,yes,2026-09-11 01:00,2026-09-11,01:00,51,"English vs Pashto — Hotel & Accommodation (part 2 of 2)
Lift / elevator = Asaansor · Check out = Kota khaali kawal · Do you have a room available? = Khaali kota laray?
Learn Pashto and 20+ more at Speaksilq.com","Pastel vocabulary card titled ""English vs Pashto"", subtitle ""Hotel & Accommodation"", listing 12 English words with their Pashto romanisations.",#SpeakSilq #LearnPashto #Pashto #LanguageLearning #Vocabulary #HotelAccommodation,speaksilq_pashto_graphics/24_hotel-accommodation/071_hotelaccommodation_2.jpg
01_pashto/pashto_26-nature-weather_p1of3_world.png,pashto_26-nature-weather_p1of3_world.png,Pashto,speaksilq_pashto,Nature & Weather,26,nature-weather,world,1,3,10,sky,#CFE6F7,#165583,yes,2026-09-07 01:00,2026-09-07,01:00,43,"English vs Pashto — Nature & Weather (part 1 of 3)
Weather = Hawaa · Sun = Lmar · Moon = Spozhmai
Learn Pashto and 20+ more at Speaksilq.com","Pastel vocabulary card titled ""English vs Pashto"", subtitle ""Nature & Weather"", listing 10 English words with their Pashto romanisations.",#SpeakSilq #LearnPashto #Pashto #LanguageLearning #Vocabulary #NatureWeather,speaksilq_pashto_graphics/26_nature-weather/074_natureweather_1.jpg
01_pashto/pashto_26-nature-weather_p2of3_world.png,pashto_26-nature-weather_p2of3_world.png,Pashto,speaksilq_pashto,Nature & Weather,26,nature-weather,world,2,3,10,pistachio,#E4F0C4,#556B19,yes,2026-09-18 01:00,2026-09-18,01:00,65,"English vs Pashto — Nature & Weather (part 2 of 3)
Lightning = Breshnaa · Fog = Lara · Heat = Garmi
Learn Pashto and 20+ more at Speaksilq.com","Pastel vocabulary card titled ""English vs Pashto"", subtitle ""Nature & Weather"", listing 10 English words with their Pashto romanisations.",#SpeakSilq #LearnPashto #Pashto #LanguageLearning #Vocabulary #NatureWeather,speaksilq_pashto_graphics/26_nature-weather/075_natureweather_2.jpg
01_pashto/pashto_26-nature-weather_p3of3_world.png,pashto_26-nature-weather_p3of3_world.png,Pashto,speaksilq_pashto,Nature & Weather,26,nature-weather,world,3,3,10,champagne,#F7E7D0,#835616,yes,2026-08-23 01:00,2026-08-23,01:00,13,"English vs Pashto — Nature & Weather (part 3 of 3)
Forest = Dzangal · Tree = Wana · Flower = Gul
Learn Pashto and 20+ more at Speaksilq.com","Pastel vocabulary card titled ""English vs Pashto"", subtitle ""Nature & Weather"", listing 10 English words with their Pashto romanisations.",#SpeakSilq #LearnPashto #Pashto #LanguageLearning #Vocabulary #NatureWeather,speaksilq_pashto_graphics/26_nature-weather/076_natureweather_3.jpg
01_pashto/pashto_27-animals-birds_p1of2_world.png,pashto_27-animals-birds_p1of2_world.png,Pashto,speaksilq_pashto,Animals & Birds,27,animals-birds,world,1,2,13,champagne,#F7E7D0,#835616,yes,2026-09-02 01:00,2026-09-02,01:00,33,"English vs Pashto — Animals & Birds (part 1 of 2)
Animal = Dzaanwar · Dog = Spai · Cat = Pisho
Learn Pashto and 20+ more at Speaksilq.com","Pastel vocabulary card titled ""English vs Pashto"", subtitle ""Animals & Birds"", listing 13 English words with their Pashto romanisations.",#SpeakSilq #LearnPashto #Pashto #LanguageLearning #Vocabulary #AnimalsBirds,speaksilq_pashto_graphics/27_animals-birds/077_animalsbirds_1.jpg
01_pashto/pashto_27-animals-birds_p2of2_world.png,pashto_27-animals-birds_p2of2_world.png,Pashto,speaksilq_pashto,Animals & Birds,27,animals-birds,world,2,2,12,champagne,#F7E7D0,#835616,yes,2026-09-22 01:00,2026-09-22,01:00,73,"English vs Pashto — Animals & Birds (part 2 of 2)
Snake = Maar · Mouse = Mazhak · Rabbit = Soey
Learn Pashto and 20+ more at Speaksilq.com","Pastel vocabulary card titled ""English vs Pashto"", subtitle ""Animals & Birds"", listing 12 English words with their Pashto romanisations.",#SpeakSilq #LearnPashto #Pashto #LanguageLearning #Vocabulary #AnimalsBirds,speaksilq_pashto_graphics/27_animals-birds/078_animalsbirds_2.jpg
01_pashto/pashto_28-emergencies-safety_p1of2_world.png,pashto_28-emergencies-safety_p1of2_world.png,Pashto,speaksilq_pashto,Emergencies & Safety,28,emergencies-safety,world,1,2,13,champagne,#F7E7D0,#835616,yes,2026-09-12 01:00,2026-09-12,01:00,53,"English vs Pashto — Emergencies & Safety (part 1 of 2)
Help! = Mrasta! · Danger = Khatar · Emergency = Berani haalat
Learn Pashto and 20+ more at Speaksilq.com","Pastel vocabulary card titled ""English vs Pashto"", subtitle ""Emergencies & Safety"", listing 13 English words with their Pashto romanisations.",#SpeakSilq #LearnPashto #Pashto #LanguageLearning #Vocabulary #EmergenciesSafety,speaksilq_pashto_graphics/25_emergencies-safety/072_emergenciessafety_1.jpg
01_pashto/pashto_28-emergencies-safety_p2of2_world.png,pashto_28-emergencies-safety_p2of2_world.png,Pashto,speaksilq_pashto,Emergencies & Safety,28,emergencies-safety,world,2,2,12,peach,#FFE3C9,#994A00,yes,2026-09-30 13:00,2026-09-30,13:00,90,"English vs Pashto — Emergencies & Safety (part 2 of 2)
Witness = Shaahid · Lawyer = Wakil · Call the police = Polis ta zang wuwahay
Learn Pashto and 20+ more at Speaksilq.com","Pastel vocabulary card titled ""English vs Pashto"", subtitle ""Emergencies & Safety"", listing 12 English words with their Pashto romanisations.",#SpeakSilq #LearnPashto #Pashto #LanguageLearning #Vocabulary #EmergenciesSafety,speaksilq_pashto_graphics/25_emergencies-safety/073_emergenciessafety_2.jpg
01_pashto/pashto_29-common-verbs_p1of5_learn.png,pashto_29-common-verbs_p1of5_learn.png,Pashto,speaksilq_pashto,Common Verbs,29,common-verbs,learn,1,5,11,lavender,#E1D8F5,#3B1D7C,yes,2026-09-01 13:00,2026-09-01,13:00,32,"English vs Pashto — Common Verbs (part 1 of 5)
To be / become = Kedal · To do = Kawal · To go = Tlal
Learn Pashto and 20+ more at Speaksilq.com","Pastel vocabulary card titled ""English vs Pashto"", subtitle ""Common Verbs"", listing 11 English words with their Pashto romanisations.",#SpeakSilq #LearnPashto #Pashto #LanguageLearning #Vocabulary #CommonVerbs,speaksilq_pashto_graphics/speaksilq_pashto_graphics 2/07_common-verbs/019_commonverbs_1.jpg
01_pashto/pashto_29-common-verbs_p2of5_learn.png,pashto_29-common-verbs_p2of5_learn.png,Pashto,speaksilq_pashto,Common Verbs,29,common-verbs,learn,2,5,11,sage,#DCE7D5,#356317,yes,2026-10-01 01:00,2026-10-01,01:00,91,"English vs Pashto — Common Verbs (part 2 of 5)
To see = Lidal · To read = Lwastal · To write = Likal
Learn Pashto and 20+ more at Speaksilq.com","Pastel vocabulary card titled ""English vs Pashto"", subtitle ""Common Verbs"", listing 11 English words with their Pashto romanisations.",#SpeakSilq #LearnPashto #Pashto #LanguageLearning #Vocabulary #CommonVerbs,speaksilq_pashto_graphics/speaksilq_pashto_graphics 2/07_common-verbs/020_commonverbs_2.jpg
01_pashto/pashto_29-common-verbs_p3of5_learn.png,pashto_29-common-verbs_p3of5_learn.png,Pashto,speaksilq_pashto,Common Verbs,29,common-verbs,learn,3,5,11,blush,#FFD9E1,#990020,yes,2026-08-27 01:00,2026-08-27,01:00,21,"English vs Pashto — Common Verbs (part 3 of 5)
To buy = Perodal · To sell = Khartsawal · To work = Kaar kawal
Learn Pashto and 20+ more at Speaksilq.com","Pastel vocabulary card titled ""English vs Pashto"", subtitle ""Common Verbs"", listing 11 English words with their Pashto romanisations.",#SpeakSilq #LearnPashto #Pashto #LanguageLearning #Vocabulary #CommonVerbs,speaksilq_pashto_graphics/speaksilq_pashto_graphics 2/07_common-verbs/021_commonverbs_3.jpg
01_pashto/pashto_29-common-verbs_p4of5_learn.png,pashto_29-common-verbs_p4of5_learn.png,Pashto,speaksilq_pashto,Common Verbs,29,common-verbs,learn,4,5,11,sage,#DCE7D5,#356317,yes,2026-09-21 01:00,2026-09-21,01:00,71,"English vs Pashto — Common Verbs (part 4 of 5)
To finish = Khatmawal · To help = Mrasta kawal · To wait = Intizaar kawal
Learn Pashto and 20+ more at Speaksilq.com","Pastel vocabulary card titled ""English vs Pashto"", subtitle ""Common Verbs"", listing 11 English words with their Pashto romanisations.",#SpeakSilq #LearnPashto #Pashto #LanguageLearning #Vocabulary #CommonVerbs,speaksilq_pashto_graphics/speaksilq_pashto_graphics 2/07_common-verbs/022_commonverbs_4.jpg
01_pashto/pashto_29-common-verbs_p5of5_learn.png,pashto_29-common-verbs_p5of5_learn.png,Pashto,speaksilq_pashto,Common Verbs,29,common-verbs,learn,5,5,11,honeydew,#D9F2D0,#2F6B19,yes,2026-08-20 13:00,2026-08-20,13:00,8,"English vs Pashto — Common Verbs (part 5 of 5)
To like = Khwashedal · To bring = Raawral · To send = Lejal
Learn Pashto and 20+ more at Speaksilq.com","Pastel vocabulary card titled ""English vs Pashto"", subtitle ""Common Verbs"", listing 11 English words with their Pashto romanisations.",#SpeakSilq #LearnPashto #Pashto #LanguageLearning #Vocabulary #CommonVerbs,speaksilq_pashto_graphics/speaksilq_pashto_graphics 2/07_common-verbs/023_commonverbs_5.jpg
01_pashto/pashto_30-adjectives-opposites_p1of4_learn.png,pashto_30-adjectives-opposites_p1of4_learn.png,Pashto,speaksilq_pashto,Adjectives & Opposites,30,adjectives-opposites,learn,1,4,12,butter,#FFF2C2,#7A6000,yes,2026-09-25 01:00,2026-09-25,01:00,79,"English vs Pashto — Adjectives & Opposites (part 1 of 4)
Big = Loy · Small = Kuchnai · Long = Uzhd
Learn Pashto and 20+ more at Speaksilq.com","Pastel vocabulary card titled ""English vs Pashto"", subtitle ""Adjectives & Opposites"", listing 12 English words with their Pashto romanisations.",#SpeakSilq #LearnPashto #Pashto #LanguageLearning #Vocabulary #AdjectivesOpposites,speaksilq_pashto_graphics/speaksilq_pashto_graphics 2/09_adjectives-opposites/027_adjectivesopposites_1.jpg
01_pashto/pashto_30-adjectives-opposites_p2of4_learn.png,pashto_30-adjectives-opposites_p2of4_learn.png,Pashto,speaksilq_pashto,Adjectives & Opposites,30,adjectives-opposites,learn,2,4,11,aqua-mist,#CDECF2,#1B6574,yes,2026-09-05 13:00,2026-09-05,13:00,40,"English vs Pashto — Adjectives & Opposites (part 2 of 4)
Easy = Aasaan · Difficult = Sakht · Fast = Chatak
Learn Pashto and 20+ more at Speaksilq.com","Pastel vocabulary card titled ""English vs Pashto"", subtitle ""Adjectives & Opposites"", listing 11 English words with their Pashto romanisations.",#SpeakSilq #LearnPashto #Pashto #LanguageLearning #Vocabulary #AdjectivesOpposites,speaksilq_pashto_graphics/speaksilq_pashto_graphics 2/09_adjectives-opposites/028_adjectivesopposites_2.jpg
01_pashto/pashto_30-adjectives-opposites_p3of4_learn.png,pashto_30-adjectives-opposites_p3of4_learn.png,Pashto,speaksilq_pashto,Adjectives & Opposites,30,adjectives-opposites,learn,3,4,11,lavender,#E1D8F5,#3B1D7C,yes,2026-08-22 13:00,2026-08-22,13:00,12,"English vs Pashto — Adjectives & Opposites (part 3 of 4)
Light (in weight) = Spak · Strong = Zorwar · Weak = Kamzorai
Learn Pashto and 20+ more at Speaksilq.com","Pastel vocabulary card titled ""English vs Pashto"", subtitle ""Adjectives & Opposites"", listing 11 English words with their Pashto romanisations.",#SpeakSilq #LearnPashto #Pashto #LanguageLearning #Vocabulary #AdjectivesOpposites,speaksilq_pashto_graphics/speaksilq_pashto_graphics 2/09_adjectives-opposites/029_adjectivesopposites_3.jpg
01_pashto/pashto_30-adjectives-opposites_p4of4_learn.png,pashto_30-adjectives-opposites_p4of4_learn.png,Pashto,speaksilq_pashto,Adjectives & Opposites,30,adjectives-opposites,learn,4,4,11,mint,#C8F0DE,#196B46,yes,2026-09-12 13:00,2026-09-12,13:00,54,"English vs Pashto — Adjectives & Opposites (part 4 of 4)
Expensive = Graan · Cheap = Aarzaan · Delicious = Khwandwar
Learn Pashto and 20+ more at Speaksilq.com","Pastel vocabulary card titled ""English vs Pashto"", subtitle ""Adjectives & Opposites"", listing 11 English words with their Pashto romanisations.",#SpeakSilq #LearnPashto #Pashto #LanguageLearning #Vocabulary #AdjectivesOpposites,speaksilq_pashto_graphics/speaksilq_pashto_graphics 2/09_adjectives-opposites/030_adjectivesopposites_4.jpg
01_pashto/pashto_31-work-professions_p1of2_learn.png,pashto_31-work-professions_p1of2_learn.png,Pashto,speaksilq_pashto,Work & Professions,31,work-professions,learn,1,2,13,blush,#FFD9E1,#990020,yes,2026-09-16 01:00,2026-09-16,01:00,61,"English vs Pashto — Work & Professions (part 1 of 2)
Work / job = Kaar · Profession = Kasab · Employee = Karmand
Learn Pashto and 20+ more at Speaksilq.com","Pastel vocabulary card titled ""English vs Pashto"", subtitle ""Work & Professions"", listing 13 English words with their Pashto romanisations.",#SpeakSilq #LearnPashto #Pashto #LanguageLearning #Vocabulary #WorkProfessions,speaksilq_pashto_graphics/28_work-professions/079_workprofessions_1.jpg
01_pashto/pashto_31-work-professions_p2of2_learn.png,pashto_31-work-professions_p2of2_learn.png,Pashto,speaksilq_pashto,Work & Professions,31,work-professions,learn,2,2,12,powder-blue,#D5E4F7,#184681,yes,2026-09-28 13:00,2026-09-28,13:00,86,"English vs Pashto — Work & Professions (part 2 of 2)
Carpenter = Najaar · Blacksmith = Aahangar · Labourer = Mazdur
Learn Pashto and 20+ more at Speaksilq.com","Pastel vocabulary card titled ""English vs Pashto"", subtitle ""Work & Professions"", listing 12 English words with their Pashto romanisations.",#SpeakSilq #LearnPashto #Pashto #LanguageLearning #Vocabulary #WorkProfessions,speaksilq_pashto_graphics/28_work-professions/080_workprofessions_2.jpg
01_pashto/pashto_32-education-school_p1of2_learn.png,pashto_32-education-school_p1of2_learn.png,Pashto,speaksilq_pashto,Education & School,32,education-school,learn,1,2,13,periwinkle,#D9DDF7,#1B287E,yes,2026-09-10 01:00,2026-09-10,01:00,49,"English vs Pashto — Education & School (part 1 of 2)
Education = Zda kra · Book = Kitaab · Notebook = Kitaabcha
Learn Pashto and 20+ more at Speaksilq.com","Pastel vocabulary card titled ""English vs Pashto"", subtitle ""Education & School"", listing 13 English words with their Pashto romanisations.",#SpeakSilq #LearnPashto #Pashto #LanguageLearning #Vocabulary #EducationSchool,speaksilq_pashto_graphics/29_education-school/081_educationschool_1.jpg
01_pashto/pashto_32-education-school_p2of2_learn.png,pashto_32-education-school_p2of2_learn.png,Pashto,speaksilq_pashto,Education & School,32,education-school,learn,2,2,12,honeydew,#D9F2D0,#2F6B19,yes,2026-09-19 13:00,2026-09-19,13:00,68,"English vs Pashto — Education & School (part 2 of 2)
Answer = Dzwaab · Language = Jhaba (da khabaro) · Word = Kalama
Learn Pashto and 20+ more at Speaksilq.com","Pastel vocabulary card titled ""English vs Pashto"", subtitle ""Education & School"", listing 12 English words with their Pashto romanisations.",#SpeakSilq #LearnPashto #Pashto #LanguageLearning #Vocabulary #EducationSchool,speaksilq_pashto_graphics/29_education-school/082_educationschool_2.jpg
01_pashto/pashto_33-technology-communication_p1of2_learn.png,pashto_33-technology-communication_p1of2_learn.png,Pashto,speaksilq_pashto,Technology & Communication,33,technology-communication,learn,1,2,13,sky,#CFE6F7,#165583,yes,2026-08-28 01:00,2026-08-28,01:00,23,"English vs Pashto — Technology & Communication (part 1 of 2)
Phone = Telefun · Mobile phone = Mobaayl · Computer = Kampyutar
Learn Pashto and 20+ more at Speaksilq.com","Pastel vocabulary card titled ""English vs Pashto"", subtitle ""Technology & Communication"", listing 13 English words with their Pashto romanisations.",#SpeakSilq #LearnPashto #Pashto #LanguageLearning #Vocabulary #TechnologyCommunication,speaksilq_pashto_graphics/30_technology-communication/083_technologycommunication_1.jpg
01_pashto/pashto_33-technology-communication_p2of2_learn.png,pashto_33-technology-communication_p2of2_learn.png,Pashto,speaksilq_pashto,Technology & Communication,33,technology-communication,learn,2,2,12,lemon-ice,#F4F1C4,#676213,yes,2026-09-06 13:00,2026-09-06,13:00,42,"English vs Pashto — Technology & Communication (part 2 of 2)
Video = Widyo · Application = Apleekayshan · Website = Waybpaana
Learn Pashto and 20+ more at Speaksilq.com","Pastel vocabulary card titled ""English vs Pashto"", subtitle ""Technology & Communication"", listing 12 English words with their Pashto romanisations.",#SpeakSilq #LearnPashto #Pashto #LanguageLearning #Vocabulary #TechnologyCommunication,speaksilq_pashto_graphics/30_technology-communication/084_technologycommunication_2.jpg
01_pashto/pashto_34-sports-leisure_p1of2_learn.png,pashto_34-sports-leisure_p1of2_learn.png,Pashto,speaksilq_pashto,Sports & Leisure,34,sports-leisure,learn,1,2,10,rose-quartz,#F7D6D0,#832716,yes,2026-08-18 13:00,2026-08-18,13:00,4,"English vs Pashto — Sports & Leisure (part 1 of 2)
Game / sport = Loba · Football = Futbaal · Cricket = Kriket
Learn Pashto and 20+ more at Speaksilq.com","Pastel vocabulary card titled ""English vs Pashto"", subtitle ""Sports & Leisure"", listing 10 English words with their Pashto romanisations.",#SpeakSilq #LearnPashto #Pashto #LanguageLearning #Vocabulary #SportsLeisure,speaksilq_pashto_graphics/31_sports-leisure/085_sportsleisure_1.jpg
01_pashto/pashto_34-sports-leisure_p2of2_learn.png,pashto_34-sports-leisure_p2of2_learn.png,Pashto,speaksilq_pashto,Sports & Leisure,34,sports-leisure,learn,2,2,10,lilac,#EDD9F3,#661D7C,yes,2026-08-24 01:00,2026-08-24,01:00,15,"English vs Pashto — Sports & Leisure (part 2 of 2)
Victory = Bariyaalitob · Defeat = Maate · Swimming = Laambo wahal
Learn Pashto and 20+ more at Speaksilq.com","Pastel vocabulary card titled ""English vs Pashto"", subtitle ""Sports & Leisure"", listing 10 English words with their Pashto romanisations.",#SpeakSilq #LearnPashto #Pashto #LanguageLearning #Vocabulary #SportsLeisure,speaksilq_pashto_graphics/31_sports-leisure/086_sportsleisure_2.jpg
01_pashto/pashto_35-religion-culture_p1of2_learn.png,pashto_35-religion-culture_p1of2_learn.png,Pashto,speaksilq_pashto,Religion & Culture,35,religion-culture,learn,1,2,10,coral-mist,#FFDCCB,#993200,yes,2026-08-30 01:00,2026-08-30,01:00,27,"English vs Pashto — Religion & Culture (part 1 of 2)
Religion = Din · God = Khudaay · Prayer (salah) = Lmundz
Learn Pashto and 20+ more at Speaksilq.com","Pastel vocabulary card titled ""English vs Pashto"", subtitle ""Religion & Culture"", listing 10 English words with their Pashto romanisations.",#SpeakSilq #LearnPashto #Pashto #LanguageLearning #Vocabulary #ReligionCulture,speaksilq_pashto_graphics/32_religion-culture/087_religionculture_1.jpg
01_pashto/pashto_35-religion-culture_p2of2_learn.png,pashto_35-religion-culture_p2of2_learn.png,Pashto,speaksilq_pashto,Religion & Culture,35,religion-culture,learn,2,2,10,orchid,#F7D9EE,#7E1B60,yes,2026-09-14 13:00,2026-09-14,13:00,58,"English vs Pashto — Religion & Culture (part 2 of 2)
Blessing = Barakat · Sin = Gunaah · Good deed = Sawaab
Learn Pashto and 20+ more at Speaksilq.com","Pastel vocabulary card titled ""English vs Pashto"", subtitle ""Religion & Culture"", listing 10 English words with their Pashto romanisations.",#SpeakSilq #LearnPashto #Pashto #LanguageLearning #Vocabulary #ReligionCulture,speaksilq_pashto_graphics/32_religion-culture/088_religionculture_2.jpg
02_farsi/farsi_01-greetings-courtesy_p1of5_social.png,farsi_01-greetings-courtesy_p1of5_social.png,Farsi,speaksilq_farsi,Greetings & Politeness,01,greetings-courtesy,social,1,5,11,sage,#DCE7D5,#356317,no,2026-08-22 01:00,2026-08-22,01:00,11,"English vs Farsi — Greetings & Politeness (part 1 of 5)
Hello = salâm · Peace be upon you = salâmon alaykom · Good morning = sobh bekheyr
Learn Farsi and 20+ more at Speaksilq.com","Pastel vocabulary card titled ""English vs Farsi"", subtitle ""Greetings & Politeness"", listing 11 English words with their Farsi romanisations.",#SpeakSilq #LearnFarsi #Farsi #LanguageLearning #Vocabulary #GreetingsCourtesy,english-vs-farsi-cards-part1-of-2/001_greetings---politeness_1.png
02_farsi/farsi_01-greetings-courtesy_p2of5_social.png,farsi_01-greetings-courtesy_p2of5_social.png,Farsi,speaksilq_farsi,Greetings & Politeness,01,greetings-courtesy,social,2,5,11,pistachio,#E4F0C4,#556B19,no,2026-10-08 01:00,2026-10-08,01:00,105,"English vs Farsi — Greetings & Politeness (part 2 of 5)
Welcome (informal) = khosh umadi · How are you? (informal) = chetori? · How are you? (formal) = hâl-e shomâ chetor ast?
Learn Farsi and 20+ more at Speaksilq.com","Pastel vocabulary card titled ""English vs Farsi"", subtitle ""Greetings & Politeness"", listing 11 English words with their Farsi romanisations.",#SpeakSilq #LearnFarsi #Farsi #LanguageLearning #Vocabulary #GreetingsCourtesy,english-vs-farsi-cards-part1-of-2/002_greetings---politeness_2.png
02_farsi/farsi_01-greetings-courtesy_p3of5_social.png,farsi_01-greetings-courtesy_p3of5_social.png,Farsi,speaksilq_farsi,Greetings & Politeness,01,greetings-courtesy,social,3,5,11,sand,#EEE4D4,#7C571D,no,2026-09-03 13:00,2026-09-03,13:00,36,"English vs Farsi — Greetings & Politeness (part 3 of 5)
Don't mention it = qâbeli nadârad · No problem = moshkeli nist · Excuse me = bebakhshid
Learn Farsi and 20+ more at Speaksilq.com","Pastel vocabulary card titled ""English vs Farsi"", subtitle ""Greetings & Politeness"", listing 11 English words with their Farsi romanisations.",#SpeakSilq #LearnFarsi #Farsi #LanguageLearning #Vocabulary #GreetingsCourtesy,english-vs-farsi-cards-part1-of-2/003_greetings---politeness_3.png
02_farsi/farsi_01-greetings-courtesy_p4of5_social.png,farsi_01-greetings-courtesy_p4of5_social.png,Farsi,speaksilq_farsi,Greetings & Politeness,01,greetings-courtesy,social,4,5,11,butter,#FFF2C2,#7A6000,no,2026-09-25 01:00,2026-09-25,01:00,79,"English vs Farsi — Greetings & Politeness (part 4 of 5)
Of course = albatte · Okay = bâshe · Congratulations = tabrik miguyam
Learn Farsi and 20+ more at Speaksilq.com","Pastel vocabulary card titled ""English vs Farsi"", subtitle ""Greetings & Politeness"", listing 11 English words with their Farsi romanisations.",#SpeakSilq #LearnFarsi #Farsi #LanguageLearning #Vocabulary #GreetingsCourtesy,english-vs-farsi-cards-part1-of-2/004_greetings---politeness_4.png
02_farsi/farsi_01-greetings-courtesy_p5of5_social.png,farsi_01-greetings-courtesy_p5of5_social.png,Farsi,speaksilq_farsi,Greetings & Politeness,01,greetings-courtesy,social,5,5,11,champagne,#F7E7D0,#835616,no,2026-09-12 01:00,2026-09-12,01:00,53,"English vs Farsi — Greetings & Politeness (part 5 of 5)
Nothing much = khabari nist · Take care = movâzeb-e khodet bâsh · Bless you (after a sneeze) = âfiyat bâshad
Learn Farsi and 20+ more at Speaksilq.com","Pastel vocabulary card titled ""English vs Farsi"", subtitle ""Greetings & Politeness"", listing 11 English words with their Farsi romanisations.",#SpeakSilq #LearnFarsi #Farsi #LanguageLearning #Vocabulary #GreetingsCourtesy,english-vs-farsi-cards-part1-of-2/005_greetings---politeness_5.png
02_farsi/farsi_02-everyday-phrases_p1of7_social.png,farsi_02-everyday-phrases_p1of7_social.png,Farsi,speaksilq_farsi,Everyday Phrases,02,everyday-phrases,social,1,7,12,sky,#CFE6F7,#165583,no,2026-08-18 01:00,2026-08-18,01:00,3,"English vs Farsi — Everyday Phrases (part 1 of 7)
What is your name? = esm-e shomâ chist? · My name is ... = esm-e man ... ast · Where are you from? = ahl-e kojâ hastid?
Learn Farsi and 20+ more at Speaksilq.com","Pastel vocabulary card titled ""English vs Farsi"", subtitle ""Everyday Phrases"", listing 12 English words with their Farsi romanisations.",#SpeakSilq #LearnFarsi #Farsi #LanguageLearning #Vocabulary #EverydayPhrases,english-vs-farsi-cards-part1-of-2/006_everyday-phrases_1.png
02_farsi/farsi_02-everyday-phrases_p2of7_social.png,farsi_02-everyday-phrases_p2of7_social.png,Farsi,speaksilq_farsi,Everyday Phrases,02,everyday-phrases,social,2,7,12,lilac,#EDD9F3,#661D7C,no,2026-10-13 01:00,2026-10-13,01:00,115,"English vs Farsi — Everyday Phrases (part 2 of 7)
I don't know = nemidânam · I know = midânam · How much is this? = in chand ast?
Learn Farsi and 20+ more at Speaksilq.com","Pastel vocabulary card titled ""English vs Farsi"", subtitle ""Everyday Phrases"", listing 12 English words with their Farsi romanisations.",#SpeakSilq #LearnFarsi #Farsi #LanguageLearning #Vocabulary #EverydayPhrases,english-vs-farsi-cards-part1-of-2/007_everyday-phrases_2.png
02_farsi/farsi_02-everyday-phrases_p3of7_social.png,farsi_02-everyday-phrases_p3of7_social.png,Farsi,speaksilq_farsi,Everyday Phrases,02,everyday-phrases,social,3,7,12,sand,#EEE4D4,#7C571D,no,2026-09-13 13:00,2026-09-13,13:00,56,"English vs Farsi — Everyday Phrases (part 3 of 7)
I'm thirsty = teshne hastam · I'm tired = khaste hastam · I'm sick = mariz hastam
Learn Farsi and 20+ more at Speaksilq.com","Pastel vocabulary card titled ""English vs Farsi"", subtitle ""Everyday Phrases"", listing 12 English words with their Farsi romanisations.",#SpeakSilq #LearnFarsi #Farsi #LanguageLearning #Vocabulary #EverydayPhrases,english-vs-farsi-cards-part1-of-2/008_everyday-phrases_3.png
02_farsi/farsi_02-everyday-phrases_p4of7_social.png,farsi_02-everyday-phrases_p4of7_social.png,Farsi,speaksilq_farsi,Everyday Phrases,02,everyday-phrases,social,4,7,12,lilac,#EDD9F3,#661D7C,no,2026-08-24 01:00,2026-08-24,01:00,15,"English vs Farsi — Everyday Phrases (part 4 of 7)
Come here = biâ injâ · Please sit down = lotfan beneshinid · I agree = movâfeqam
Learn Farsi and 20+ more at Speaksilq.com","Pastel vocabulary card titled ""English vs Farsi"", subtitle ""Everyday Phrases"", listing 12 English words with their Farsi romanisations.",#SpeakSilq #LearnFarsi #Farsi #LanguageLearning #Vocabulary #EverydayPhrases,english-vs-farsi-cards-part1-of-2/009_everyday-phrases_4.png
02_farsi/farsi_02-everyday-phrases_p5of7_social.png,farsi_02-everyday-phrases_p5of7_social.png,Farsi,speaksilq_farsi,Everyday Phrases,02,everyday-phrases,social,5,7,12,rose-quartz,#F7D6D0,#832716,no,2026-09-07 13:00,2026-09-07,13:00,44,"English vs Farsi — Everyday Phrases (part 5 of 7)
I miss you = delam barâyat tang shode · What happened? = che ettefâqi oftâd? · What's wrong? = che shode ast?
Learn Farsi and 20+ more at Speaksilq.com","Pastel vocabulary card titled ""English vs Farsi"", subtitle ""Everyday Phrases"", listing 12 English words with their Farsi romanisations.",#SpeakSilq #LearnFarsi #Farsi #LanguageLearning #Vocabulary #EverydayPhrases,english-vs-farsi-cards-part1-of-2/010_everyday-phrases_5.png
02_farsi/farsi_02-everyday-phrases_p6of7_social.png,farsi_02-everyday-phrases_p6of7_social.png,Farsi,speaksilq_farsi,Everyday Phrases,02,everyday-phrases,social,6,7,11,periwinkle,#D9DDF7,#1B287E,no,2026-08-31 01:00,2026-08-31,01:00,29,"English vs Farsi — Everyday Phrases (part 6 of 7)
I'm ready = âmâde'am · Not yet = hanuz na · Again = dobâre
Learn Farsi and 20+ more at Speaksilq.com","Pastel vocabulary card titled ""English vs Farsi"", subtitle ""Everyday Phrases"", listing 11 English words with their Farsi romanisations.",#SpeakSilq #LearnFarsi #Farsi #LanguageLearning #Vocabulary #EverydayPhrases,english-vs-farsi-cards-part1-of-2/011_everyday-phrases_6.png
02_farsi/farsi_02-everyday-phrases_p7of7_social.png,farsi_02-everyday-phrases_p7of7_social.png,Farsi,speaksilq_farsi,Everyday Phrases,02,everyday-phrases,social,7,7,11,lilac,#EDD9F3,#661D7C,no,2026-09-23 01:00,2026-09-23,01:00,75,"English vs Farsi — Everyday Phrases (part 7 of 7)
I am single = mojarrad hastam · Do you have children? = bachche dârid? · Where do you live? = kojâ zendegi mikonid?
Learn Farsi and 20+ more at Speaksilq.com","Pastel vocabulary card titled ""English vs Farsi"", subtitle ""Everyday Phrases"", listing 11 English words with their Farsi romanisations.",#SpeakSilq #LearnFarsi #Farsi #LanguageLearning #Vocabulary #EverydayPhrases,english-vs-farsi-cards-part1-of-2/012_everyday-phrases_7.png
02_farsi/farsi_03-question-words_p1of2_social.png,farsi_03-question-words_p1of2_social.png,Farsi,speaksilq_farsi,Question Words,03,question-words,social,1,2,10,powder-blue,#D5E4F7,#184681,no,2026-09-28 13:00,2026-09-28,13:00,86,"English vs Farsi — Question Words (part 1 of 2)
What = che · What (thing) = chi · Who = ki
Learn Farsi and 20+ more at Speaksilq.com","Pastel vocabulary card titled ""English vs Farsi"", subtitle ""Question Words"", listing 10 English words with their Farsi romanisations.",#SpeakSilq #LearnFarsi #Farsi #LanguageLearning #Vocabulary #QuestionWords,english-vs-farsi-cards-part1-of-2/013_question-words_1.png
02_farsi/farsi_03-question-words_p2of2_social.png,farsi_03-question-words_p2of2_social.png,Farsi,speaksilq_farsi,Question Words,03,question-words,social,2,2,10,blush,#FFD9E1,#990020,no,2026-10-06 01:00,2026-10-06,01:00,101,"English vs Farsi — Question Words (part 2 of 2)
Which = kodâm · How much = cheqadr · How many = chand tâ
Learn Farsi and 20+ more at Speaksilq.com","Pastel vocabulary card titled ""English vs Farsi"", subtitle ""Question Words"", listing 10 English words with their Farsi romanisations.",#SpeakSilq #LearnFarsi #Farsi #LanguageLearning #Vocabulary #QuestionWords,english-vs-farsi-cards-part1-of-2/014_question-words_2.png
02_farsi/farsi_04-people-pronouns_p1of3_social.png,farsi_04-people-pronouns_p1of3_social.png,Farsi,speaksilq_farsi,Pronouns & Demonstratives,04,people-pronouns,social,1,3,10,coral-mist,#FFDCCB,#993200,no,2026-08-20 01:00,2026-08-20,01:00,7,"English vs Farsi — Pronouns & Demonstratives (part 1 of 3)
I = man · You (singular) = to · He / She = u
Learn Farsi and 20+ more at Speaksilq.com","Pastel vocabulary card titled ""English vs Farsi"", subtitle ""Pronouns & Demonstratives"", listing 10 English words with their Farsi romanisations.",#SpeakSilq #LearnFarsi #Farsi #LanguageLearning #Vocabulary #PeoplePronouns,english-vs-farsi-cards-part1-of-2/015_pronouns---demonstratives_1.png
02_farsi/farsi_04-people-pronouns_p2of3_social.png,farsi_04-people-pronouns_p2of3_social.png,Farsi,speaksilq_farsi,Pronouns & Demonstratives,04,people-pronouns,social,2,3,10,rose-quartz,#F7D6D0,#832716,no,2026-09-17 13:00,2026-09-17,13:00,64,"English vs Farsi — Pronouns & Demonstratives (part 2 of 3)
Yourself = khodet · Himself / herself = khodash · Ourselves = khodemân
Learn Farsi and 20+ more at Speaksilq.com","Pastel vocabulary card titled ""English vs Farsi"", subtitle ""Pronouns & Demonstratives"", listing 10 English words with their Farsi romanisations.",#SpeakSilq #LearnFarsi #Farsi #LanguageLearning #Vocabulary #PeoplePronouns,english-vs-farsi-cards-part1-of-2/016_pronouns---demonstratives_2.png
02_farsi/farsi_04-people-pronouns_p3of3_social.png,farsi_04-people-pronouns_p3of3_social.png,Farsi,speaksilq_farsi,Pronouns & Demonstratives,04,people-pronouns,social,3,3,10,sage,#DCE7D5,#356317,no,2026-10-01 01:00,2026-10-01,01:00,91,"English vs Farsi — Pronouns & Demonstratives (part 3 of 3)
Everyone = hame · Someone = kasi · No one = hichkas
Learn Farsi and 20+ more at Speaksilq.com","Pastel vocabulary card titled ""English vs Farsi"", subtitle ""Pronouns & Demonstratives"", listing 10 English words with their Farsi romanisations.",#SpeakSilq #LearnFarsi #Farsi #LanguageLearning #Vocabulary #PeoplePronouns,english-vs-farsi-cards-part1-of-2/017_pronouns---demonstratives_3.png
02_farsi/farsi_05-connectors-prepositions_p1of4_social.png,farsi_05-connectors-prepositions_p1of4_social.png,Farsi,speaksilq_farsi,Connectors & Prepositions,05,connectors-prepositions,social,1,4,12,honeydew,#D9F2D0,#2F6B19,no,2026-09-19 13:00,2026-09-19,13:00,68,"English vs Farsi — Connectors & Prepositions (part 1 of 4)
And = va · Or = yâ · But = ammâ
Learn Farsi and 20+ more at Speaksilq.com","Pastel vocabulary card titled ""English vs Farsi"", subtitle ""Connectors & Prepositions"", listing 12 English words with their Farsi romanisations.",#SpeakSilq #LearnFarsi #Farsi #LanguageLearning #Vocabulary #ConnectorsPrepositions,english-vs-farsi-cards-part1-of-2/018_connectors---prepositions_1.png
02_farsi/farsi_05-connectors-prepositions_p2of4_social.png,farsi_05-connectors-prepositions_p2of4_social.png,Farsi,speaksilq_farsi,Connectors & Prepositions,05,connectors-prepositions,social,2,4,12,blush,#FFD9E1,#990020,no,2026-08-27 01:00,2026-08-27,01:00,21,"English vs Farsi — Connectors & Prepositions (part 2 of 4)
Even = hattâ · Although = agarche · However = bâ in hâl
Learn Farsi and 20+ more at Speaksilq.com","Pastel vocabulary card titled ""English vs Farsi"", subtitle ""Connectors & Prepositions"", listing 12 English words with their Farsi romanisations.",#SpeakSilq #LearnFarsi #Farsi #LanguageLearning #Vocabulary #ConnectorsPrepositions,english-vs-farsi-cards-part1-of-2/019_connectors---prepositions_2.png
02_farsi/farsi_05-connectors-prepositions_p3of4_social.png,farsi_05-connectors-prepositions_p3of4_social.png,Farsi,speaksilq_farsi,Connectors & Prepositions,05,connectors-prepositions,social,3,4,12,peach,#FFE3C9,#994A00,no,2026-09-10 13:00,2026-09-10,13:00,50,"English vs Farsi — Connectors & Prepositions (part 3 of 4)
Before = qabl az · During = dar tul-e · Between = beyn
Learn Farsi and 20+ more at Speaksilq.com","Pastel vocabulary card titled ""English vs Farsi"", subtitle ""Connectors & Prepositions"", listing 12 English words with their Farsi romanisations.",#SpeakSilq #LearnFarsi #Farsi #LanguageLearning #Vocabulary #ConnectorsPrepositions,english-vs-farsi-cards-part1-of-2/020_connectors---prepositions_3.png
02_farsi/farsi_05-connectors-prepositions_p4of4_social.png,farsi_05-connectors-prepositions_p4of4_social.png,Farsi,speaksilq_farsi,Connectors & Prepositions,05,connectors-prepositions,social,4,4,12,seafoam,#C6EFE8,#196B5D,no,2026-10-04 01:00,2026-10-04,01:00,97,"English vs Farsi — Connectors & Prepositions (part 4 of 4)
Above = bâlâye · Below = pâyin · Toward = be suye
Learn Farsi and 20+ more at Speaksilq.com","Pastel vocabulary card titled ""English vs Farsi"", subtitle ""Connectors & Prepositions"", listing 12 English words with their Farsi romanisations.",#SpeakSilq #LearnFarsi #Farsi #LanguageLearning #Vocabulary #ConnectorsPrepositions,english-vs-farsi-cards-part1-of-2/021_connectors---prepositions_4.png
02_farsi/farsi_06-numbers_p1of5_time.png,farsi_06-numbers_p1of5_time.png,Farsi,speaksilq_farsi,Numbers,06,numbers,time,1,5,11,rose-quartz,#F7D6D0,#832716,no,2026-10-07 13:00,2026-10-07,13:00,104,"English vs Farsi — Numbers (part 1 of 5)
Zero = sefr · One = yek · Two = do
Learn Farsi and 20+ more at Speaksilq.com","Pastel vocabulary card titled ""English vs Farsi"", subtitle ""Numbers"", listing 11 English words with their Farsi romanisations.",#SpeakSilq #LearnFarsi #Farsi #LanguageLearning #Vocabulary #Numbers,english-vs-farsi-cards-part1-of-2/022_numbers_1.png
02_farsi/farsi_06-numbers_p2of5_time.png,farsi_06-numbers_p2of5_time.png,Farsi,speaksilq_farsi,Numbers,06,numbers,time,2,5,11,powder-blue,#D5E4F7,#184681,no,2026-09-08 13:00,2026-09-08,13:00,46,"English vs Farsi — Numbers (part 2 of 5)
Eleven = yâzdah · Twelve = davâzdah · Thirteen = sizdah
Learn Farsi and 20+ more at Speaksilq.com","Pastel vocabulary card titled ""English vs Farsi"", subtitle ""Numbers"", listing 11 English words with their Farsi romanisations.",#SpeakSilq #LearnFarsi #Farsi #LanguageLearning #Vocabulary #Numbers,english-vs-farsi-cards-part1-of-2/023_numbers_2.png
02_farsi/farsi_06-numbers_p3of5_time.png,farsi_06-numbers_p3of5_time.png,Farsi,speaksilq_farsi,Numbers,06,numbers,time,3,5,11,periwinkle,#D9DDF7,#1B287E,no,2026-09-30 01:00,2026-09-30,01:00,89,"English vs Farsi — Numbers (part 3 of 5)
Thirty = si · Forty = chehel · Fifty = panjâh
Learn Farsi and 20+ more at Speaksilq.com","Pastel vocabulary card titled ""English vs Farsi"", subtitle ""Numbers"", listing 11 English words with their Farsi romanisations.",#SpeakSilq #LearnFarsi #Farsi #LanguageLearning #Vocabulary #Numbers,english-vs-farsi-cards-part1-of-2/024_numbers_3.png
02_farsi/farsi_06-numbers_p4of5_time.png,farsi_06-numbers_p4of5_time.png,Farsi,speaksilq_farsi,Numbers,06,numbers,time,4,5,10,seafoam,#C6EFE8,#196B5D,no,2026-08-25 01:00,2026-08-25,01:00,17,"English vs Farsi — Numbers (part 4 of 5)
Ten thousand = dah hezâr · One million = yek milyun · Billion = milyârd
Learn Farsi and 20+ more at Speaksilq.com","Pastel vocabulary card titled ""English vs Farsi"", subtitle ""Numbers"", listing 10 English words with their Farsi romanisations.",#SpeakSilq #LearnFarsi #Farsi #LanguageLearning #Vocabulary #Numbers,english-vs-farsi-cards-part1-of-2/025_numbers_4.png
02_farsi/farsi_06-numbers_p5of5_time.png,farsi_06-numbers_p5of5_time.png,Farsi,speaksilq_farsi,Numbers,06,numbers,time,5,5,10,peach,#FFE3C9,#994A00,no,2026-08-31 13:00,2026-08-31,13:00,30,"English vs Farsi — Numbers (part 5 of 5)
Fifth = panjom · Last = âkhar · Number (digit) = adad
Learn Farsi and 20+ more at Speaksilq.com","Pastel vocabulary card titled ""English vs Farsi"", subtitle ""Numbers"", listing 10 English words with their Farsi romanisations.",#SpeakSilq #LearnFarsi #Farsi #LanguageLearning #Vocabulary #Numbers,english-vs-farsi-cards-part1-of-2/026_numbers_5.png
02_farsi/farsi_07-time-frequency_p1of6_time.png,farsi_07-time-frequency_p1of6_time.png,Farsi,speaksilq_farsi,Time & Calendar,07,time-frequency,time,1,6,11,lemon-ice,#F4F1C4,#676213,no,2026-09-26 13:00,2026-09-26,13:00,82,"English vs Farsi — Time & Calendar (part 1 of 6)
Time = zamân · Hour / clock = sâ'at · Minute = daqiqe
Learn Farsi and 20+ more at Speaksilq.com","Pastel vocabulary card titled ""English vs Farsi"", subtitle ""Time & Calendar"", listing 11 English words with their Farsi romanisations.",#SpeakSilq #LearnFarsi #Farsi #LanguageLearning #Vocabulary #TimeFrequency,english-vs-farsi-cards-part1-of-2/027_time---calendar_1.png
02_farsi/farsi_07-time-frequency_p2of6_time.png,farsi_07-time-frequency_p2of6_time.png,Farsi,speaksilq_farsi,Time & Calendar,07,time-frequency,time,2,6,11,rose-quartz,#F7D6D0,#832716,no,2026-08-28 13:00,2026-08-28,13:00,24,"English vs Farsi — Time & Calendar (part 2 of 6)
Today = emruz · Tomorrow = fardâ · Yesterday = diruz
Learn Farsi and 20+ more at Speaksilq.com","Pastel vocabulary card titled ""English vs Farsi"", subtitle ""Time & Calendar"", listing 11 English words with their Farsi romanisations.",#SpeakSilq #LearnFarsi #Farsi #LanguageLearning #Vocabulary #TimeFrequency,english-vs-farsi-cards-part1-of-2/028_time---calendar_2.png
02_farsi/farsi_07-time-frequency_p3of6_time.png,farsi_07-time-frequency_p3of6_time.png,Farsi,speaksilq_farsi,Time & Calendar,07,time-frequency,time,3,6,11,peach,#FFE3C9,#994A00,no,2026-09-20 13:00,2026-09-20,13:00,70,"English vs Farsi — Time & Calendar (part 3 of 6)
Summer = tâbestân · Autumn = pâyiz · Winter = zemestân
Learn Farsi and 20+ more at Speaksilq.com","Pastel vocabulary card titled ""English vs Farsi"", subtitle ""Time & Calendar"", listing 11 English words with their Farsi romanisations.",#SpeakSilq #LearnFarsi #Farsi #LanguageLearning #Vocabulary #TimeFrequency,english-vs-farsi-cards-part1-of-2/029_time---calendar_3.png
02_farsi/farsi_07-time-frequency_p4of6_time.png,farsi_07-time-frequency_p4of6_time.png,Farsi,speaksilq_farsi,Time & Calendar,07,time-frequency,time,4,6,11,sand,#EEE4D4,#7C571D,no,2026-10-13 13:00,2026-10-13,13:00,116,"English vs Farsi — Time & Calendar (part 4 of 6)
Holiday = ta'tilât · Birthday = tavallod · Persian New Year = nowruz
Learn Farsi and 20+ more at Speaksilq.com","Pastel vocabulary card titled ""English vs Farsi"", subtitle ""Time & Calendar"", listing 11 English words with their Farsi romanisations.",#SpeakSilq #LearnFarsi #Farsi #LanguageLearning #Vocabulary #TimeFrequency,english-vs-farsi-cards-part1-of-2/030_time---calendar_4.png
02_farsi/farsi_07-time-frequency_p5of6_time.png,farsi_07-time-frequency_p5of6_time.png,Farsi,speaksilq_farsi,Time & Calendar,07,time-frequency,time,5,6,11,mint,#C8F0DE,#196B46,no,2026-09-12 13:00,2026-09-12,13:00,54,"English vs Farsi — Time & Calendar (part 5 of 6)
Never = hargez · Sometimes = gâhi · Often = aghlab
Learn Farsi and 20+ more at Speaksilq.com","Pastel vocabulary card titled ""English vs Farsi"", subtitle ""Time & Calendar"", listing 11 English words with their Farsi romanisations.",#SpeakSilq #LearnFarsi #Farsi #LanguageLearning #Vocabulary #TimeFrequency,english-vs-farsi-cards-part1-of-2/031_time---calendar_5.png
02_farsi/farsi_07-time-frequency_p6of6_time.png,farsi_07-time-frequency_p6of6_time.png,Farsi,speaksilq_farsi,Time & Calendar,07,time-frequency,time,6,6,10,aqua-mist,#CDECF2,#1B6574,no,2026-09-05 13:00,2026-09-05,13:00,40,"English vs Farsi — Time & Calendar (part 6 of 6)
Next year = sâl-e âyande · The past = gozashte · The future = âyande
Learn Farsi and 20+ more at Speaksilq.com","Pastel vocabulary card titled ""English vs Farsi"", subtitle ""Time & Calendar"", listing 10 English words with their Farsi romanisations.",#SpeakSilq #LearnFarsi #Farsi #LanguageLearning #Vocabulary #TimeFrequency,english-vs-farsi-cards-part1-of-2/032_time---calendar_6.png
02_farsi/farsi_10-family-relationships_p1of5_people.png,farsi_10-family-relationships_p1of5_people.png,Farsi,speaksilq_farsi,Family & People,10,family-relationships,people,1,5,11,aqua-mist,#CDECF2,#1B6574,no,2026-08-26 13:00,2026-08-26,13:00,20,"English vs Farsi — Family & People (part 1 of 5)
Family = khânevâde · Father = pedar · Mother = mâdar
Learn Farsi and 20+ more at Speaksilq.com","Pastel vocabulary card titled ""English vs Farsi"", subtitle ""Family & People"", listing 11 English words with their Farsi romanisations.",#SpeakSilq #LearnFarsi #Farsi #LanguageLearning #Vocabulary #FamilyRelationships,english-vs-farsi-cards-part1-of-2/033_family---people_1.png
02_farsi/farsi_10-family-relationships_p2of5_people.png,farsi_10-family-relationships_p2of5_people.png,Farsi,speaksilq_farsi,Family & People,10,family-relationships,people,2,5,11,sky,#CFE6F7,#165583,no,2026-09-07 01:00,2026-09-07,01:00,43,"English vs Farsi — Family & People (part 2 of 5)
Sister = khâhar · Grandfather = pedarbozorg · Grandmother = mâdarbozorg
Learn Farsi and 20+ more at Speaksilq.com","Pastel vocabulary card titled ""English vs Farsi"", subtitle ""Family & People"", listing 11 English words with their Farsi romanisations.",#SpeakSilq #LearnFarsi #Farsi #LanguageLearning #Vocabulary #FamilyRelationships,english-vs-farsi-cards-part1-of-2/034_family---people_2.png
02_farsi/farsi_10-family-relationships_p3of5_people.png,farsi_10-family-relationships_p3of5_people.png,Farsi,speaksilq_farsi,Family & People,10,family-relationships,people,3,5,11,coral-mist,#FFDCCB,#993200,no,2026-10-09 01:00,2026-10-09,01:00,107,"English vs Farsi — Family & People (part 3 of 5)
Wife / spouse = hamsar · Bride = arus · Groom = dâmâd
Learn Farsi and 20+ more at Speaksilq.com","Pastel vocabulary card titled ""English vs Farsi"", subtitle ""Family & People"", listing 11 English words with their Farsi romanisations.",#SpeakSilq #LearnFarsi #Farsi #LanguageLearning #Vocabulary #FamilyRelationships,english-vs-farsi-cards-part1-of-2/035_family---people_3.png
02_farsi/farsi_10-family-relationships_p4of5_people.png,farsi_10-family-relationships_p4of5_people.png,Farsi,speaksilq_farsi,Family & People,10,family-relationships,people,4,5,10,butter,#FFF2C2,#7A6000,no,2026-09-15 01:00,2026-09-15,01:00,59,"English vs Farsi — Family & People (part 4 of 5)
Man = mard · Woman = zan · Boy = pesar bachche
Learn Farsi and 20+ more at Speaksilq.com","Pastel vocabulary card titled ""English vs Farsi"", subtitle ""Family & People"", listing 10 English words with their Farsi romanisations.",#SpeakSilq #LearnFarsi #Farsi #LanguageLearning #Vocabulary #FamilyRelationships,english-vs-farsi-cards-part1-of-2/036_family---people_4.png
02_farsi/farsi_10-family-relationships_p5of5_people.png,farsi_10-family-relationships_p5of5_people.png,Farsi,speaksilq_farsi,Family & People,10,family-relationships,people,5,5,10,orchid,#F7D9EE,#7E1B60,no,2026-09-24 13:00,2026-09-24,13:00,78,"English vs Farsi — Family & People (part 5 of 5)
People = mardom · Person = shakhs · Human being = ensân
Learn Farsi and 20+ more at Speaksilq.com","Pastel vocabulary card titled ""English vs Farsi"", subtitle ""Family & People"", listing 10 English words with their Farsi romanisations.",#SpeakSilq #LearnFarsi #Farsi #LanguageLearning #Vocabulary #FamilyRelationships,english-vs-farsi-cards-part1-of-2/037_family---people_5.png
02_farsi/farsi_11-emotions-feelings_p1of4_people.png,farsi_11-emotions-feelings_p1of4_people.png,Farsi,speaksilq_farsi,Emotions & Feelings,11,emotions-feelings,people,1,4,11,sky,#CFE6F7,#165583,no,2026-09-27 01:00,2026-09-27,01:00,83,"English vs Farsi — Emotions & Feelings (part 1 of 4)
Feeling = ehsâs · Happy = khoshhâl · Sad = ghamgin
Learn Farsi and 20+ more at Speaksilq.com","Pastel vocabulary card titled ""English vs Farsi"", subtitle ""Emotions & Feelings"", listing 11 English words with their Farsi romanisations.",#SpeakSilq #LearnFarsi #Farsi #LanguageLearning #Vocabulary #EmotionsFeelings,english-vs-farsi-cards-part1-of-2/english-vs-farsi-cards-part2-of-2/109_emotions---feelings_1.png
02_farsi/farsi_11-emotions-feelings_p2of4_people.png,farsi_11-emotions-feelings_p2of4_people.png,Farsi,speaksilq_farsi,Emotions & Feelings,11,emotions-feelings,people,2,4,11,lilac,#EDD9F3,#661D7C,no,2026-09-03 01:00,2026-09-03,01:00,35,"English vs Farsi — Emotions & Feelings (part 2 of 4)
Bored = bi-howsele · Surprised = mota'ajjeb · Confused = gij
Learn Farsi and 20+ more at Speaksilq.com","Pastel vocabulary card titled ""English vs Farsi"", subtitle ""Emotions & Feelings"", listing 11 English words with their Farsi romanisations.",#SpeakSilq #LearnFarsi #Farsi #LanguageLearning #Vocabulary #EmotionsFeelings,english-vs-farsi-cards-part1-of-2/english-vs-farsi-cards-part2-of-2/110_emotions---feelings_2.png
02_farsi/farsi_11-emotions-feelings_p3of4_people.png,farsi_11-emotions-feelings_p3of4_people.png,Farsi,speaksilq_farsi,Emotions & Feelings,11,emotions-feelings,people,3,4,11,peach,#FFE3C9,#994A00,no,2026-08-21 13:00,2026-08-21,13:00,10,"English vs Farsi — Emotions & Feelings (part 3 of 4)
Joy = shâdi · Sorrow = gham · Laughter = khande
Learn Farsi and 20+ more at Speaksilq.com","Pastel vocabulary card titled ""English vs Farsi"", subtitle ""Emotions & Feelings"", listing 11 English words with their Farsi romanisations.",#SpeakSilq #LearnFarsi #Farsi #LanguageLearning #Vocabulary #EmotionsFeelings,english-vs-farsi-cards-part1-of-2/english-vs-farsi-cards-part2-of-2/111_emotions---feelings_3.png
02_farsi/farsi_11-emotions-feelings_p4of4_people.png,farsi_11-emotions-feelings_p4of4_people.png,Farsi,speaksilq_farsi,Emotions & Feelings,11,emotions-feelings,people,4,4,11,sage,#DCE7D5,#356317,no,2026-10-11 01:00,2026-10-11,01:00,111,"English vs Farsi — Emotions & Feelings (part 4 of 4)
Respect = ehterâm · Kindness = mehrabâni · Courage = shojâ'at
Learn Farsi and 20+ more at Speaksilq.com","Pastel vocabulary card titled ""English vs Farsi"", subtitle ""Emotions & Feelings"", listing 11 English words with their Farsi romanisations.",#SpeakSilq #LearnFarsi #Farsi #LanguageLearning #Vocabulary #EmotionsFeelings,english-vs-farsi-cards-part1-of-2/english-vs-farsi-cards-part2-of-2/112_emotions---feelings_4.png
02_farsi/farsi_12-body-parts_p1of5_people.png,farsi_12-body-parts_p1of5_people.png,Farsi,speaksilq_farsi,Body & Health,12,body-parts,people,1,5,12,mint,#C8F0DE,#196B46,no,2026-09-22 13:00,2026-09-22,13:00,74,"English vs Farsi — Body & Health (part 1 of 5)
Body = badan · Head = sar · Hair = mu
Learn Farsi and 20+ more at Speaksilq.com","Pastel vocabulary card titled ""English vs Farsi"", subtitle ""Body & Health"", listing 12 English words with their Farsi romanisations.",#SpeakSilq #LearnFarsi #Farsi #LanguageLearning #Vocabulary #BodyParts,english-vs-farsi-cards-part1-of-2/038_body---health_1.png
02_farsi/farsi_12-body-parts_p2of5_people.png,farsi_12-body-parts_p2of5_people.png,Farsi,speaksilq_farsi,Body & Health,12,body-parts,people,2,5,12,lavender,#E1D8F5,#3B1D7C,no,2026-10-01 13:00,2026-10-01,13:00,92,"English vs Farsi — Body & Health (part 2 of 5)
Shoulder = shâne · Arm = bâzu · Hand = dast
Learn Farsi and 20+ more at Speaksilq.com","Pastel vocabulary card titled ""English vs Farsi"", subtitle ""Body & Health"", listing 12 English words with their Farsi romanisations.",#SpeakSilq #LearnFarsi #Farsi #LanguageLearning #Vocabulary #BodyParts,english-vs-farsi-cards-part1-of-2/039_body---health_2.png
02_farsi/farsi_12-body-parts_p3of5_people.png,farsi_12-body-parts_p3of5_people.png,Farsi,speaksilq_farsi,Body & Health,12,body-parts,people,3,5,11,honeydew,#D9F2D0,#2F6B19,no,2026-08-30 13:00,2026-08-30,13:00,28,"English vs Farsi — Body & Health (part 3 of 5)
Bone = ostokhân · Skin = pust · Brain = maghz
Learn Farsi and 20+ more at Speaksilq.com","Pastel vocabulary card titled ""English vs Farsi"", subtitle ""Body & Health"", listing 11 English words with their Farsi romanisations.",#SpeakSilq #LearnFarsi #Farsi #LanguageLearning #Vocabulary #BodyParts,english-vs-farsi-cards-part1-of-2/040_body---health_3.png
02_farsi/farsi_12-body-parts_p4of5_people.png,farsi_12-body-parts_p4of5_people.png,Farsi,speaksilq_farsi,Body & Health,12,body-parts,people,4,5,11,seafoam,#C6EFE8,#196B5D,no,2026-10-14 01:00,2026-10-14,01:00,117,"English vs Farsi — Body & Health (part 4 of 5)
Stomachache = deldard · Toothache = dandândard · Fever = tab
Learn Farsi and 20+ more at Speaksilq.com","Pastel vocabulary card titled ""English vs Farsi"", subtitle ""Body & Health"", listing 11 English words with their Farsi romanisations.",#SpeakSilq #LearnFarsi #Farsi #LanguageLearning #Vocabulary #BodyParts,english-vs-farsi-cards-part1-of-2/041_body---health_4.png
02_farsi/farsi_12-body-parts_p5of5_people.png,farsi_12-body-parts_p5of5_people.png,Farsi,speaksilq_farsi,Body & Health,12,body-parts,people,5,5,11,coral-mist,#FFDCCB,#993200,no,2026-09-09 01:00,2026-09-09,01:00,47,"English vs Farsi — Body & Health (part 5 of 5)
Hospital = bimârestân · Pharmacy = dârukhâne · Clinic = darmângâh
Learn Farsi and 20+ more at Speaksilq.com","Pastel vocabulary card titled ""English vs Farsi"", subtitle ""Body & Health"", listing 11 English words with their Farsi romanisations.",#SpeakSilq #LearnFarsi #Farsi #LanguageLearning #Vocabulary #BodyParts,english-vs-farsi-cards-part1-of-2/042_body---health_5.png
02_farsi/farsi_14-food-drink_p1of8_food.png,farsi_14-food-drink_p1of8_food.png,Farsi,speaksilq_farsi,Food & Drink,14,food-drink,food,1,8,11,honeydew,#D9F2D0,#2F6B19,no,2026-09-29 13:00,2026-09-29,13:00,88,"English vs Farsi — Food & Drink (part 1 of 8)
Food = ghazâ · Water = âb · Bread = nân
Learn Farsi and 20+ more at Speaksilq.com","Pastel vocabulary card titled ""English vs Farsi"", subtitle ""Food & Drink"", listing 11 English words with their Farsi romanisations.",#SpeakSilq #LearnFarsi #Farsi #LanguageLearning #Vocabulary #FoodDrink,english-vs-farsi-cards-part1-of-2/043_food---drink_1.png
02_farsi/farsi_14-food-drink_p2of8_food.png,farsi_14-food-drink_p2of8_food.png,Farsi,speaksilq_farsi,Food & Drink,14,food-drink,food,2,8,11,butter,#FFF2C2,#7A6000,no,2026-09-05 01:00,2026-09-05,01:00,39,"English vs Farsi — Food & Drink (part 2 of 8)
Cheese = panir · Butter = kare · Yogurt = mâst
Learn Farsi and 20+ more at Speaksilq.com","Pastel vocabulary card titled ""English vs Farsi"", subtitle ""Food & Drink"", listing 11 English words with their Farsi romanisations.",#SpeakSilq #LearnFarsi #Farsi #LanguageLearning #Vocabulary #FoodDrink,english-vs-farsi-cards-part1-of-2/044_food---drink_2.png
02_farsi/farsi_14-food-drink_p3of8_food.png,farsi_14-food-drink_p3of8_food.png,Farsi,speaksilq_farsi,Food & Drink,14,food-drink,food,3,8,11,lavender,#E1D8F5,#3B1D7C,no,2026-10-11 13:00,2026-10-11,13:00,112,"English vs Farsi — Food & Drink (part 3 of 8)
Soft drink = nushâbe · Fruit = mive · Apple = sib
Learn Farsi and 20+ more at Speaksilq.com","Pastel vocabulary card titled ""English vs Farsi"", subtitle ""Food & Drink"", listing 11 English words with their Farsi romanisations.",#SpeakSilq #LearnFarsi #Farsi #LanguageLearning #Vocabulary #FoodDrink,english-vs-farsi-cards-part1-of-2/045_food---drink_3.png
02_farsi/farsi_14-food-drink_p4of8_food.png,farsi_14-food-drink_p4of8_food.png,Farsi,speaksilq_farsi,Food & Drink,14,food-drink,food,4,8,10,mint,#C8F0DE,#196B46,no,2026-08-23 13:00,2026-08-23,13:00,14,"English vs Farsi — Food & Drink (part 4 of 8)
Cherry = gilâs · Fig = anjir · Date (fruit) = khormâ
Learn Farsi and 20+ more at Speaksilq.com","Pastel vocabulary card titled ""English vs Farsi"", subtitle ""Food & Drink"", listing 10 English words with their Farsi romanisations.",#SpeakSilq #LearnFarsi #Farsi #LanguageLearning #Vocabulary #FoodDrink,english-vs-farsi-cards-part1-of-2/046_food---drink_4.png
02_farsi/farsi_14-food-drink_p5of8_food.png,farsi_14-food-drink_p5of8_food.png,Farsi,speaksilq_farsi,Food & Drink,14,food-drink,food,5,8,10,sage,#DCE7D5,#356317,no,2026-09-11 01:00,2026-09-11,01:00,51,"English vs Farsi — Food & Drink (part 5 of 8)
Carrot = havij · Cucumber = khiâr · Eggplant = bâdemjân
Learn Farsi and 20+ more at Speaksilq.com","Pastel vocabulary card titled ""English vs Farsi"", subtitle ""Food & Drink"", listing 10 English words with their Farsi romanisations.",#SpeakSilq #LearnFarsi #Farsi #LanguageLearning #Vocabulary #FoodDrink,english-vs-farsi-cards-part1-of-2/047_food---drink_5.png
02_farsi/farsi_14-food-drink_p6of8_food.png,farsi_14-food-drink_p6of8_food.png,Farsi,speaksilq_farsi,Food & Drink,14,food-drink,food,6,8,10,coral-mist,#FFDCCB,#993200,no,2026-09-19 01:00,2026-09-19,01:00,67,"English vs Farsi — Food & Drink (part 6 of 8)
Walnut = gerdu · Almond = bâdâm · Pistachio = peste
Learn Farsi and 20+ more at Speaksilq.com","Pastel vocabulary card titled ""English vs Farsi"", subtitle ""Food & Drink"", listing 10 English words with their Farsi romanisations.",#SpeakSilq #LearnFarsi #Farsi #LanguageLearning #Vocabulary #FoodDrink,english-vs-farsi-cards-part1-of-2/048_food---drink_6.png
02_farsi/farsi_14-food-drink_p7of8_food.png,farsi_14-food-drink_p7of8_food.png,Farsi,speaksilq_farsi,Food & Drink,14,food-drink,food,7,8,10,aqua-mist,#CDECF2,#1B6574,no,2026-10-05 13:00,2026-10-05,13:00,100,"English vs Farsi — Food & Drink (part 7 of 8)
Dessert = deser · Cake = keyk · Ice cream = bastani
Learn Farsi and 20+ more at Speaksilq.com","Pastel vocabulary card titled ""English vs Farsi"", subtitle ""Food & Drink"", listing 10 English words with their Farsi romanisations.",#SpeakSilq #LearnFarsi #Farsi #LanguageLearning #Vocabulary #FoodDrink,english-vs-farsi-cards-part1-of-2/049_food---drink_7.png
02_farsi/farsi_14-food-drink_p8of8_food.png,farsi_14-food-drink_p8of8_food.png,Farsi,speaksilq_farsi,Food & Drink,14,food-drink,food,8,8,10,lemon-ice,#F4F1C4,#676213,no,2026-08-17 13:00,2026-08-17,13:00,2,"English vs Farsi — Food & Drink (part 8 of 8)
Waiter = gârson · Delicious = khoshmaze · Spicy = tond
Learn Farsi and 20+ more at Speaksilq.com","Pastel vocabulary card titled ""English vs Farsi"", subtitle ""Food & Drink"", listing 10 English words with their Farsi romanisations.",#SpeakSilq #LearnFarsi #Farsi #LanguageLearning #Vocabulary #FoodDrink,english-vs-farsi-cards-part1-of-2/050_food---drink_8.png
02_farsi/farsi_18-home-household_p1of5_home.png,farsi_18-home-household_p1of5_home.png,Farsi,speaksilq_farsi,Home & Household,18,home-household,home,1,5,11,champagne,#F7E7D0,#835616,no,2026-10-12 01:00,2026-10-12,01:00,113,"English vs Farsi — Home & Household (part 1 of 5)
House = khâne · Residence = manzel · Apartment = âpârtemân
Learn Farsi and 20+ more at Speaksilq.com","Pastel vocabulary card titled ""English vs Farsi"", subtitle ""Home & Household"", listing 11 English words with their Farsi romanisations.",#SpeakSilq #LearnFarsi #Farsi #LanguageLearning #Vocabulary #HomeHousehold,english-vs-farsi-cards-part1-of-2/051_home---household_1.png
02_farsi/farsi_18-home-household_p2of5_home.png,farsi_18-home-household_p2of5_home.png,Farsi,speaksilq_farsi,Home & Household,18,home-household,home,2,5,10,orchid,#F7D9EE,#7E1B60,no,2026-10-04 13:00,2026-10-04,13:00,98,"English vs Farsi — Home & Household (part 2 of 5)
Wall = divâr · Floor = kaf · Ceiling = saqf
Learn Farsi and 20+ more at Speaksilq.com","Pastel vocabulary card titled ""English vs Farsi"", subtitle ""Home & Household"", listing 10 English words with their Farsi romanisations.",#SpeakSilq #LearnFarsi #Farsi #LanguageLearning #Vocabulary #HomeHousehold,english-vs-farsi-cards-part1-of-2/052_home---household_2.png
02_farsi/farsi_18-home-household_p3of5_home.png,farsi_18-home-household_p3of5_home.png,Farsi,speaksilq_farsi,Home & Household,18,home-household,home,3,5,10,rose-quartz,#F7D6D0,#832716,no,2026-08-18 13:00,2026-08-18,13:00,4,"English vs Farsi — Home & Household (part 3 of 5)
Table = miz · Chair = sandali · Sofa = mobl
Learn Farsi and 20+ more at Speaksilq.com","Pastel vocabulary card titled ""English vs Farsi"", subtitle ""Home & Household"", listing 10 English words with their Farsi romanisations.",#SpeakSilq #LearnFarsi #Farsi #LanguageLearning #Vocabulary #HomeHousehold,english-vs-farsi-cards-part1-of-2/053_home---household_3.png
02_farsi/farsi_18-home-household_p4of5_home.png,farsi_18-home-household_p4of5_home.png,Farsi,speaksilq_farsi,Home & Household,18,home-household,home,4,5,10,lilac,#EDD9F3,#661D7C,no,2026-09-13 01:00,2026-09-13,01:00,55,"English vs Farsi — Home & Household (part 4 of 5)
Lamp = cherâgh · Refrigerator = yakhchâl · Stove = ojâq-e gâz
Learn Farsi and 20+ more at Speaksilq.com","Pastel vocabulary card titled ""English vs Farsi"", subtitle ""Home & Household"", listing 10 English words with their Farsi romanisations.",#SpeakSilq #LearnFarsi #Farsi #LanguageLearning #Vocabulary #HomeHousehold,english-vs-farsi-cards-part1-of-2/054_home---household_4.png
02_farsi/farsi_18-home-household_p5of5_home.png,farsi_18-home-household_p5of5_home.png,Farsi,speaksilq_farsi,Home & Household,18,home-household,home,5,5,10,orchid,#F7D9EE,#7E1B60,no,2026-08-25 13:00,2026-08-25,13:00,18,"English vs Farsi — Home & Household (part 5 of 5)
Fork = changâl · Knife = châqu · Pot = qâblame
Learn Farsi and 20+ more at Speaksilq.com","Pastel vocabulary card titled ""English vs Farsi"", subtitle ""Home & Household"", listing 10 English words with their Farsi romanisations.",#SpeakSilq #LearnFarsi #Farsi #LanguageLearning #Vocabulary #HomeHousehold,english-vs-farsi-cards-part1-of-2/055_home---household_5.png
02_farsi/farsi_19-clothing-accessories_p1of3_home.png,farsi_19-clothing-accessories_p1of3_home.png,Farsi,speaksilq_farsi,Clothing & Accessories,19,clothing-accessories,home,1,3,10,lavender,#E1D8F5,#3B1D7C,no,2026-08-22 13:00,2026-08-22,13:00,12,"English vs Farsi — Clothing & Accessories (part 1 of 3)
Clothes = lebâs · Shirt = pirâhan · T-shirt = tishert
Learn Farsi and 20+ more at Speaksilq.com","Pastel vocabulary card titled ""English vs Farsi"", subtitle ""Clothing & Accessories"", listing 10 English words with their Farsi romanisations.",#SpeakSilq #LearnFarsi #Farsi #LanguageLearning #Vocabulary #ClothingAccessories,english-vs-farsi-cards-part1-of-2/056_clothing---accessories_1.png
02_farsi/farsi_19-clothing-accessories_p2of3_home.png,farsi_19-clothing-accessories_p2of3_home.png,Farsi,speaksilq_farsi,Clothing & Accessories,19,clothing-accessories,home,2,3,10,mint,#C8F0DE,#196B46,no,2026-09-02 13:00,2026-09-02,13:00,34,"English vs Farsi — Clothing & Accessories (part 2 of 3)
Headscarf = rusari · Hat = kolâh · Shoes = kafsh
Learn Farsi and 20+ more at Speaksilq.com","Pastel vocabulary card titled ""English vs Farsi"", subtitle ""Clothing & Accessories"", listing 10 English words with their Farsi romanisations.",#SpeakSilq #LearnFarsi #Farsi #LanguageLearning #Vocabulary #ClothingAccessories,english-vs-farsi-cards-part1-of-2/057_clothing---accessories_2.png
02_farsi/farsi_19-clothing-accessories_p3of3_home.png,farsi_19-clothing-accessories_p3of3_home.png,Farsi,speaksilq_farsi,Clothing & Accessories,19,clothing-accessories,home,3,3,10,seafoam,#C6EFE8,#196B5D,no,2026-09-24 01:00,2026-09-24,01:00,77,"English vs Farsi — Clothing & Accessories (part 3 of 3)
Underwear = lebâs-e zir · Pocket = jib · Button = dokme
Learn Farsi and 20+ more at Speaksilq.com","Pastel vocabulary card titled ""English vs Farsi"", subtitle ""Clothing & Accessories"", listing 10 English words with their Farsi romanisations.",#SpeakSilq #LearnFarsi #Farsi #LanguageLearning #Vocabulary #ClothingAccessories,english-vs-farsi-cards-part1-of-2/058_clothing---accessories_3.png
02_farsi/farsi_20-shopping-money_p1of4_home.png,farsi_20-shopping-money_p1of4_home.png,Farsi,speaksilq_farsi,Shopping & Money,20,shopping-money,home,1,4,11,periwinkle,#D9DDF7,#1B287E,no,2026-10-10 01:00,2026-10-10,01:00,109,"English vs Farsi — Shopping & Money (part 1 of 4)
Money = pul · Price = qeymat · Cheap = arzân
Learn Farsi and 20+ more at Speaksilq.com","Pastel vocabulary card titled ""English vs Farsi"", subtitle ""Shopping & Money"", listing 11 English words with their Farsi romanisations.",#SpeakSilq #LearnFarsi #Farsi #LanguageLearning #Vocabulary #ShoppingMoney,english-vs-farsi-cards-part1-of-2/english-vs-farsi-cards-part2-of-2/077_shopping---money_1.png
02_farsi/farsi_20-shopping-money_p2of4_home.png,farsi_20-shopping-money_p2of4_home.png,Farsi,speaksilq_farsi,Shopping & Money,20,shopping-money,home,2,4,11,powder-blue,#D5E4F7,#184681,no,2026-08-29 13:00,2026-08-29,13:00,26,"English vs Farsi — Shopping & Money (part 2 of 4)
Credit card = kârt-e e'tebâri · Change (money back) = baqiye-ye pul · Receipt = resid
Learn Farsi and 20+ more at Speaksilq.com","Pastel vocabulary card titled ""English vs Farsi"", subtitle ""Shopping & Money"", listing 11 English words with their Farsi romanisations.",#SpeakSilq #LearnFarsi #Farsi #LanguageLearning #Vocabulary #ShoppingMoney,english-vs-farsi-cards-part1-of-2/english-vs-farsi-cards-part2-of-2/078_shopping---money_2.png
02_farsi/farsi_20-shopping-money_p3of4_home.png,farsi_20-shopping-money_p3of4_home.png,Farsi,speaksilq_farsi,Shopping & Money,20,shopping-money,home,3,4,11,orchid,#F7D9EE,#7E1B60,no,2026-09-04 13:00,2026-09-04,13:00,38,"English vs Farsi — Shopping & Money (part 3 of 4)
Debt = bedehi · Interest (bank) = sud · Tax = mâliyât
Learn Farsi and 20+ more at Speaksilq.com","Pastel vocabulary card titled ""English vs Farsi"", subtitle ""Shopping & Money"", listing 11 English words with their Farsi romanisations.",#SpeakSilq #LearnFarsi #Farsi #LanguageLearning #Vocabulary #ShoppingMoney,english-vs-farsi-cards-part1-of-2/english-vs-farsi-cards-part2-of-2/079_shopping---money_3.png
02_farsi/farsi_20-shopping-money_p4of4_home.png,farsi_20-shopping-money_p4of4_home.png,Farsi,speaksilq_farsi,Shopping & Money,20,shopping-money,home,4,4,10,lemon-ice,#F4F1C4,#676213,no,2026-09-16 13:00,2026-09-16,13:00,62,"English vs Farsi — Shopping & Money (part 4 of 4)
Payment = pardâkht · Order (purchase) = sefâresh · Delivery = tahvil
Learn Farsi and 20+ more at Speaksilq.com","Pastel vocabulary card titled ""English vs Farsi"", subtitle ""Shopping & Money"", listing 10 English words with their Farsi romanisations.",#SpeakSilq #LearnFarsi #Farsi #LanguageLearning #Vocabulary #ShoppingMoney,english-vs-farsi-cards-part1-of-2/english-vs-farsi-cards-part2-of-2/080_shopping---money_4.png
02_farsi/farsi_21-colours_p1of2_home.png,farsi_21-colours_p1of2_home.png,Farsi,speaksilq_farsi,Colors,21,colours,home,1,2,9,lemon-ice,#F4F1C4,#676213,no,2026-10-06 13:00,2026-10-06,13:00,102,"English vs Farsi — Colors (part 1 of 2)
Color = rang · Red = qermez · Blue = âbi
Learn Farsi and 20+ more at Speaksilq.com","Pastel vocabulary card titled ""English vs Farsi"", subtitle ""Colors"", listing 9 English words with their Farsi romanisations.",#SpeakSilq #LearnFarsi #Farsi #LanguageLearning #Vocabulary #Colours,english-vs-farsi-cards-part1-of-2/059_colors_1.png
02_farsi/farsi_21-colours_p2of2_home.png,farsi_21-colours_p2of2_home.png,Farsi,speaksilq_farsi,Colors,21,colours,home,2,2,8,lavender,#E1D8F5,#3B1D7C,no,2026-09-21 13:00,2026-09-21,13:00,72,"English vs Farsi — Colors (part 2 of 2)
Orange (color) = nârenji · Purple = banafsh · Pink = surati
Learn Farsi and 20+ more at Speaksilq.com","Pastel vocabulary card titled ""English vs Farsi"", subtitle ""Colors"", listing 8 English words with their Farsi romanisations.",#SpeakSilq #LearnFarsi #Farsi #LanguageLearning #Vocabulary #Colours,english-vs-farsi-cards-part1-of-2/060_colors_2.png
02_farsi/farsi_22-travel-transport_p1of4_travel.png,farsi_22-travel-transport_p1of4_travel.png,Farsi,speaksilq_farsi,Travel & Transport,22,travel-transport,travel,1,4,12,honeydew,#D9F2D0,#2F6B19,no,2026-10-09 13:00,2026-10-09,13:00,108,"English vs Farsi — Travel & Transport (part 1 of 4)
Travel = safar · Outing = gardesh · Tourist = turist
Learn Farsi and 20+ more at Speaksilq.com","Pastel vocabulary card titled ""English vs Farsi"", subtitle ""Travel & Transport"", listing 12 English words with their Farsi romanisations.",#SpeakSilq #LearnFarsi #Farsi #LanguageLearning #Vocabulary #TravelTransport,english-vs-farsi-cards-part1-of-2/english-vs-farsi-cards-part2-of-2/069_travel---transport_1.png
02_farsi/farsi_22-travel-transport_p2of4_travel.png,farsi_22-travel-transport_p2of4_travel.png,Farsi,speaksilq_farsi,Travel & Transport,22,travel-transport,travel,2,4,12,pistachio,#E4F0C4,#556B19,no,2026-08-29 01:00,2026-08-29,01:00,25,"English vs Farsi — Travel & Transport (part 2 of 4)
Bus = otobus · Bus stop = istgâh-e otobus · Taxi = tâksi
Learn Farsi and 20+ more at Speaksilq.com","Pastel vocabulary card titled ""English vs Farsi"", subtitle ""Travel & Transport"", listing 12 English words with their Farsi romanisations.",#SpeakSilq #LearnFarsi #Farsi #LanguageLearning #Vocabulary #TravelTransport,english-vs-farsi-cards-part1-of-2/english-vs-farsi-cards-part2-of-2/070_travel---transport_2.png
02_farsi/farsi_22-travel-transport_p3of4_travel.png,farsi_22-travel-transport_p3of4_travel.png,Farsi,speaksilq_farsi,Travel & Transport,22,travel-transport,travel,3,4,12,honeydew,#D9F2D0,#2F6B19,no,2026-09-09 13:00,2026-09-09,13:00,48,"English vs Farsi — Travel & Transport (part 3 of 4)
Bridge = pol · Traffic = terâfik · Traffic light = cherâgh-e râhnamâyi
Learn Farsi and 20+ more at Speaksilq.com","Pastel vocabulary card titled ""English vs Farsi"", subtitle ""Travel & Transport"", listing 12 English words with their Farsi romanisations.",#SpeakSilq #LearnFarsi #Farsi #LanguageLearning #Vocabulary #TravelTransport,english-vs-farsi-cards-part1-of-2/english-vs-farsi-cards-part2-of-2/071_travel---transport_3.png
02_farsi/farsi_22-travel-transport_p4of4_travel.png,farsi_22-travel-transport_p4of4_travel.png,Farsi,speaksilq_farsi,Travel & Transport,22,travel-transport,travel,4,4,11,pistachio,#E4F0C4,#556B19,no,2026-09-18 01:00,2026-09-18,01:00,65,"English vs Farsi — Travel & Transport (part 4 of 4)
Hotel = hotel · Reservation = rezerv · Guest house = mehmânkhâne
Learn Farsi and 20+ more at Speaksilq.com","Pastel vocabulary card titled ""English vs Farsi"", subtitle ""Travel & Transport"", listing 11 English words with their Farsi romanisations.",#SpeakSilq #LearnFarsi #Farsi #LanguageLearning #Vocabulary #TravelTransport,english-vs-farsi-cards-part1-of-2/english-vs-farsi-cards-part2-of-2/072_travel---transport_4.png
02_farsi/farsi_24-city-places_p1of4_travel.png,farsi_24-city-places_p1of4_travel.png,Farsi,speaksilq_farsi,City & Places,24,city-places,travel,1,4,11,seafoam,#C6EFE8,#196B5D,no,2026-09-14 01:00,2026-09-14,01:00,57,"English vs Farsi — City & Places (part 1 of 4)
City = shahr · Village = rustâ · Country = keshvar
Learn Farsi and 20+ more at Speaksilq.com","Pastel vocabulary card titled ""English vs Farsi"", subtitle ""City & Places"", listing 11 English words with their Farsi romanisations.",#SpeakSilq #LearnFarsi #Farsi #LanguageLearning #Vocabulary #CityPlaces,english-vs-farsi-cards-part1-of-2/english-vs-farsi-cards-part2-of-2/073_city---places_1.png
02_farsi/farsi_24-city-places_p2of4_travel.png,farsi_24-city-places_p2of4_travel.png,Farsi,speaksilq_farsi,City & Places,24,city-places,travel,2,4,11,sage,#DCE7D5,#356317,no,2026-09-21 01:00,2026-09-21,01:00,71,"English vs Farsi — City & Places (part 2 of 4)
Bank = bânk · Post office = edâre-ye post · Police station = kalântari
Learn Farsi and 20+ more at Speaksilq.com","Pastel vocabulary card titled ""English vs Farsi"", subtitle ""City & Places"", listing 11 English words with their Farsi romanisations.",#SpeakSilq #LearnFarsi #Farsi #LanguageLearning #Vocabulary #CityPlaces,english-vs-farsi-cards-part1-of-2/english-vs-farsi-cards-part2-of-2/074_city---places_2.png
02_farsi/farsi_24-city-places_p3of4_travel.png,farsi_24-city-places_p3of4_travel.png,Farsi,speaksilq_farsi,City & Places,24,city-places,travel,3,4,11,mint,#C8F0DE,#196B46,no,2026-10-02 13:00,2026-10-02,13:00,94,"English vs Farsi — City & Places (part 3 of 4)
Theater = te'âtr · Stadium = varzeshgâh · Zoo = bâgh-e vahsh
Learn Farsi and 20+ more at Speaksilq.com","Pastel vocabulary card titled ""English vs Farsi"", subtitle ""City & Places"", listing 11 English words with their Farsi romanisations.",#SpeakSilq #LearnFarsi #Farsi #LanguageLearning #Vocabulary #CityPlaces,english-vs-farsi-cards-part1-of-2/english-vs-farsi-cards-part2-of-2/075_city---places_3.png
02_farsi/farsi_24-city-places_p4of4_travel.png,farsi_24-city-places_p4of4_travel.png,Farsi,speaksilq_farsi,City & Places,24,city-places,travel,4,4,11,honeydew,#D9F2D0,#2F6B19,no,2026-08-20 13:00,2026-08-20,13:00,8,"English vs Farsi — City & Places (part 4 of 4)
Farm = mazra'e · Building = sâkhtemân · Tower = borj
Learn Farsi and 20+ more at Speaksilq.com","Pastel vocabulary card titled ""English vs Farsi"", subtitle ""City & Places"", listing 11 English words with their Farsi romanisations.",#SpeakSilq #LearnFarsi #Farsi #LanguageLearning #Vocabulary #CityPlaces,english-vs-farsi-cards-part1-of-2/english-vs-farsi-cards-part2-of-2/076_city---places_4.png
02_farsi/farsi_26-nature-weather_p1of5_world.png,farsi_26-nature-weather_p1of5_world.png,Farsi,speaksilq_farsi,Nature & Weather,26,nature-weather,world,1,5,11,powder-blue,#D5E4F7,#184681,no,2026-08-19 13:00,2026-08-19,13:00,6,"English vs Farsi — Nature & Weather (part 1 of 5)
Nature = tabi'at · Sky = âsemân · Sun = khorshid
Learn Farsi and 20+ more at Speaksilq.com","Pastel vocabulary card titled ""English vs Farsi"", subtitle ""Nature & Weather"", listing 11 English words with their Farsi romanisations.",#SpeakSilq #LearnFarsi #Farsi #LanguageLearning #Vocabulary #NatureWeather,english-vs-farsi-cards-part1-of-2/english-vs-farsi-cards-part2-of-2/064_nature---weather_1.png
02_farsi/farsi_26-nature-weather_p2of5_world.png,farsi_26-nature-weather_p2of5_world.png,Farsi,speaksilq_farsi,Nature & Weather,26,nature-weather,world,2,5,11,lemon-ice,#F4F1C4,#676213,no,2026-09-06 13:00,2026-09-06,13:00,42,"English vs Farsi — Nature & Weather (part 2 of 5)
Fog = meh · Rainbow = rangin-kamân · Weather / air = havâ
Learn Farsi and 20+ more at Speaksilq.com","Pastel vocabulary card titled ""English vs Farsi"", subtitle ""Nature & Weather"", listing 11 English words with their Farsi romanisations.",#SpeakSilq #LearnFarsi #Farsi #LanguageLearning #Vocabulary #NatureWeather,english-vs-farsi-cards-part1-of-2/english-vs-farsi-cards-part2-of-2/065_nature---weather_2.png
02_farsi/farsi_26-nature-weather_p3of5_world.png,farsi_26-nature-weather_p3of5_world.png,Farsi,speaksilq_farsi,Nature & Weather,26,nature-weather,world,3,5,10,blush,#FFD9E1,#990020,no,2026-09-16 01:00,2026-09-16,01:00,61,"English vs Farsi — Nature & Weather (part 3 of 5)
Mountain = kuh · Hill = tappe · Valley = darre
Learn Farsi and 20+ more at Speaksilq.com","Pastel vocabulary card titled ""English vs Farsi"", subtitle ""Nature & Weather"", listing 10 English words with their Farsi romanisations.",#SpeakSilq #LearnFarsi #Farsi #LanguageLearning #Vocabulary #NatureWeather,english-vs-farsi-cards-part1-of-2/english-vs-farsi-cards-part2-of-2/066_nature---weather_3.png
02_farsi/farsi_26-nature-weather_p4of5_world.png,farsi_26-nature-weather_p4of5_world.png,Farsi,speaksilq_farsi,Nature & Weather,26,nature-weather,world,4,5,10,sky,#CFE6F7,#165583,no,2026-08-28 01:00,2026-08-28,01:00,23,"English vs Farsi — Nature & Weather (part 4 of 5)
Root = rishe · River = rudkhâne · Lake = daryâche
Learn Farsi and 20+ more at Speaksilq.com","Pastel vocabulary card titled ""English vs Farsi"", subtitle ""Nature & Weather"", listing 10 English words with their Farsi romanisations.",#SpeakSilq #LearnFarsi #Farsi #LanguageLearning #Vocabulary #NatureWeather,english-vs-farsi-cards-part1-of-2/english-vs-farsi-cards-part2-of-2/067_nature---weather_4.png
02_farsi/farsi_26-nature-weather_p5of5_world.png,farsi_26-nature-weather_p5of5_world.png,Farsi,speaksilq_farsi,Nature & Weather,26,nature-weather,world,5,5,10,pistachio,#E4F0C4,#556B19,no,2026-09-28 01:00,2026-09-28,01:00,85,"English vs Farsi — Nature & Weather (part 5 of 5)
Breeze = nasim · Stone = sang · Sand = shen
Learn Farsi and 20+ more at Speaksilq.com","Pastel vocabulary card titled ""English vs Farsi"", subtitle ""Nature & Weather"", listing 10 English words with their Farsi romanisations.",#SpeakSilq #LearnFarsi #Farsi #LanguageLearning #Vocabulary #NatureWeather,english-vs-farsi-cards-part1-of-2/english-vs-farsi-cards-part2-of-2/068_nature---weather_5.png
02_farsi/farsi_27-animals-birds_p1of3_world.png,farsi_27-animals-birds_p1of3_world.png,Farsi,speaksilq_farsi,Animals,27,animals-birds,world,1,3,13,lavender,#E1D8F5,#3B1D7C,no,2026-09-01 13:00,2026-09-01,13:00,32,"English vs Farsi — Animals (part 1 of 3)
Animal = heyvân · Dog = sag · Cat = gorbe
Learn Farsi and 20+ more at Speaksilq.com","Pastel vocabulary card titled ""English vs Farsi"", subtitle ""Animals"", listing 13 English words with their Farsi romanisations.",#SpeakSilq #LearnFarsi #Farsi #LanguageLearning #Vocabulary #AnimalsBirds,english-vs-farsi-cards-part1-of-2/english-vs-farsi-cards-part2-of-2/061_animals_1.png
02_farsi/farsi_27-animals-birds_p2of3_world.png,farsi_27-animals-birds_p2of3_world.png,Farsi,speaksilq_farsi,Animals,27,animals-birds,world,2,3,12,aqua-mist,#CDECF2,#1B6574,no,2026-09-25 13:00,2026-09-25,13:00,80,"English vs Farsi — Animals (part 2 of 3)
Eagle = oqâb · Lion = shir · Tiger = babr
Learn Farsi and 20+ more at Speaksilq.com","Pastel vocabulary card titled ""English vs Farsi"", subtitle ""Animals"", listing 12 English words with their Farsi romanisations.",#SpeakSilq #LearnFarsi #Farsi #LanguageLearning #Vocabulary #AnimalsBirds,english-vs-farsi-cards-part1-of-2/english-vs-farsi-cards-part2-of-2/062_animals_2.png
02_farsi/farsi_27-animals-birds_p3of3_world.png,farsi_27-animals-birds_p3of3_world.png,Farsi,speaksilq_farsi,Animals,27,animals-birds,world,3,3,12,lilac,#EDD9F3,#661D7C,no,2026-10-03 01:00,2026-10-03,01:00,95,"English vs Farsi — Animals (part 3 of 3)
Bee = zanbur · Ant = murche · Spider = ankabut
Learn Farsi and 20+ more at Speaksilq.com","Pastel vocabulary card titled ""English vs Farsi"", subtitle ""Animals"", listing 12 English words with their Farsi romanisations.",#SpeakSilq #LearnFarsi #Farsi #LanguageLearning #Vocabulary #AnimalsBirds,english-vs-farsi-cards-part1-of-2/english-vs-farsi-cards-part2-of-2/063_animals_3.png
02_farsi/farsi_29-common-verbs_p1of10_learn.png,farsi_29-common-verbs_p1of10_learn.png,Farsi,speaksilq_farsi,Common Verbs,29,common-verbs,learn,1,10,12,powder-blue,#D5E4F7,#184681,no,2026-10-08 13:00,2026-10-08,13:00,106,"English vs Farsi — Common Verbs (part 1 of 10)
to be = budan · to have = dâshtan · to do / to make = kardan
Learn Farsi and 20+ more at Speaksilq.com","Pastel vocabulary card titled ""English vs Farsi"", subtitle ""Common Verbs"", listing 12 English words with their Farsi romanisations.",#SpeakSilq #LearnFarsi #Farsi #LanguageLearning #Vocabulary #CommonVerbs,english-vs-farsi-cards-part1-of-2/english-vs-farsi-cards-part2-of-2/091_common-verbs_1.png
02_farsi/farsi_29-common-verbs_p2of10_learn.png,farsi_29-common-verbs_p2of10_learn.png,Farsi,speaksilq_farsi,Common Verbs,29,common-verbs,learn,2,10,12,sand,#EEE4D4,#7C571D,no,2026-08-24 13:00,2026-08-24,13:00,16,"English vs Farsi — Common Verbs (part 2 of 10)
to hear = shenidan · to listen = gush dâdan · to speak = sohbat kardan
Learn Farsi and 20+ more at Speaksilq.com","Pastel vocabulary card titled ""English vs Farsi"", subtitle ""Common Verbs"", listing 12 English words with their Farsi romanisations.",#SpeakSilq #LearnFarsi #Farsi #LanguageLearning #Vocabulary #CommonVerbs,english-vs-farsi-cards-part1-of-2/english-vs-farsi-cards-part2-of-2/092_common-verbs_2.png
02_farsi/farsi_29-common-verbs_p3of10_learn.png,farsi_29-common-verbs_p3of10_learn.png,Farsi,speaksilq_farsi,Common Verbs,29,common-verbs,learn,3,10,11,blush,#FFD9E1,#990020,no,2026-09-06 01:00,2026-09-06,01:00,41,"English vs Farsi — Common Verbs (part 3 of 10)
to think = fekr kardan · to remember = be yâd âvardan · to forget = farâmush kardan
Learn Farsi and 20+ more at Speaksilq.com","Pastel vocabulary card titled ""English vs Farsi"", subtitle ""Common Verbs"", listing 11 English words with their Farsi romanisations.",#SpeakSilq #LearnFarsi #Farsi #LanguageLearning #Vocabulary #CommonVerbs,english-vs-farsi-cards-part1-of-2/english-vs-farsi-cards-part2-of-2/093_common-verbs_3.png
02_farsi/farsi_29-common-verbs_p4of10_learn.png,farsi_29-common-verbs_p4of10_learn.png,Farsi,speaksilq_farsi,Common Verbs,29,common-verbs,learn,4,10,11,champagne,#F7E7D0,#835616,no,2026-10-02 01:00,2026-10-02,01:00,93,"English vs Farsi — Common Verbs (part 4 of 10)
to open = bâz kardan · to close = bastan · to start = shoru' kardan
Learn Farsi and 20+ more at Speaksilq.com","Pastel vocabulary card titled ""English vs Farsi"", subtitle ""Common Verbs"", listing 11 English words with their Farsi romanisations.",#SpeakSilq #LearnFarsi #Farsi #LanguageLearning #Vocabulary #CommonVerbs,english-vs-farsi-cards-part1-of-2/english-vs-farsi-cards-part2-of-2/094_common-verbs_4.png
02_farsi/farsi_29-common-verbs_p5of10_learn.png,farsi_29-common-verbs_p5of10_learn.png,Farsi,speaksilq_farsi,Common Verbs,29,common-verbs,learn,5,10,11,blush,#FFD9E1,#990020,no,2026-09-26 01:00,2026-09-26,01:00,81,"English vs Farsi — Common Verbs (part 5 of 10)
to wait = sabr kardan · to find = peydâ kardan · to lose (something) = gom kardan
Learn Farsi and 20+ more at Speaksilq.com","Pastel vocabulary card titled ""English vs Farsi"", subtitle ""Common Verbs"", listing 11 English words with their Farsi romanisations.",#SpeakSilq #LearnFarsi #Farsi #LanguageLearning #Vocabulary #CommonVerbs,english-vs-farsi-cards-part1-of-2/english-vs-farsi-cards-part2-of-2/095_common-verbs_5.png
02_farsi/farsi_29-common-verbs_p6of10_learn.png,farsi_29-common-verbs_p6of10_learn.png,Farsi,speaksilq_farsi,Common Verbs,29,common-verbs,learn,6,10,11,orchid,#F7D9EE,#7E1B60,no,2026-10-14 13:00,2026-10-14,13:00,118,"English vs Farsi — Common Verbs (part 6 of 10)
to receive = daryâft kardan · to call (phone) = zang zadan · to meet = molâqât kardan
Learn Farsi and 20+ more at Speaksilq.com","Pastel vocabulary card titled ""English vs Farsi"", subtitle ""Common Verbs"", listing 11 English words with their Farsi romanisations.",#SpeakSilq #LearnFarsi #Farsi #LanguageLearning #Vocabulary #CommonVerbs,english-vs-farsi-cards-part1-of-2/english-vs-farsi-cards-part2-of-2/096_common-verbs_6.png
02_farsi/farsi_29-common-verbs_p7of10_learn.png,farsi_29-common-verbs_p7of10_learn.png,Farsi,speaksilq_farsi,Common Verbs,29,common-verbs,learn,7,10,11,blush,#FFD9E1,#990020,no,2026-08-17 01:00,2026-08-17,01:00,1,"English vs Farsi — Common Verbs (part 7 of 10)
to exit = khârej shodan · to live = zendegi kardan · to die = mordan
Learn Farsi and 20+ more at Speaksilq.com","Pastel vocabulary card titled ""English vs Farsi"", subtitle ""Common Verbs"", listing 11 English words with their Farsi romanisations.",#SpeakSilq #LearnFarsi #Farsi #LanguageLearning #Vocabulary #CommonVerbs,english-vs-farsi-cards-part1-of-2/english-vs-farsi-cards-part2-of-2/097_common-verbs_7.png
02_farsi/farsi_29-common-verbs_p8of10_learn.png,farsi_29-common-verbs_p8of10_learn.png,Farsi,speaksilq_farsi,Common Verbs,29,common-verbs,learn,8,10,11,sage,#DCE7D5,#356317,no,2026-09-01 01:00,2026-09-01,01:00,31,"English vs Farsi — Common Verbs (part 8 of 10)
to cook = pokhtan · to cut = boridan · to carry = haml kardan
Learn Farsi and 20+ more at Speaksilq.com","Pastel vocabulary card titled ""English vs Farsi"", subtitle ""Common Verbs"", listing 11 English words with their Farsi romanisations.",#SpeakSilq #LearnFarsi #Farsi #LanguageLearning #Vocabulary #CommonVerbs,english-vs-farsi-cards-part1-of-2/english-vs-farsi-cards-part2-of-2/098_common-verbs_8.png
02_farsi/farsi_29-common-verbs_p9of10_learn.png,farsi_29-common-verbs_p9of10_learn.png,Farsi,speaksilq_farsi,Common Verbs,29,common-verbs,learn,9,10,11,orchid,#F7D9EE,#7E1B60,no,2026-09-14 13:00,2026-09-14,13:00,58,"English vs Farsi — Common Verbs (part 9 of 10)
to dance = raqsidan · to swim = shenâ kardan · to jump = paridan
Learn Farsi and 20+ more at Speaksilq.com","Pastel vocabulary card titled ""English vs Farsi"", subtitle ""Common Verbs"", listing 11 English words with their Farsi romanisations.",#SpeakSilq #LearnFarsi #Farsi #LanguageLearning #Vocabulary #CommonVerbs,english-vs-farsi-cards-part1-of-2/english-vs-farsi-cards-part2-of-2/099_common-verbs_9.png
02_farsi/farsi_29-common-verbs_p10of10_learn.png,farsi_29-common-verbs_p10of10_learn.png,Farsi,speaksilq_farsi,Common Verbs,29,common-verbs,learn,10,10,11,periwinkle,#D9DDF7,#1B287E,no,2026-09-20 01:00,2026-09-20,01:00,69,"English vs Farsi — Common Verbs (part 10 of 10)
to refuse = radd kardan · to explain = towzih dâdan · to show = neshân dâdan
Learn Farsi and 20+ more at Speaksilq.com","Pastel vocabulary card titled ""English vs Farsi"", subtitle ""Common Verbs"", listing 11 English words with their Farsi romanisations.",#SpeakSilq #LearnFarsi #Farsi #LanguageLearning #Vocabulary #CommonVerbs,english-vs-farsi-cards-part1-of-2/english-vs-farsi-cards-part2-of-2/100_common-verbs_10.png
02_farsi/farsi_30-adjectives-opposites_p1of8_learn.png,farsi_30-adjectives-opposites_p1of8_learn.png,Farsi,speaksilq_farsi,Adjectives & Descriptions,30,adjectives-opposites,learn,1,8,12,powder-blue,#D5E4F7,#184681,no,2026-09-18 13:00,2026-09-18,13:00,66,"English vs Farsi — Adjectives & Descriptions (part 1 of 8)
Big = bozorg · Small = kuchak · Long = derâz
Learn Farsi and 20+ more at Speaksilq.com","Pastel vocabulary card titled ""English vs Farsi"", subtitle ""Adjectives & Descriptions"", listing 12 English words with their Farsi romanisations.",#SpeakSilq #LearnFarsi #Farsi #LanguageLearning #Vocabulary #AdjectivesOpposites,english-vs-farsi-cards-part1-of-2/english-vs-farsi-cards-part2-of-2/101_adjectives---descriptions_1.png
02_farsi/farsi_30-adjectives-opposites_p2of8_learn.png,farsi_30-adjectives-opposites_p2of8_learn.png,Farsi,speaksilq_farsi,Adjectives & Descriptions,30,adjectives-opposites,learn,2,8,12,lemon-ice,#F4F1C4,#676213,no,2026-08-27 13:00,2026-08-27,13:00,22,"English vs Farsi — Adjectives & Descriptions (part 2 of 8)
Worn out / old (thing) = kohne · Old (aged) = pir · Good = khub
Learn Farsi and 20+ more at Speaksilq.com","Pastel vocabulary card titled ""English vs Farsi"", subtitle ""Adjectives & Descriptions"", listing 12 English words with their Farsi romanisations.",#SpeakSilq #LearnFarsi #Farsi #LanguageLearning #Vocabulary #AdjectivesOpposites,english-vs-farsi-cards-part1-of-2/english-vs-farsi-cards-part2-of-2/102_adjectives---descriptions_2.png
02_farsi/farsi_30-adjectives-opposites_p3of8_learn.png,farsi_30-adjectives-opposites_p3of8_learn.png,Farsi,speaksilq_farsi,Adjectives & Descriptions,30,adjectives-opposites,learn,3,8,12,periwinkle,#D9DDF7,#1B287E,no,2026-08-21 01:00,2026-08-21,01:00,9,"English vs Farsi — Adjectives & Descriptions (part 3 of 8)
Slow = kond · Strong = qavi · Weak = za'if
Learn Farsi and 20+ more at Speaksilq.com","Pastel vocabulary card titled ""English vs Farsi"", subtitle ""Adjectives & Descriptions"", listing 12 English words with their Farsi romanisations.",#SpeakSilq #LearnFarsi #Farsi #LanguageLearning #Vocabulary #AdjectivesOpposites,english-vs-farsi-cards-part1-of-2/english-vs-farsi-cards-part2-of-2/103_adjectives---descriptions_3.png
02_farsi/farsi_30-adjectives-opposites_p4of8_learn.png,farsi_30-adjectives-opposites_p4of8_learn.png,Farsi,speaksilq_farsi,Adjectives & Descriptions,30,adjectives-opposites,learn,4,8,12,lavender,#E1D8F5,#3B1D7C,no,2026-09-11 13:00,2026-09-11,13:00,52,"English vs Farsi — Adjectives & Descriptions (part 4 of 8)
Different = motafâvet · Similar = shabih · Important = mohem
Learn Farsi and 20+ more at Speaksilq.com","Pastel vocabulary card titled ""English vs Farsi"", subtitle ""Adjectives & Descriptions"", listing 12 English words with their Farsi romanisations.",#SpeakSilq #LearnFarsi #Farsi #LanguageLearning #Vocabulary #AdjectivesOpposites,english-vs-farsi-cards-part1-of-2/english-vs-farsi-cards-part2-of-2/104_adjectives---descriptions_4.png
02_farsi/farsi_30-adjectives-opposites_p5of8_learn.png,farsi_30-adjectives-opposites_p5of8_learn.png,Farsi,speaksilq_farsi,Adjectives & Descriptions,30,adjectives-opposites,learn,5,8,12,seafoam,#C6EFE8,#196B5D,no,2026-09-04 01:00,2026-09-04,01:00,37,"English vs Farsi — Adjectives & Descriptions (part 5 of 8)
Sharp = tiz · Deep = amiq · Shallow = kam-omq
Learn Farsi and 20+ more at Speaksilq.com","Pastel vocabulary card titled ""English vs Farsi"", subtitle ""Adjectives & Descriptions"", listing 12 English words with their Farsi romanisations.",#SpeakSilq #LearnFarsi #Farsi #LanguageLearning #Vocabulary #AdjectivesOpposites,english-vs-farsi-cards-part1-of-2/english-vs-farsi-cards-part2-of-2/105_adjectives---descriptions_5.png
02_farsi/farsi_30-adjectives-opposites_p6of8_learn.png,farsi_30-adjectives-opposites_p6of8_learn.png,Farsi,speaksilq_farsi,Adjectives & Descriptions,30,adjectives-opposites,learn,6,8,11,sand,#EEE4D4,#7C571D,no,2026-10-03 13:00,2026-10-03,13:00,96,"English vs Farsi — Adjectives & Descriptions (part 6 of 8)
Merciless = bi-rahm · Polite = mo'addab · Rude = bi-adab
Learn Farsi and 20+ more at Speaksilq.com","Pastel vocabulary card titled ""English vs Farsi"", subtitle ""Adjectives & Descriptions"", listing 11 English words with their Farsi romanisations.",#SpeakSilq #LearnFarsi #Farsi #LanguageLearning #Vocabulary #AdjectivesOpposites,english-vs-farsi-cards-part1-of-2/english-vs-farsi-cards-part2-of-2/106_adjectives---descriptions_6.png
02_farsi/farsi_30-adjectives-opposites_p7of8_learn.png,farsi_30-adjectives-opposites_p7of8_learn.png,Farsi,speaksilq_farsi,Adjectives & Descriptions,30,adjectives-opposites,learn,7,8,11,mint,#C8F0DE,#196B46,no,2026-10-12 13:00,2026-10-12,13:00,114,"English vs Farsi — Adjectives & Descriptions (part 7 of 8)
Funny = bâmaze · Serious = jeddi · Famous = mashhur
Learn Farsi and 20+ more at Speaksilq.com","Pastel vocabulary card titled ""English vs Farsi"", subtitle ""Adjectives & Descriptions"", listing 11 English words with their Farsi romanisations.",#SpeakSilq #LearnFarsi #Farsi #LanguageLearning #Vocabulary #AdjectivesOpposites,english-vs-farsi-cards-part1-of-2/english-vs-farsi-cards-part2-of-2/107_adjectives---descriptions_7.png
02_farsi/farsi_30-adjectives-opposites_p8of8_learn.png,farsi_30-adjectives-opposites_p8of8_learn.png,Farsi,speaksilq_farsi,Adjectives & Descriptions,30,adjectives-opposites,learn,8,8,11,rose-quartz,#F7D6D0,#832716,no,2026-09-27 13:00,2026-09-27,13:00,84,"English vs Farsi — Adjectives & Descriptions (part 8 of 8)
Fake = taqallobi · Useful = mofid · Useless = bi-fâyede
Learn Farsi and 20+ more at Speaksilq.com","Pastel vocabulary card titled ""English vs Farsi"", subtitle ""Adjectives & Descriptions"", listing 11 English words with their Farsi romanisations.",#SpeakSilq #LearnFarsi #Farsi #LanguageLearning #Vocabulary #AdjectivesOpposites,english-vs-farsi-cards-part1-of-2/english-vs-farsi-cards-part2-of-2/108_adjectives---descriptions_8.png
02_farsi/farsi_31-work-professions_p1of4_learn.png,farsi_31-work-professions_p1of4_learn.png,Farsi,speaksilq_farsi,Work & Professions,31,work-professions,learn,1,4,11,sky,#CFE6F7,#165583,no,2026-09-17 01:00,2026-09-17,01:00,63,"English vs Farsi — Work & Professions (part 1 of 4)
Work = kâr · Job = shoghl · Employee = kârmand
Learn Farsi and 20+ more at Speaksilq.com","Pastel vocabulary card titled ""English vs Farsi"", subtitle ""Work & Professions"", listing 11 English words with their Farsi romanisations.",#SpeakSilq #LearnFarsi #Farsi #LanguageLearning #Vocabulary #WorkProfessions,english-vs-farsi-cards-part1-of-2/english-vs-farsi-cards-part2-of-2/081_work---professions_1.png
02_farsi/farsi_31-work-professions_p2of4_learn.png,farsi_31-work-professions_p2of4_learn.png,Farsi,speaksilq_farsi,Work & Professions,31,work-professions,learn,2,4,11,coral-mist,#FFDCCB,#993200,no,2026-08-30 01:00,2026-08-30,01:00,27,"English vs Farsi — Work & Professions (part 2 of 4)
Contract = qarârdâd · Interview = mosâhebe · Résumé = rezume
Learn Farsi and 20+ more at Speaksilq.com","Pastel vocabulary card titled ""English vs Farsi"", subtitle ""Work & Professions"", listing 11 English words with their Farsi romanisations.",#SpeakSilq #LearnFarsi #Farsi #LanguageLearning #Vocabulary #WorkProfessions,english-vs-farsi-cards-part1-of-2/english-vs-farsi-cards-part2-of-2/082_work---professions_2.png
02_farsi/farsi_31-work-professions_p3of4_learn.png,farsi_31-work-professions_p3of4_learn.png,Farsi,speaksilq_farsi,Work & Professions,31,work-professions,learn,3,4,11,pistachio,#E4F0C4,#556B19,no,2026-09-08 01:00,2026-09-08,01:00,45,"English vs Farsi — Work & Professions (part 3 of 4)
Farmer = keshâvarz · Cook / chef = âshpaz · Tailor = khayyât
Learn Farsi and 20+ more at Speaksilq.com","Pastel vocabulary card titled ""English vs Farsi"", subtitle ""Work & Professions"", listing 11 English words with their Farsi romanisations.",#SpeakSilq #LearnFarsi #Farsi #LanguageLearning #Vocabulary #WorkProfessions,english-vs-farsi-cards-part1-of-2/english-vs-farsi-cards-part2-of-2/083_work---professions_3.png
02_farsi/farsi_31-work-professions_p4of4_learn.png,farsi_31-work-professions_p4of4_learn.png,Farsi,speaksilq_farsi,Work & Professions,31,work-professions,learn,4,4,11,pistachio,#E4F0C4,#556B19,no,2026-08-19 01:00,2026-08-19,01:00,5,"English vs Farsi — Work & Professions (part 4 of 4)
Musician = navâzande · Singer = khânande · Actor = bâzigar
Learn Farsi and 20+ more at Speaksilq.com","Pastel vocabulary card titled ""English vs Farsi"", subtitle ""Work & Professions"", listing 11 English words with their Farsi romanisations.",#SpeakSilq #LearnFarsi #Farsi #LanguageLearning #Vocabulary #WorkProfessions,english-vs-farsi-cards-part1-of-2/english-vs-farsi-cards-part2-of-2/084_work---professions_4.png
02_farsi/farsi_32-education-school_p1of3_learn.png,farsi_32-education-school_p1of3_learn.png,Farsi,speaksilq_farsi,Education & Language,32,education-school,learn,1,3,13,sand,#EEE4D4,#7C571D,no,2026-09-23 13:00,2026-09-23,13:00,76,"English vs Farsi — Education & Language (part 1 of 3)
Education = tahsilât · Class = kelâs · Lesson = dars
Learn Farsi and 20+ more at Speaksilq.com","Pastel vocabulary card titled ""English vs Farsi"", subtitle ""Education & Language"", listing 13 English words with their Farsi romanisations.",#SpeakSilq #LearnFarsi #Farsi #LanguageLearning #Vocabulary #EducationSchool,english-vs-farsi-cards-part1-of-2/english-vs-farsi-cards-part2-of-2/085_education---language_1.png
02_farsi/farsi_32-education-school_p2of3_learn.png,farsi_32-education-school_p2of3_learn.png,Farsi,speaksilq_farsi,Education & Language,32,education-school,learn,2,3,12,butter,#FFF2C2,#7A6000,no,2026-10-05 01:00,2026-10-05,01:00,99,"English vs Farsi — Education & Language (part 2 of 3)
Ruler = khatkesh · Blackboard = takhte-ye siâh · School desk = nimkat
Learn Farsi and 20+ more at Speaksilq.com","Pastel vocabulary card titled ""English vs Farsi"", subtitle ""Education & Language"", listing 12 English words with their Farsi romanisations.",#SpeakSilq #LearnFarsi #Farsi #LanguageLearning #Vocabulary #EducationSchool,english-vs-farsi-cards-part1-of-2/english-vs-farsi-cards-part2-of-2/086_education---language_2.png
02_farsi/farsi_32-education-school_p3of3_learn.png,farsi_32-education-school_p3of3_learn.png,Farsi,speaksilq_farsi,Education & Language,32,education-school,learn,3,3,12,champagne,#F7E7D0,#835616,no,2026-09-02 01:00,2026-09-02,01:00,33,"English vs Farsi — Education & Language (part 3 of 3)
Language = zabân-e fârsi · Translation = tarjome · Story = dâstân
Learn Farsi and 20+ more at Speaksilq.com","Pastel vocabulary card titled ""English vs Farsi"", subtitle ""Education & Language"", listing 12 English words with their Farsi romanisations.",#SpeakSilq #LearnFarsi #Farsi #LanguageLearning #Vocabulary #EducationSchool,english-vs-farsi-cards-part1-of-2/english-vs-farsi-cards-part2-of-2/087_education---language_3.png
02_farsi/farsi_33-technology-communication_p1of3_learn.png,farsi_33-technology-communication_p1of3_learn.png,Farsi,speaksilq_farsi,Technology & Media,33,technology-communication,learn,1,3,12,aqua-mist,#CDECF2,#1B6574,no,2026-09-15 13:00,2026-09-15,13:00,60,"English vs Farsi — Technology & Media (part 1 of 3)
Computer = kâmpyuter · Laptop = lap-tâp · Telephone = telefon
Learn Farsi and 20+ more at Speaksilq.com","Pastel vocabulary card titled ""English vs Farsi"", subtitle ""Technology & Media"", listing 12 English words with their Farsi romanisations.",#SpeakSilq #LearnFarsi #Farsi #LanguageLearning #Vocabulary #TechnologyCommunication,english-vs-farsi-cards-part1-of-2/english-vs-farsi-cards-part2-of-2/088_technology---media_1.png
02_farsi/farsi_33-technology-communication_p2of3_learn.png,farsi_33-technology-communication_p2of3_learn.png,Farsi,speaksilq_farsi,Technology & Media,33,technology-communication,learn,2,3,11,peach,#FFE3C9,#994A00,no,2026-09-30 13:00,2026-09-30,13:00,90,"English vs Farsi — Technology & Media (part 2 of 3)
Camera = durbin · Photo = aks · Video = vidiyo
Learn Farsi and 20+ more at Speaksilq.com","Pastel vocabulary card titled ""English vs Farsi"", subtitle ""Technology & Media"", listing 11 English words with their Farsi romanisations.",#SpeakSilq #LearnFarsi #Farsi #LanguageLearning #Vocabulary #TechnologyCommunication,english-vs-farsi-cards-part1-of-2/english-vs-farsi-cards-part2-of-2/089_technology---media_2.png
02_farsi/farsi_33-technology-communication_p3of3_learn.png,farsi_33-technology-communication_p3of3_learn.png,Farsi,speaksilq_farsi,Technology & Media,33,technology-communication,learn,3,3,11,champagne,#F7E7D0,#835616,no,2026-08-23 01:00,2026-08-23,01:00,13,"English vs Farsi — Technology & Media (part 3 of 3)
Charger = shârzher · App = barnâme-ye kârbordi · Download = dânlud
Learn Farsi and 20+ more at Speaksilq.com","Pastel vocabulary card titled ""English vs Farsi"", subtitle ""Technology & Media"", listing 11 English words with their Farsi romanisations.",#SpeakSilq #LearnFarsi #Farsi #LanguageLearning #Vocabulary #TechnologyCommunication,english-vs-farsi-cards-part1-of-2/english-vs-farsi-cards-part2-of-2/090_technology---media_3.png
02_farsi/farsi_34-sports-leisure_p1of3_learn.png,farsi_34-sports-leisure_p1of3_learn.png,Farsi,speaksilq_farsi,Sports & Leisure,34,sports-leisure,learn,1,3,10,periwinkle,#D9DDF7,#1B287E,no,2026-09-10 01:00,2026-09-10,01:00,49,"English vs Farsi — Sports & Leisure (part 1 of 3)
Game = bâzi · Football (soccer) = futbâl · Volleyball = vâlibâl
Learn Farsi and 20+ more at Speaksilq.com","Pastel vocabulary card titled ""English vs Farsi"", subtitle ""Sports & Leisure"", listing 10 English words with their Farsi romanisations.",#SpeakSilq #LearnFarsi #Farsi #LanguageLearning #Vocabulary #SportsLeisure,english-vs-farsi-cards-part1-of-2/english-vs-farsi-cards-part2-of-2/113_sports---leisure_1.png
02_farsi/farsi_34-sports-leisure_p2of3_learn.png,farsi_34-sports-leisure_p2of3_learn.png,Farsi,speaksilq_farsi,Sports & Leisure,34,sports-leisure,learn,2,3,10,butter,#FFF2C2,#7A6000,no,2026-08-26 01:00,2026-08-26,01:00,19,"English vs Farsi — Sports & Leisure (part 2 of 3)
Ball = tup · Goal (score) = gol · To win = bordan
Learn Farsi and 20+ more at Speaksilq.com","Pastel vocabulary card titled ""English vs Farsi"", subtitle ""Sports & Leisure"", listing 10 English words with their Farsi romanisations.",#SpeakSilq #LearnFarsi #Farsi #LanguageLearning #Vocabulary #SportsLeisure,english-vs-farsi-cards-part1-of-2/english-vs-farsi-cards-part2-of-2/114_sports---leisure_2.png
02_farsi/farsi_34-sports-leisure_p3of3_learn.png,farsi_34-sports-leisure_p3of3_learn.png,Farsi,speaksilq_farsi,Sports & Leisure,34,sports-leisure,learn,3,3,9,peach,#FFE3C9,#994A00,no,2026-10-10 13:00,2026-10-10,13:00,110,"English vs Farsi — Sports & Leisure (part 3 of 3)
Picnic = piknik · Leave / time off = morakhkhasi · Concert = konsert
Learn Farsi and 20+ more at Speaksilq.com","Pastel vocabulary card titled ""English vs Farsi"", subtitle ""Sports & Leisure"", listing 9 English words with their Farsi romanisations.",#SpeakSilq #LearnFarsi #Farsi #LanguageLearning #Vocabulary #SportsLeisure,english-vs-farsi-cards-part1-of-2/english-vs-farsi-cards-part2-of-2/115_sports---leisure_3.png
02_farsi/farsi_35-religion-culture_p1of3_learn.png,farsi_35-religion-culture_p1of3_learn.png,Farsi,speaksilq_farsi,Culture & Religion,35,religion-culture,learn,1,3,10,champagne,#F7E7D0,#835616,no,2026-09-22 01:00,2026-09-22,01:00,73,"English vs Farsi — Culture & Religion (part 1 of 3)
God = khodâ · Religion = din · Islam = eslâm
Learn Farsi and 20+ more at Speaksilq.com","Pastel vocabulary card titled ""English vs Farsi"", subtitle ""Culture & Religion"", listing 10 English words with their Farsi romanisations.",#SpeakSilq #LearnFarsi #Farsi #LanguageLearning #Vocabulary #ReligionCulture,english-vs-farsi-cards-part1-of-2/english-vs-farsi-cards-part2-of-2/116_culture---religion_1.png
02_farsi/farsi_35-religion-culture_p2of3_learn.png,farsi_35-religion-culture_p2of3_learn.png,Farsi,speaksilq_farsi,Culture & Religion,35,religion-culture,learn,2,3,10,coral-mist,#FFDCCB,#993200,no,2026-09-29 01:00,2026-09-29,01:00,87,"English vs Farsi — Culture & Religion (part 2 of 3)
Charity = sadaqe · Paradise = behesht · Hell = jahannam
Learn Farsi and 20+ more at Speaksilq.com","Pastel vocabulary card titled ""English vs Farsi"", subtitle ""Culture & Religion"", listing 10 English words with their Farsi romanisations.",#SpeakSilq #LearnFarsi #Farsi #LanguageLearning #Vocabulary #ReligionCulture,english-vs-farsi-cards-part1-of-2/english-vs-farsi-cards-part2-of-2/117_culture---religion_2.png
02_farsi/farsi_35-religion-culture_p3of3_learn.png,farsi_35-religion-culture_p3of3_learn.png,Farsi,speaksilq_farsi,Culture & Religion,35,religion-culture,learn,3,3,9,sky,#CFE6F7,#165583,no,2026-10-07 01:00,2026-10-07,01:00,103,"English vs Farsi — Culture & Religion (part 3 of 3)
Tradition = sonnat · Custom = rasm · Poet = shâ'er
Learn Farsi and 20+ more at Speaksilq.com","Pastel vocabulary card titled ""English vs Farsi"", subtitle ""Culture & Religion"", listing 9 English words with their Farsi romanisations.",#SpeakSilq #LearnFarsi #Farsi #LanguageLearning #Vocabulary #ReligionCulture,english-vs-farsi-cards-part1-of-2/english-vs-farsi-cards-part2-of-2/118_culture---religion_3.png
03_dari/dari_01-greetings-courtesy_p1of3_social.png,dari_01-greetings-courtesy_p1of3_social.png,Dari,speaksilq_dari,Greetings & Courtesy,01,greetings-courtesy,social,1,3,12,periwinkle,#D9DDF7,#1B287E,yes,2026-08-21 01:00,2026-08-21,01:00,9,"English vs Dari — Greetings & Courtesy (part 1 of 3)
Peace be upon you (hello) = Assalam alaikum · And peace be upon you (reply) = Wa alaikum assalam · Hello / Hi = Salam
Learn Dari and 20+ more at Speaksilq.com","Pastel vocabulary card titled ""English vs Dari"", subtitle ""Greetings & Courtesy"", listing 12 English words with their Dari romanisations.",#SpeakSilq #LearnDari #Dari #LanguageLearning #Vocabulary #GreetingsCourtesy,Updated Dari_Typography_Graphics_v2/001_greetingscourtesy_1.png
03_dari/dari_01-greetings-courtesy_p2of3_social.png,dari_01-greetings-courtesy_p2of3_social.png,Dari,speaksilq_dari,Greetings & Courtesy,01,greetings-courtesy,social,2,3,12,butter,#FFF2C2,#7A6000,yes,2026-09-25 01:00,2026-09-25,01:00,79,"English vs Dari — Greetings & Courtesy (part 2 of 3)
Thank you very much = Besyar tashakur · You're welcome = Qabil nadara · Please = Lotfan
Learn Dari and 20+ more at Speaksilq.com","Pastel vocabulary card titled ""English vs Dari"", subtitle ""Greetings & Courtesy"", listing 12 English words with their Dari romanisations.",#SpeakSilq #LearnDari #Dari #LanguageLearning #Vocabulary #GreetingsCourtesy,Updated Dari_Typography_Graphics_v2/002_greetingscourtesy_2.png
03_dari/dari_01-greetings-courtesy_p3of3_social.png,dari_01-greetings-courtesy_p3of3_social.png,Dari,speaksilq_dari,Greetings & Courtesy,01,greetings-courtesy,social,3,3,11,sage,#DCE7D5,#356317,yes,2026-10-01 01:00,2026-10-01,01:00,91,"English vs Dari — Greetings & Courtesy (part 3 of 3)
Happy birthday = Tawallud mubarak · Best wishes = Behtarin arezooha · Nice to meet you = Az molaqat-e shoma khush shudum
Learn Dari and 20+ more at Speaksilq.com","Pastel vocabulary card titled ""English vs Dari"", subtitle ""Greetings & Courtesy"", listing 11 English words with their Dari romanisations.",#SpeakSilq #LearnDari #Dari #LanguageLearning #Vocabulary #GreetingsCourtesy,Updated Dari_Typography_Graphics_v2/003_greetingscourtesy_3.png
03_dari/dari_02-everyday-phrases_p1of4_social.png,dari_02-everyday-phrases_p1of4_social.png,Dari,speaksilq_dari,Everyday Phrases,02,everyday-phrases,social,1,4,10,lavender,#E1D8F5,#3B1D7C,yes,2026-09-21 13:00,2026-09-21,13:00,72,"English vs Dari — Everyday Phrases (part 1 of 4)
How are things? = Kar o bar chetor ast? · Everything is fine = Hama chiz khub ast · Long time no see = Besyar waqt shud nadidum
Learn Dari and 20+ more at Speaksilq.com","Pastel vocabulary card titled ""English vs Dari"", subtitle ""Everyday Phrases"", listing 10 English words with their Dari romanisations.",#SpeakSilq #LearnDari #Dari #LanguageLearning #Vocabulary #EverydayPhrases,Updated Dari_Typography_Graphics_v2/089_everydayphrases_1.png
03_dari/dari_02-everyday-phrases_p2of4_social.png,dari_02-everyday-phrases_p2of4_social.png,Dari,speaksilq_dari,Everyday Phrases,02,everyday-phrases,social,2,4,10,aqua-mist,#CDECF2,#1B6574,yes,2026-08-26 13:00,2026-08-26,13:00,20,"English vs Dari — Everyday Phrases (part 2 of 4)
Speak slowly, please = Ahesta gap bizanin · What does this mean? = Ee chi ma'na dara? · How do you say this in Dari? = Ba Dari ee ra chi megoyan?
Learn Dari and 20+ more at Speaksilq.com","Pastel vocabulary card titled ""English vs Dari"", subtitle ""Everyday Phrases"", listing 10 English words with their Dari romanisations.",#SpeakSilq #LearnDari #Dari #LanguageLearning #Vocabulary #EverydayPhrases,Updated Dari_Typography_Graphics_v2/090_everydayphrases_2.png
03_dari/dari_02-everyday-phrases_p3of4_social.png,dari_02-everyday-phrases_p3of4_social.png,Dari,speaksilq_dari,Everyday Phrases,02,everyday-phrases,social,3,4,10,aqua-mist,#CDECF2,#1B6574,yes,2026-09-15 13:00,2026-09-15,13:00,60,"English vs Dari — Everyday Phrases (part 3 of 4)
Wait for me = Ma ra intezar bikashin · I am busy right now = Man hali masruf astum · I am ready = Man tayyar astum
Learn Dari and 20+ more at Speaksilq.com","Pastel vocabulary card titled ""English vs Dari"", subtitle ""Everyday Phrases"", listing 10 English words with their Dari romanisations.",#SpeakSilq #LearnDari #Dari #LanguageLearning #Vocabulary #EverydayPhrases,Updated Dari_Typography_Graphics_v2/091_everydayphrases_3.png
03_dari/dari_02-everyday-phrases_p4of4_social.png,dari_02-everyday-phrases_p4of4_social.png,Dari,speaksilq_dari,Everyday Phrases,02,everyday-phrases,social,4,4,10,honeydew,#D9F2D0,#2F6B19,yes,2026-09-09 13:00,2026-09-09,13:00,48,"English vs Dari — Everyday Phrases (part 4 of 4)
I forgot = Faramosh kardum · Can you help me? = Metanin ba man komak kunin? · Of course, with pleasure = Albata, ba khushi
Learn Dari and 20+ more at Speaksilq.com","Pastel vocabulary card titled ""English vs Dari"", subtitle ""Everyday Phrases"", listing 10 English words with their Dari romanisations.",#SpeakSilq #LearnDari #Dari #LanguageLearning #Vocabulary #EverydayPhrases,Updated Dari_Typography_Graphics_v2/092_everydayphrases_4.png
03_dari/dari_03-question-words_p1of3_social.png,dari_03-question-words_p1of3_social.png,Dari,speaksilq_dari,Question Words & Connectors,03,question-words,social,1,3,10,pistachio,#E4F0C4,#556B19,yes,2026-09-28 01:00,2026-09-28,01:00,85,"English vs Dari — Question Words & Connectors (part 1 of 3)
What = Chi · Who = Ki · Where = Koja
Learn Dari and 20+ more at Speaksilq.com","Pastel vocabulary card titled ""English vs Dari"", subtitle ""Question Words & Connectors"", listing 10 English words with their Dari romanisations.",#SpeakSilq #LearnDari #Dari #LanguageLearning #Vocabulary #QuestionWords,Updated Dari_Typography_Graphics_v2/016_questionwordsconnectors_1.png
03_dari/dari_03-question-words_p2of3_social.png,dari_03-question-words_p2of3_social.png,Dari,speaksilq_dari,Question Words & Connectors,03,question-words,social,2,3,10,blush,#FFD9E1,#990020,yes,2026-08-17 01:00,2026-08-17,01:00,1,"English vs Dari — Question Words & Connectors (part 2 of 3)
And = Wa · Or = Ya · But = Ama
Learn Dari and 20+ more at Speaksilq.com","Pastel vocabulary card titled ""English vs Dari"", subtitle ""Question Words & Connectors"", listing 10 English words with their Dari romanisations.",#SpeakSilq #LearnDari #Dari #LanguageLearning #Vocabulary #QuestionWords,Updated Dari_Typography_Graphics_v2/017_questionwordsconnectors_2.png
03_dari/dari_03-question-words_p3of3_social.png,dari_03-question-words_p3of3_social.png,Dari,speaksilq_dari,Question Words & Connectors,03,question-words,social,3,3,10,sage,#DCE7D5,#356317,yes,2026-09-01 01:00,2026-09-01,01:00,31,"English vs Dari — Question Words & Connectors (part 3 of 3)
With = Ba · Without = Bedun-e · For = Baray-e
Learn Dari and 20+ more at Speaksilq.com","Pastel vocabulary card titled ""English vs Dari"", subtitle ""Question Words & Connectors"", listing 10 English words with their Dari romanisations.",#SpeakSilq #LearnDari #Dari #LanguageLearning #Vocabulary #QuestionWords,Updated Dari_Typography_Graphics_v2/018_questionwordsconnectors_3.png
03_dari/dari_04-people-pronouns_p1of3_social.png,dari_04-people-pronouns_p1of3_social.png,Dari,speaksilq_dari,People & Pronouns,04,people-pronouns,social,1,3,10,sand,#EEE4D4,#7C571D,yes,2026-08-24 13:00,2026-08-24,13:00,16,"English vs Dari — People & Pronouns (part 1 of 3)
I = Man · You (formal / plural) = Shoma · You (informal) = Tu
Learn Dari and 20+ more at Speaksilq.com","Pastel vocabulary card titled ""English vs Dari"", subtitle ""People & Pronouns"", listing 10 English words with their Dari romanisations.",#SpeakSilq #LearnDari #Dari #LanguageLearning #Vocabulary #PeoplePronouns,Updated Dari_Typography_Graphics_v2/013_peoplepronouns_1.png
03_dari/dari_04-people-pronouns_p2of3_social.png,dari_04-people-pronouns_p2of3_social.png,Dari,speaksilq_dari,People & Pronouns,04,people-pronouns,social,2,3,10,coral-mist,#FFDCCB,#993200,yes,2026-09-19 01:00,2026-09-19,01:00,67,"English vs Dari — People & Pronouns (part 2 of 3)
Boy = Bacha · Girl = Dukhtar · Person = Shakhs
Learn Dari and 20+ more at Speaksilq.com","Pastel vocabulary card titled ""English vs Dari"", subtitle ""People & Pronouns"", listing 10 English words with their Dari romanisations.",#SpeakSilq #LearnDari #Dari #LanguageLearning #Vocabulary #PeoplePronouns,Updated Dari_Typography_Graphics_v2/014_peoplepronouns_2.png
03_dari/dari_04-people-pronouns_p3of3_social.png,dari_04-people-pronouns_p3of3_social.png,Dari,speaksilq_dari,People & Pronouns,04,people-pronouns,social,3,3,10,aqua-mist,#CDECF2,#1B6574,yes,2026-09-05 13:00,2026-09-05,13:00,40,"English vs Dari — People & Pronouns (part 3 of 3)
Guest = Mehman · Name = Nam · Age = Sen
Learn Dari and 20+ more at Speaksilq.com","Pastel vocabulary card titled ""English vs Dari"", subtitle ""People & Pronouns"", listing 10 English words with their Dari romanisations.",#SpeakSilq #LearnDari #Dari #LanguageLearning #Vocabulary #PeoplePronouns,Updated Dari_Typography_Graphics_v2/015_peoplepronouns_3.png
03_dari/dari_07-time-frequency_p1of3_time.png,dari_07-time-frequency_p1of3_time.png,Dari,speaksilq_dari,Time & Frequency,07,time-frequency,time,1,3,12,champagne,#F7E7D0,#835616,yes,2026-09-22 01:00,2026-09-22,01:00,73,"English vs Dari — Time & Frequency (part 1 of 3)
Time = Waqt · Hour = Sa'at · Minute = Daqiqa
Learn Dari and 20+ more at Speaksilq.com","Pastel vocabulary card titled ""English vs Dari"", subtitle ""Time & Frequency"", listing 12 English words with their Dari romanisations.",#SpeakSilq #LearnDari #Dari #LanguageLearning #Vocabulary #TimeFrequency,Updated Dari_Typography_Graphics_v2/004_timefrequency_1.png
03_dari/dari_07-time-frequency_p2of3_time.png,dari_07-time-frequency_p2of3_time.png,Dari,speaksilq_dari,Time & Frequency,07,time-frequency,time,2,3,12,orchid,#F7D9EE,#7E1B60,yes,2026-09-14 13:00,2026-09-14,13:00,58,"English vs Dari — Time & Frequency (part 2 of 3)
Yesterday = Diroz · Day after tomorrow = Pas farda · Now = Hali
Learn Dari and 20+ more at Speaksilq.com","Pastel vocabulary card titled ""English vs Dari"", subtitle ""Time & Frequency"", listing 12 English words with their Dari romanisations.",#SpeakSilq #LearnDari #Dari #LanguageLearning #Vocabulary #TimeFrequency,Updated Dari_Typography_Graphics_v2/005_timefrequency_2.png
03_dari/dari_07-time-frequency_p3of3_time.png,dari_07-time-frequency_p3of3_time.png,Dari,speaksilq_dari,Time & Frequency,07,time-frequency,time,3,3,11,seafoam,#C6EFE8,#196B5D,yes,2026-08-25 01:00,2026-08-25,01:00,17,"English vs Dari — Time & Frequency (part 3 of 3)
Month = Mah · Year = Sal · Century = Qarn
Learn Dari and 20+ more at Speaksilq.com","Pastel vocabulary card titled ""English vs Dari"", subtitle ""Time & Frequency"", listing 11 English words with their Dari romanisations.",#SpeakSilq #LearnDari #Dari #LanguageLearning #Vocabulary #TimeFrequency,Updated Dari_Typography_Graphics_v2/006_timefrequency_3.png
03_dari/dari_08-days-months-seasons_p1of3_time.png,dari_08-days-months-seasons_p1of3_time.png,Dari,speaksilq_dari,"Days, Months & Seasons",08,days-months-seasons,time,1,3,10,lemon-ice,#F4F1C4,#676213,yes,2026-09-16 13:00,2026-09-16,13:00,62,"English vs Dari — Days, Months & Seasons (part 1 of 3)
Saturday = Shanbe · Sunday = Yakshanbe · Monday = Doshanbe
Learn Dari and 20+ more at Speaksilq.com","Pastel vocabulary card titled ""English vs Dari"", subtitle ""Days, Months & Seasons"", listing 10 English words with their Dari romanisations.",#SpeakSilq #LearnDari #Dari #LanguageLearning #Vocabulary #DaysMonthsSeasons,Updated Dari_Typography_Graphics_v2/007_daysmonthsseasons_1.png
03_dari/dari_08-days-months-seasons_p2of3_time.png,dari_08-days-months-seasons_p2of3_time.png,Dari,speaksilq_dari,"Days, Months & Seasons",08,days-months-seasons,time,2,3,10,lavender,#E1D8F5,#3B1D7C,yes,2026-10-01 13:00,2026-10-01,13:00,92,"English vs Dari — Days, Months & Seasons (part 2 of 3)
4th solar month (Jun–Jul) = Saratan · 5th solar month (Jul–Aug) = Asad · 6th solar month (Aug–Sep) = Sunbula
Learn Dari and 20+ more at Speaksilq.com","Pastel vocabulary card titled ""English vs Dari"", subtitle ""Days, Months & Seasons"", listing 10 English words with their Dari romanisations.",#SpeakSilq #LearnDari #Dari #LanguageLearning #Vocabulary #DaysMonthsSeasons,Updated Dari_Typography_Graphics_v2/008_daysmonthsseasons_2.png
03_dari/dari_08-days-months-seasons_p3of3_time.png,dari_08-days-months-seasons_p3of3_time.png,Dari,speaksilq_dari,"Days, Months & Seasons",08,days-months-seasons,time,3,3,10,powder-blue,#D5E4F7,#184681,yes,2026-08-29 13:00,2026-08-29,13:00,26,"English vs Dari — Days, Months & Seasons (part 3 of 3)
Summer = Tabestan · Autumn = Khazan · Winter = Zemestan
Learn Dari and 20+ more at Speaksilq.com","Pastel vocabulary card titled ""English vs Dari"", subtitle ""Days, Months & Seasons"", listing 10 English words with their Dari romanisations.",#SpeakSilq #LearnDari #Dari #LanguageLearning #Vocabulary #DaysMonthsSeasons,Updated Dari_Typography_Graphics_v2/009_daysmonthsseasons_3.png
03_dari/dari_09-daily-routine_p1of3_time.png,dari_09-daily-routine_p1of3_time.png,Dari,speaksilq_dari,Daily Routine & Habits,09,daily-routine,time,1,3,12,lavender,#E1D8F5,#3B1D7C,yes,2026-08-22 13:00,2026-08-22,13:00,12,"English vs Dari — Daily Routine & Habits (part 1 of 3)
Daily routine = Karhaye rozmarra · To get up = kheystan · To wash the face = Roy shustan
Learn Dari and 20+ more at Speaksilq.com","Pastel vocabulary card titled ""English vs Dari"", subtitle ""Daily Routine & Habits"", listing 12 English words with their Dari romanisations.",#SpeakSilq #LearnDari #Dari #LanguageLearning #Vocabulary #DailyRoutine,Updated Dari_Typography_Graphics_v2/024_dailyroutinehabits_1.png
03_dari/dari_09-daily-routine_p2of3_time.png,dari_09-daily-routine_p2of3_time.png,Dari,speaksilq_dari,Daily Routine & Habits,09,daily-routine,time,2,3,12,periwinkle,#D9DDF7,#1B287E,yes,2026-09-10 01:00,2026-09-10,01:00,49,"English vs Dari — Daily Routine & Habits (part 2 of 3)
To have dinner = Nan-e shab khordan · To take a nap = Chort zadan · To tidy the house = Khana pak kardan
Learn Dari and 20+ more at Speaksilq.com","Pastel vocabulary card titled ""English vs Dari"", subtitle ""Daily Routine & Habits"", listing 12 English words with their Dari romanisations.",#SpeakSilq #LearnDari #Dari #LanguageLearning #Vocabulary #DailyRoutine,Updated Dari_Typography_Graphics_v2/025_dailyroutinehabits_2.png
03_dari/dari_09-daily-routine_p3of3_time.png,dari_09-daily-routine_p3of3_time.png,Dari,speaksilq_dari,Daily Routine & Habits,09,daily-routine,time,3,3,11,seafoam,#C6EFE8,#196B5D,yes,2026-09-04 01:00,2026-09-04,01:00,37,"English vs Dari — Daily Routine & Habits (part 3 of 3)
Every morning = Har sob · Usually = Ma'mulan · First of all = Awwal az hama
Learn Dari and 20+ more at Speaksilq.com","Pastel vocabulary card titled ""English vs Dari"", subtitle ""Daily Routine & Habits"", listing 11 English words with their Dari romanisations.",#SpeakSilq #LearnDari #Dari #LanguageLearning #Vocabulary #DailyRoutine,Updated Dari_Typography_Graphics_v2/026_dailyroutinehabits_3.png
03_dari/dari_10-family-relationships_p1of3_people.png,dari_10-family-relationships_p1of3_people.png,Dari,speaksilq_dari,Family & Relationships,10,family-relationships,people,1,3,12,lilac,#EDD9F3,#661D7C,yes,2026-09-03 01:00,2026-09-03,01:00,35,"English vs Dari — Family & Relationships (part 1 of 3)
Family = Khanawada · Father = Padar · Mother = Madar
Learn Dari and 20+ more at Speaksilq.com","Pastel vocabulary card titled ""English vs Dari"", subtitle ""Family & Relationships"", listing 12 English words with their Dari romanisations.",#SpeakSilq #LearnDari #Dari #LanguageLearning #Vocabulary #FamilyRelationships,Updated Dari_Typography_Graphics_v2/010_familyrelationships_1.png
03_dari/dari_10-family-relationships_p2of3_people.png,dari_10-family-relationships_p2of3_people.png,Dari,speaksilq_dari,Family & Relationships,10,family-relationships,people,2,3,12,coral-mist,#FFDCCB,#993200,yes,2026-08-20 01:00,2026-08-20,01:00,7,"English vs Dari — Family & Relationships (part 2 of 3)
Wife = Khanum · Grandfather = Bab-e kalan · Grandmother = Bibi
Learn Dari and 20+ more at Speaksilq.com","Pastel vocabulary card titled ""English vs Dari"", subtitle ""Family & Relationships"", listing 12 English words with their Dari romanisations.",#SpeakSilq #LearnDari #Dari #LanguageLearning #Vocabulary #FamilyRelationships,Updated Dari_Typography_Graphics_v2/011_familyrelationships_2.png
03_dari/dari_10-family-relationships_p3of3_people.png,dari_10-family-relationships_p3of3_people.png,Dari,speaksilq_dari,Family & Relationships,10,family-relationships,people,3,3,11,sky,#CFE6F7,#165583,yes,2026-08-28 01:00,2026-08-28,01:00,23,"English vs Dari — Family & Relationships (part 3 of 3)
Father-in-law = Khusur · Mother-in-law = Khushu · Son-in-law = Damad
Learn Dari and 20+ more at Speaksilq.com","Pastel vocabulary card titled ""English vs Dari"", subtitle ""Family & Relationships"", listing 11 English words with their Dari romanisations.",#SpeakSilq #LearnDari #Dari #LanguageLearning #Vocabulary #FamilyRelationships,Updated Dari_Typography_Graphics_v2/012_familyrelationships_3.png
03_dari/dari_11-emotions-feelings_p1of3_people.png,dari_11-emotions-feelings_p1of3_people.png,Dari,speaksilq_dari,Emotions & Feelings,11,emotions-feelings,people,1,3,10,sky,#CFE6F7,#165583,yes,2026-08-18 01:00,2026-08-18,01:00,3,"English vs Dari — Emotions & Feelings (part 1 of 3)
Happiness = Khushi · Sadness = Ghamgini · Love = Muhabbat
Learn Dari and 20+ more at Speaksilq.com","Pastel vocabulary card titled ""English vs Dari"", subtitle ""Emotions & Feelings"", listing 10 English words with their Dari romanisations.",#SpeakSilq #LearnDari #Dari #LanguageLearning #Vocabulary #EmotionsFeelings,Updated Dari_Typography_Graphics_v2/033_emotionsfeelings_1.png
03_dari/dari_11-emotions-feelings_p2of3_people.png,dari_11-emotions-feelings_p2of3_people.png,Dari,speaksilq_dari,Emotions & Feelings,11,emotions-feelings,people,2,3,10,sky,#CFE6F7,#165583,yes,2026-09-27 01:00,2026-09-27,01:00,83,"English vs Dari — Emotions & Feelings (part 2 of 3)
Shame = Sharm · Pride = Iftikhar · Jealousy = Hasad
Learn Dari and 20+ more at Speaksilq.com","Pastel vocabulary card titled ""English vs Dari"", subtitle ""Emotions & Feelings"", listing 10 English words with their Dari romanisations.",#SpeakSilq #LearnDari #Dari #LanguageLearning #Vocabulary #EmotionsFeelings,Updated Dari_Typography_Graphics_v2/034_emotionsfeelings_2.png
03_dari/dari_11-emotions-feelings_p3of3_people.png,dari_11-emotions-feelings_p3of3_people.png,Dari,speaksilq_dari,Emotions & Feelings,11,emotions-feelings,people,3,3,10,honeydew,#D9F2D0,#2F6B19,yes,2026-09-19 13:00,2026-09-19,13:00,68,"English vs Dari — Emotions & Feelings (part 3 of 3)
Tired = Khasta · Nervous = Asabi · Confused = Sar dargum
Learn Dari and 20+ more at Speaksilq.com","Pastel vocabulary card titled ""English vs Dari"", subtitle ""Emotions & Feelings"", listing 10 English words with their Dari romanisations.",#SpeakSilq #LearnDari #Dari #LanguageLearning #Vocabulary #EmotionsFeelings,Updated Dari_Typography_Graphics_v2/035_emotionsfeelings_3.png
03_dari/dari_12-body-parts_p1of3_people.png,dari_12-body-parts_p1of3_people.png,Dari,speaksilq_dari,Body Parts,12,body-parts,people,1,3,10,sky,#CFE6F7,#165583,yes,2026-09-07 01:00,2026-09-07,01:00,43,"English vs Dari — Body Parts (part 1 of 3)
Body = Badan · Head = Sar · Hair = Mo
Learn Dari and 20+ more at Speaksilq.com","Pastel vocabulary card titled ""English vs Dari"", subtitle ""Body Parts"", listing 10 English words with their Dari romanisations.",#SpeakSilq #LearnDari #Dari #LanguageLearning #Vocabulary #BodyParts,Updated Dari_Typography_Graphics_v2/036_bodyparts_1.png
03_dari/dari_12-body-parts_p2of3_people.png,dari_12-body-parts_p2of3_people.png,Dari,speaksilq_dari,Body Parts,12,body-parts,people,2,3,10,mint,#C8F0DE,#196B46,yes,2026-09-22 13:00,2026-09-22,13:00,74,"English vs Dari — Body Parts (part 2 of 3)
Lip = Lab · Neck = Gardan · Shoulder = Shana
Learn Dari and 20+ more at Speaksilq.com","Pastel vocabulary card titled ""English vs Dari"", subtitle ""Body Parts"", listing 10 English words with their Dari romanisations.",#SpeakSilq #LearnDari #Dari #LanguageLearning #Vocabulary #BodyParts,Updated Dari_Typography_Graphics_v2/037_bodyparts_2.png
03_dari/dari_12-body-parts_p3of3_people.png,dari_12-body-parts_p3of3_people.png,Dari,speaksilq_dari,Body Parts,12,body-parts,people,3,3,10,honeydew,#D9F2D0,#2F6B19,yes,2026-08-30 13:00,2026-08-30,13:00,28,"English vs Dari — Body Parts (part 3 of 3)
Heart = Dil · Leg = Pa · Knee = Zanu
Learn Dari and 20+ more at Speaksilq.com","Pastel vocabulary card titled ""English vs Dari"", subtitle ""Body Parts"", listing 10 English words with their Dari romanisations.",#SpeakSilq #LearnDari #Dari #LanguageLearning #Vocabulary #BodyParts,Updated Dari_Typography_Graphics_v2/038_bodyparts_3.png
03_dari/dari_13-health-medical_p1of3_people.png,dari_13-health-medical_p1of3_people.png,Dari,speaksilq_dari,Health & Medical,13,health-medical,people,1,3,10,butter,#FFF2C2,#7A6000,yes,2026-08-26 01:00,2026-08-26,01:00,19,"English vs Dari — Health & Medical (part 1 of 3)
Health = Sehat · Doctor = Daktar · Hospital = Shafakhana
Learn Dari and 20+ more at Speaksilq.com","Pastel vocabulary card titled ""English vs Dari"", subtitle ""Health & Medical"", listing 10 English words with their Dari romanisations.",#SpeakSilq #LearnDari #Dari #LanguageLearning #Vocabulary #HealthMedical,Updated Dari_Typography_Graphics_v2/039_healthmedical_1.png
03_dari/dari_13-health-medical_p2of3_people.png,dari_13-health-medical_p2of3_people.png,Dari,speaksilq_dari,Health & Medical,13,health-medical,people,2,3,10,lilac,#EDD9F3,#661D7C,yes,2026-09-13 01:00,2026-09-13,01:00,55,"English vs Dari — Health & Medical (part 2 of 3)
Headache = Sar dardi · Stomach ache = Shekam dardi · Fever = Tab
Learn Dari and 20+ more at Speaksilq.com","Pastel vocabulary card titled ""English vs Dari"", subtitle ""Health & Medical"", listing 10 English words with their Dari romanisations.",#SpeakSilq #LearnDari #Dari #LanguageLearning #Vocabulary #HealthMedical,Updated Dari_Typography_Graphics_v2/040_healthmedical_2.png
03_dari/dari_13-health-medical_p3of3_people.png,dari_13-health-medical_p3of3_people.png,Dari,speaksilq_dari,Health & Medical,13,health-medical,people,3,3,10,orchid,#F7D9EE,#7E1B60,yes,2026-09-24 13:00,2026-09-24,13:00,78,"English vs Dari — Health & Medical (part 3 of 3)
Operation = Amaliyat · Prescription = Nuskha · Treatment = Tadawi
Learn Dari and 20+ more at Speaksilq.com","Pastel vocabulary card titled ""English vs Dari"", subtitle ""Health & Medical"", listing 10 English words with their Dari romanisations.",#SpeakSilq #LearnDari #Dari #LanguageLearning #Vocabulary #HealthMedical,Updated Dari_Typography_Graphics_v2/041_healthmedical_3.png
03_dari/dari_14-food-drink_p1of4_food.png,dari_14-food-drink_p1of4_food.png,Dari,speaksilq_dari,Food & Drink,14,food-drink,food,1,4,10,rose-quartz,#F7D6D0,#832716,yes,2026-08-18 13:00,2026-08-18,13:00,4,"English vs Dari — Food & Drink (part 1 of 4)
Food = Ghiza · Bread = Nan · Water = Ab
Learn Dari and 20+ more at Speaksilq.com","Pastel vocabulary card titled ""English vs Dari"", subtitle ""Food & Drink"", listing 10 English words with their Dari romanisations.",#SpeakSilq #LearnDari #Dari #LanguageLearning #Vocabulary #FoodDrink,Updated Dari_Typography_Graphics_v2/042_fooddrink_1.png
03_dari/dari_14-food-drink_p2of4_food.png,dari_14-food-drink_p2of4_food.png,Dari,speaksilq_dari,Food & Drink,14,food-drink,food,2,4,10,lavender,#E1D8F5,#3B1D7C,yes,2026-09-01 13:00,2026-09-01,13:00,32,"English vs Dari — Food & Drink (part 2 of 4)
Fish = Mahi · Egg = Tukhm · Milk = Shir
Learn Dari and 20+ more at Speaksilq.com","Pastel vocabulary card titled ""English vs Dari"", subtitle ""Food & Drink"", listing 10 English words with their Dari romanisations.",#SpeakSilq #LearnDari #Dari #LanguageLearning #Vocabulary #FoodDrink,Updated Dari_Typography_Graphics_v2/043_fooddrink_2.png
03_dari/dari_14-food-drink_p3of4_food.png,dari_14-food-drink_p3of4_food.png,Dari,speaksilq_dari,Food & Drink,14,food-drink,food,3,4,10,mint,#C8F0DE,#196B46,yes,2026-09-12 13:00,2026-09-12,13:00,54,"English vs Dari — Food & Drink (part 3 of 4)
Flour = Ard · Beans = Lubya · Stew / gravy = Qorma
Learn Dari and 20+ more at Speaksilq.com","Pastel vocabulary card titled ""English vs Dari"", subtitle ""Food & Drink"", listing 10 English words with their Dari romanisations.",#SpeakSilq #LearnDari #Dari #LanguageLearning #Vocabulary #FoodDrink,Updated Dari_Typography_Graphics_v2/044_fooddrink_3.png
03_dari/dari_14-food-drink_p4of4_food.png,dari_14-food-drink_p4of4_food.png,Dari,speaksilq_dari,Food & Drink,14,food-drink,food,4,4,10,periwinkle,#D9DDF7,#1B287E,yes,2026-09-20 01:00,2026-09-20,01:00,69,"English vs Dari — Food & Drink (part 4 of 4)
Black tea = Chai-e siyah · Coffee = Qahwa · Juice / cordial = Sharbat
Learn Dari and 20+ more at Speaksilq.com","Pastel vocabulary card titled ""English vs Dari"", subtitle ""Food & Drink"", listing 10 English words with their Dari romanisations.",#SpeakSilq #LearnDari #Dari #LanguageLearning #Vocabulary #FoodDrink,Updated Dari_Typography_Graphics_v2/045_fooddrink_4.png
03_dari/dari_15-fruits-vegetables_p1of3_food.png,dari_15-fruits-vegetables_p1of3_food.png,Dari,speaksilq_dari,Fruits & Vegetables,15,fruits-vegetables,food,1,3,10,coral-mist,#FFDCCB,#993200,yes,2026-08-30 01:00,2026-08-30,01:00,27,"English vs Dari — Fruits & Vegetables (part 1 of 3)
Fruit = Mewa · Apple = Seb · Banana = Kela
Learn Dari and 20+ more at Speaksilq.com","Pastel vocabulary card titled ""English vs Dari"", subtitle ""Fruits & Vegetables"", listing 10 English words with their Dari romanisations.",#SpeakSilq #LearnDari #Dari #LanguageLearning #Vocabulary #FruitsVegetables,Updated Dari_Typography_Graphics_v2/046_fruitsvegetables_1.png
03_dari/dari_15-fruits-vegetables_p2of3_food.png,dari_15-fruits-vegetables_p2of3_food.png,Dari,speaksilq_dari,Fruits & Vegetables,15,fruits-vegetables,food,2,3,10,peach,#FFE3C9,#994A00,yes,2026-09-10 13:00,2026-09-10,13:00,50,"English vs Dari — Fruits & Vegetables (part 2 of 3)
Date (fruit) = Khurma · Almond = Badam · Walnut = Charmaghz
Learn Dari and 20+ more at Speaksilq.com","Pastel vocabulary card titled ""English vs Dari"", subtitle ""Fruits & Vegetables"", listing 10 English words with their Dari romanisations.",#SpeakSilq #LearnDari #Dari #LanguageLearning #Vocabulary #FruitsVegetables,Updated Dari_Typography_Graphics_v2/047_fruitsvegetables_2.png
03_dari/dari_15-fruits-vegetables_p3of3_food.png,dari_15-fruits-vegetables_p3of3_food.png,Dari,speaksilq_dari,Fruits & Vegetables,15,fruits-vegetables,food,3,3,10,blush,#FFD9E1,#990020,yes,2026-09-26 01:00,2026-09-26,01:00,81,"English vs Dari — Fruits & Vegetables (part 3 of 3)
Tomato = Badenjan-e rumi · Aubergine = Badenjan-e siyah · Garlic = Seer
Learn Dari and 20+ more at Speaksilq.com","Pastel vocabulary card titled ""English vs Dari"", subtitle ""Fruits & Vegetables"", listing 10 English words with their Dari romanisations.",#SpeakSilq #LearnDari #Dari #LanguageLearning #Vocabulary #FruitsVegetables,Updated Dari_Typography_Graphics_v2/048_fruitsvegetables_3.png
03_dari/dari_16-cooking-kitchen_p1of3_food.png,dari_16-cooking-kitchen_p1of3_food.png,Dari,speaksilq_dari,Cooking & Kitchen,16,cooking-kitchen,food,1,3,10,powder-blue,#D5E4F7,#184681,yes,2026-09-08 13:00,2026-09-08,13:00,46,"English vs Dari — Cooking & Kitchen (part 1 of 3)
Kitchen = Ashpazkhana · Cook (person) = Ashpaz · Stove = Ojaq
Learn Dari and 20+ more at Speaksilq.com","Pastel vocabulary card titled ""English vs Dari"", subtitle ""Cooking & Kitchen"", listing 10 English words with their Dari romanisations.",#SpeakSilq #LearnDari #Dari #LanguageLearning #Vocabulary #CookingKitchen,Updated Dari_Typography_Graphics_v2/049_cookingkitchen_1.png
03_dari/dari_16-cooking-kitchen_p2of3_food.png,dari_16-cooking-kitchen_p2of3_food.png,Dari,speaksilq_dari,Cooking & Kitchen,16,cooking-kitchen,food,2,3,10,lemon-ice,#F4F1C4,#676213,yes,2026-08-27 13:00,2026-08-27,13:00,22,"English vs Dari — Cooking & Kitchen (part 2 of 3)
Spoon = Qashuq · Fork = Panja · Knife = Kard
Learn Dari and 20+ more at Speaksilq.com","Pastel vocabulary card titled ""English vs Dari"", subtitle ""Cooking & Kitchen"", listing 10 English words with their Dari romanisations.",#SpeakSilq #LearnDari #Dari #LanguageLearning #Vocabulary #CookingKitchen,Updated Dari_Typography_Graphics_v2/050_cookingkitchen_2.png
03_dari/dari_16-cooking-kitchen_p3of3_food.png,dari_16-cooking-kitchen_p3of3_food.png,Dari,speaksilq_dari,Cooking & Kitchen,16,cooking-kitchen,food,3,3,10,butter,#FFF2C2,#7A6000,yes,2026-09-15 01:00,2026-09-15,01:00,59,"English vs Dari — Cooking & Kitchen (part 3 of 3)
To roast = Beryan kardan · To cut = Buridan · To mix = Makhlut kardan
Learn Dari and 20+ more at Speaksilq.com","Pastel vocabulary card titled ""English vs Dari"", subtitle ""Cooking & Kitchen"", listing 10 English words with their Dari romanisations.",#SpeakSilq #LearnDari #Dari #LanguageLearning #Vocabulary #CookingKitchen,Updated Dari_Typography_Graphics_v2/051_cookingkitchen_3.png
03_dari/dari_17-restaurant-ordering_p1of3_food.png,dari_17-restaurant-ordering_p1of3_food.png,Dari,speaksilq_dari,Restaurant & Ordering,17,restaurant-ordering,food,1,3,10,pistachio,#E4F0C4,#556B19,yes,2026-09-18 01:00,2026-09-18,01:00,65,"English vs Dari — Restaurant & Ordering (part 1 of 3)
Restaurant = Restoran · Eatery = Hotal · Menu = Menu
Learn Dari and 20+ more at Speaksilq.com","Pastel vocabulary card titled ""English vs Dari"", subtitle ""Restaurant & Ordering"", listing 10 English words with their Dari romanisations.",#SpeakSilq #LearnDari #Dari #LanguageLearning #Vocabulary #RestaurantOrdering,Updated Dari_Typography_Graphics_v2/052_restaurantordering_1.png
03_dari/dari_17-restaurant-ordering_p2of3_food.png,dari_17-restaurant-ordering_p2of3_food.png,Dari,speaksilq_dari,Restaurant & Ordering,17,restaurant-ordering,food,2,3,10,mint,#C8F0DE,#196B46,yes,2026-08-23 13:00,2026-08-23,13:00,14,"English vs Dari — Restaurant & Ordering (part 2 of 3)
May I see the menu? = Menu ra dida metanum? · What do you recommend? = Shoma chi tawsiya mekunin? · I would like ... = Man ... mekhaham
Learn Dari and 20+ more at Speaksilq.com","Pastel vocabulary card titled ""English vs Dari"", subtitle ""Restaurant & Ordering"", listing 10 English words with their Dari romanisations.",#SpeakSilq #LearnDari #Dari #LanguageLearning #Vocabulary #RestaurantOrdering,Updated Dari_Typography_Graphics_v2/053_restaurantordering_2.png
03_dari/dari_17-restaurant-ordering_p3of3_food.png,dari_17-restaurant-ordering_p3of3_food.png,Dari,speaksilq_dari,Restaurant & Ordering,17,restaurant-ordering,food,3,3,10,coral-mist,#FFDCCB,#993200,yes,2026-09-29 01:00,2026-09-29,01:00,87,"English vs Dari — Restaurant & Ordering (part 3 of 3)
I am full = Ser astum · The bill, please = Bil ra biyarin · Do you take cards? = Kart qabul mekunin?
Learn Dari and 20+ more at Speaksilq.com","Pastel vocabulary card titled ""English vs Dari"", subtitle ""Restaurant & Ordering"", listing 10 English words with their Dari romanisations.",#SpeakSilq #LearnDari #Dari #LanguageLearning #Vocabulary #RestaurantOrdering,Updated Dari_Typography_Graphics_v2/054_restaurantordering_3.png
03_dari/dari_18-home-household_p1of3_home.png,dari_18-home-household_p1of3_home.png,Dari,speaksilq_dari,Home & Household,18,home-household,home,1,3,10,lemon-ice,#F4F1C4,#676213,yes,2026-09-26 13:00,2026-09-26,13:00,82,"English vs Dari — Home & Household (part 1 of 3)
House = Khana · Room = Utaq · Bedroom = Utaq-e khaw
Learn Dari and 20+ more at Speaksilq.com","Pastel vocabulary card titled ""English vs Dari"", subtitle ""Home & Household"", listing 10 English words with their Dari romanisations.",#SpeakSilq #LearnDari #Dari #LanguageLearning #Vocabulary #HomeHousehold,Updated Dari_Typography_Graphics_v2/055_homehousehold_1.png
03_dari/dari_18-home-household_p2of3_home.png,dari_18-home-household_p2of3_home.png,Dari,speaksilq_dari,Home & Household,18,home-household,home,2,3,10,peach,#FFE3C9,#994A00,yes,2026-08-31 13:00,2026-08-31,13:00,30,"English vs Dari — Home & Household (part 2 of 3)
Stairs = Zina · Key = Kelid · Lock = Qufl
Learn Dari and 20+ more at Speaksilq.com","Pastel vocabulary card titled ""English vs Dari"", subtitle ""Home & Household"", listing 10 English words with their Dari romanisations.",#SpeakSilq #LearnDari #Dari #LanguageLearning #Vocabulary #HomeHousehold,Updated Dari_Typography_Graphics_v2/056_homehousehold_2.png
03_dari/dari_18-home-household_p3of3_home.png,dari_18-home-household_p3of3_home.png,Dari,speaksilq_dari,Home & Household,18,home-household,home,3,3,10,rose-quartz,#F7D6D0,#832716,yes,2026-09-07 13:00,2026-09-07,13:00,44,"English vs Dari — Home & Household (part 3 of 3)
Fan = Panka · Wood stove / heater = Bukhari · Curtain = Parda
Learn Dari and 20+ more at Speaksilq.com","Pastel vocabulary card titled ""English vs Dari"", subtitle ""Home & Household"", listing 10 English words with their Dari romanisations.",#SpeakSilq #LearnDari #Dari #LanguageLearning #Vocabulary #HomeHousehold,Updated Dari_Typography_Graphics_v2/057_homehousehold_3.png
03_dari/dari_19-clothing-accessories_p1of2_home.png,dari_19-clothing-accessories_p1of2_home.png,Dari,speaksilq_dari,Clothing & Accessories,19,clothing-accessories,home,1,2,13,honeydew,#D9F2D0,#2F6B19,yes,2026-09-29 13:00,2026-09-29,13:00,88,"English vs Dari — Clothing & Accessories (part 1 of 2)
Clothes = Kali · Shirt / tunic = Perahan · Trousers = Tunban
Learn Dari and 20+ more at Speaksilq.com","Pastel vocabulary card titled ""English vs Dari"", subtitle ""Clothing & Accessories"", listing 13 English words with their Dari romanisations.",#SpeakSilq #LearnDari #Dari #LanguageLearning #Vocabulary #ClothingAccessories,Updated Dari_Typography_Graphics_v2/058_clothingaccessories_1.png
03_dari/dari_19-clothing-accessories_p2of2_home.png,dari_19-clothing-accessories_p2of2_home.png,Dari,speaksilq_dari,Clothing & Accessories,19,clothing-accessories,home,2,2,12,orchid,#F7D9EE,#7E1B60,yes,2026-08-25 13:00,2026-08-25,13:00,18,"English vs Dari — Clothing & Accessories (part 2 of 2)
Turban = Lungi · Belt = Kamarband · Watch = Sa'at
Learn Dari and 20+ more at Speaksilq.com","Pastel vocabulary card titled ""English vs Dari"", subtitle ""Clothing & Accessories"", listing 12 English words with their Dari romanisations.",#SpeakSilq #LearnDari #Dari #LanguageLearning #Vocabulary #ClothingAccessories,Updated Dari_Typography_Graphics_v2/059_clothingaccessories_2.png
03_dari/dari_20-shopping-money_p1of3_home.png,dari_20-shopping-money_p1of3_home.png,Dari,speaksilq_dari,Shopping & Money,20,shopping-money,home,1,3,10,honeydew,#D9F2D0,#2F6B19,yes,2026-08-20 13:00,2026-08-20,13:00,8,"English vs Dari — Shopping & Money (part 1 of 3)
Shop = Dukan · Shopkeeper = Dukandar · Market = Bazar
Learn Dari and 20+ more at Speaksilq.com","Pastel vocabulary card titled ""English vs Dari"", subtitle ""Shopping & Money"", listing 10 English words with their Dari romanisations.",#SpeakSilq #LearnDari #Dari #LanguageLearning #Vocabulary #ShoppingMoney,Updated Dari_Typography_Graphics_v2/060_shoppingmoney_1.png
03_dari/dari_20-shopping-money_p2of3_home.png,dari_20-shopping-money_p2of3_home.png,Dari,speaksilq_dari,Shopping & Money,20,shopping-money,home,2,3,10,butter,#FFF2C2,#7A6000,yes,2026-09-05 01:00,2026-09-05,01:00,39,"English vs Dari — Shopping & Money (part 2 of 3)
Card = Kart · Bank = Bank · Account = Hisab
Learn Dari and 20+ more at Speaksilq.com","Pastel vocabulary card titled ""English vs Dari"", subtitle ""Shopping & Money"", listing 10 English words with their Dari romanisations.",#SpeakSilq #LearnDari #Dari #LanguageLearning #Vocabulary #ShoppingMoney,Updated Dari_Typography_Graphics_v2/061_shoppingmoney_2.png
03_dari/dari_20-shopping-money_p3of3_home.png,dari_20-shopping-money_p3of3_home.png,Dari,speaksilq_dari,Shopping & Money,20,shopping-money,home,3,3,10,seafoam,#C6EFE8,#196B5D,yes,2026-09-14 01:00,2026-09-14,01:00,57,"English vs Dari — Shopping & Money (part 3 of 3)
That is too expensive = Ee besyar qimat ast · Lower the price a little = Kami kam kunen · I will take this = Man ee ra megirum
Learn Dari and 20+ more at Speaksilq.com","Pastel vocabulary card titled ""English vs Dari"", subtitle ""Shopping & Money"", listing 10 English words with their Dari romanisations.",#SpeakSilq #LearnDari #Dari #LanguageLearning #Vocabulary #ShoppingMoney,Updated Dari_Typography_Graphics_v2/062_shoppingmoney_3.png
03_dari/dari_21-colours_p1of2_home.png,dari_21-colours_p1of2_home.png,Dari,speaksilq_dari,Colours,21,colours,home,1,2,10,champagne,#F7E7D0,#835616,yes,2026-08-23 01:00,2026-08-23,01:00,13,"English vs Dari — Colours (part 1 of 2)
Colour = Rang · Red = Surkh · Blue = Abi
Learn Dari and 20+ more at Speaksilq.com","Pastel vocabulary card titled ""English vs Dari"", subtitle ""Colours"", listing 10 English words with their Dari romanisations.",#SpeakSilq #LearnDari #Dari #LanguageLearning #Vocabulary #Colours,Updated Dari_Typography_Graphics_v2/031_colours_1.png
03_dari/dari_21-colours_p2of2_home.png,dari_21-colours_p2of2_home.png,Dari,speaksilq_dari,Colours,21,colours,home,2,2,10,rose-quartz,#F7D6D0,#832716,yes,2026-09-17 13:00,2026-09-17,13:00,64,"English vs Dari — Colours (part 2 of 2)
Brown = Nasswari · Grey = Khakestari · Golden = Talayi
Learn Dari and 20+ more at Speaksilq.com","Pastel vocabulary card titled ""English vs Dari"", subtitle ""Colours"", listing 10 English words with their Dari romanisations.",#SpeakSilq #LearnDari #Dari #LanguageLearning #Vocabulary #Colours,Updated Dari_Typography_Graphics_v2/032_colours_2.png
03_dari/dari_22-travel-transport_p1of3_travel.png,dari_22-travel-transport_p1of3_travel.png,Dari,speaksilq_dari,Travel & Transport,22,travel-transport,travel,1,3,12,sand,#EEE4D4,#7C571D,yes,2026-09-03 13:00,2026-09-03,13:00,36,"English vs Dari — Travel & Transport (part 1 of 3)
Journey / travel = Safar · Traveller = Musafir · Car = Motar
Learn Dari and 20+ more at Speaksilq.com","Pastel vocabulary card titled ""English vs Dari"", subtitle ""Travel & Transport"", listing 12 English words with their Dari romanisations.",#SpeakSilq #LearnDari #Dari #LanguageLearning #Vocabulary #TravelTransport,Updated Dari_Typography_Graphics_v2/063_traveltransport_1.png
03_dari/dari_22-travel-transport_p2of3_travel.png,dari_22-travel-transport_p2of3_travel.png,Dari,speaksilq_dari,Travel & Transport,22,travel-transport,travel,2,3,12,sand,#EEE4D4,#7C571D,yes,2026-09-23 13:00,2026-09-23,13:00,76,"English vs Dari — Travel & Transport (part 2 of 3)
Airport = Maidan-e hawayi · Bus station = Estgah · Ticket = Tikat
Learn Dari and 20+ more at Speaksilq.com","Pastel vocabulary card titled ""English vs Dari"", subtitle ""Travel & Transport"", listing 12 English words with their Dari romanisations.",#SpeakSilq #LearnDari #Dari #LanguageLearning #Vocabulary #TravelTransport,Updated Dari_Typography_Graphics_v2/064_traveltransport_2.png
03_dari/dari_22-travel-transport_p3of3_travel.png,dari_22-travel-transport_p3of3_travel.png,Dari,speaksilq_dari,Travel & Transport,22,travel-transport,travel,3,3,11,pistachio,#E4F0C4,#556B19,yes,2026-08-19 01:00,2026-08-19,01:00,5,"English vs Dari — Travel & Transport (part 3 of 3)
Traffic = Terafik · Delay = Ta'khir · Arrival = Wurud
Learn Dari and 20+ more at Speaksilq.com","Pastel vocabulary card titled ""English vs Dari"", subtitle ""Travel & Transport"", listing 11 English words with their Dari romanisations.",#SpeakSilq #LearnDari #Dari #LanguageLearning #Vocabulary #TravelTransport,Updated Dari_Typography_Graphics_v2/065_traveltransport_3.png
03_dari/dari_23-directions-places_p1of2_travel.png,dari_23-directions-places_p1of2_travel.png,Dari,speaksilq_dari,Directions & Places,23,directions-places,travel,1,2,13,blush,#FFD9E1,#990020,yes,2026-09-06 01:00,2026-09-06,01:00,41,"English vs Dari — Directions & Places (part 1 of 2)
Right = Rast · Left = Chap · Straight ahead = Mustaqim
Learn Dari and 20+ more at Speaksilq.com","Pastel vocabulary card titled ""English vs Dari"", subtitle ""Directions & Places"", listing 13 English words with their Dari romanisations.",#SpeakSilq #LearnDari #Dari #LanguageLearning #Vocabulary #DirectionsPlaces,Updated Dari_Typography_Graphics_v2/066_directionsplaces_1.png
03_dari/dari_23-directions-places_p2of2_travel.png,dari_23-directions-places_p2of2_travel.png,Dari,speaksilq_dari,Directions & Places,23,directions-places,travel,2,2,12,peach,#FFE3C9,#994A00,yes,2026-09-20 13:00,2026-09-20,13:00,70,"English vs Dari — Directions & Places (part 2 of 2)
Crossroads = Chaharrahi · Distance = Fasela · Address = Adres
Learn Dari and 20+ more at Speaksilq.com","Pastel vocabulary card titled ""English vs Dari"", subtitle ""Directions & Places"", listing 12 English words with their Dari romanisations.",#SpeakSilq #LearnDari #Dari #LanguageLearning #Vocabulary #DirectionsPlaces,Updated Dari_Typography_Graphics_v2/067_directionsplaces_2.png
03_dari/dari_24-city-places_p1of2_travel.png,dari_24-city-places_p1of2_travel.png,Dari,speaksilq_dari,City & Places,24,city-places,travel,1,2,13,powder-blue,#D5E4F7,#184681,yes,2026-09-28 13:00,2026-09-28,13:00,86,"English vs Dari — City & Places (part 1 of 2)
City = Shahr · Village = Qarya · Country = Kishwar
Learn Dari and 20+ more at Speaksilq.com","Pastel vocabulary card titled ""English vs Dari"", subtitle ""City & Places"", listing 13 English words with their Dari romanisations.",#SpeakSilq #LearnDari #Dari #LanguageLearning #Vocabulary #CityPlaces,Updated Dari_Typography_Graphics_v2/068_cityplaces_1.png
03_dari/dari_24-city-places_p2of2_travel.png,dari_24-city-places_p2of2_travel.png,Dari,speaksilq_dari,City & Places,24,city-places,travel,2,2,12,rose-quartz,#F7D6D0,#832716,yes,2026-08-28 13:00,2026-08-28,13:00,24,"English vs Dari — City & Places (part 2 of 2)
Bakery = Nanwayi · Park = Park · Museum = Muzem
Learn Dari and 20+ more at Speaksilq.com","Pastel vocabulary card titled ""English vs Dari"", subtitle ""City & Places"", listing 12 English words with their Dari romanisations.",#SpeakSilq #LearnDari #Dari #LanguageLearning #Vocabulary #CityPlaces,Updated Dari_Typography_Graphics_v2/069_cityplaces_2.png
03_dari/dari_25-hotel-accommodation_p1of2_travel.png,dari_25-hotel-accommodation_p1of2_travel.png,Dari,speaksilq_dari,Hotel & Accommodation,25,hotel-accommodation,travel,1,2,13,aqua-mist,#CDECF2,#1B6574,yes,2026-09-25 13:00,2026-09-25,13:00,80,"English vs Dari — Hotel & Accommodation (part 1 of 2)
Hotel = Hotal-e bud o bash · Reception = Paziresh · Booking = Rezerv
Learn Dari and 20+ more at Speaksilq.com","Pastel vocabulary card titled ""English vs Dari"", subtitle ""Hotel & Accommodation"", listing 13 English words with their Dari romanisations.",#SpeakSilq #LearnDari #Dari #LanguageLearning #Vocabulary #HotelAccommodation,Updated Dari_Typography_Graphics_v2/070_hotelaccommodation_1.png
03_dari/dari_25-hotel-accommodation_p2of2_travel.png,dari_25-hotel-accommodation_p2of2_travel.png,Dari,speaksilq_dari,Hotel & Accommodation,25,hotel-accommodation,travel,2,2,12,sage,#DCE7D5,#356317,yes,2026-09-11 01:00,2026-09-11,01:00,51,"English vs Dari — Hotel & Accommodation (part 2 of 2)
Lift / elevator = Asansor · Check out = Utaq khali kardan · Do you have a room available? = Utaq-e khali darin?
Learn Dari and 20+ more at Speaksilq.com","Pastel vocabulary card titled ""English vs Dari"", subtitle ""Hotel & Accommodation"", listing 12 English words with their Dari romanisations.",#SpeakSilq #LearnDari #Dari #LanguageLearning #Vocabulary #HotelAccommodation,Updated Dari_Typography_Graphics_v2/071_hotelaccommodation_2.png
03_dari/dari_26-nature-weather_p1of3_world.png,dari_26-nature-weather_p1of3_world.png,Dari,speaksilq_dari,Nature & Weather,26,nature-weather,world,1,3,10,pistachio,#E4F0C4,#556B19,yes,2026-09-08 01:00,2026-09-08,01:00,45,"English vs Dari — Nature & Weather (part 1 of 3)
Weather = Hawa · Sun = Aftaw · Moon = Mahtab
Learn Dari and 20+ more at Speaksilq.com","Pastel vocabulary card titled ""English vs Dari"", subtitle ""Nature & Weather"", listing 10 English words with their Dari romanisations.",#SpeakSilq #LearnDari #Dari #LanguageLearning #Vocabulary #NatureWeather,Updated Dari_Typography_Graphics_v2/074_natureweather_1.png
03_dari/dari_26-nature-weather_p2of3_world.png,dari_26-nature-weather_p2of3_world.png,Dari,speaksilq_dari,Nature & Weather,26,nature-weather,world,2,3,10,sky,#CFE6F7,#165583,yes,2026-09-17 01:00,2026-09-17,01:00,63,"English vs Dari — Nature & Weather (part 2 of 3)
Lightning = Barq · Fog = Meh · Heat = Garmi
Learn Dari and 20+ more at Speaksilq.com","Pastel vocabulary card titled ""English vs Dari"", subtitle ""Nature & Weather"", listing 10 English words with their Dari romanisations.",#SpeakSilq #LearnDari #Dari #LanguageLearning #Vocabulary #NatureWeather,Updated Dari_Typography_Graphics_v2/075_natureweather_2.png
03_dari/dari_26-nature-weather_p3of3_world.png,dari_26-nature-weather_p3of3_world.png,Dari,speaksilq_dari,Nature & Weather,26,nature-weather,world,3,3,10,sage,#DCE7D5,#356317,yes,2026-08-22 01:00,2026-08-22,01:00,11,"English vs Dari — Nature & Weather (part 3 of 3)
Forest = Jangal · Tree = Derakht · Flower = Gul
Learn Dari and 20+ more at Speaksilq.com","Pastel vocabulary card titled ""English vs Dari"", subtitle ""Nature & Weather"", listing 10 English words with their Dari romanisations.",#SpeakSilq #LearnDari #Dari #LanguageLearning #Vocabulary #NatureWeather,Updated Dari_Typography_Graphics_v2/076_natureweather_3.png
03_dari/dari_27-animals-birds_p1of2_world.png,dari_27-animals-birds_p1of2_world.png,Dari,speaksilq_dari,Animals & Birds,27,animals-birds,world,1,2,13,champagne,#F7E7D0,#835616,yes,2026-09-02 01:00,2026-09-02,01:00,33,"English vs Dari — Animals & Birds (part 1 of 2)
Animal = Haywan · Dog = Sag · Cat = Peshak
Learn Dari and 20+ more at Speaksilq.com","Pastel vocabulary card titled ""English vs Dari"", subtitle ""Animals & Birds"", listing 13 English words with their Dari romanisations.",#SpeakSilq #LearnDari #Dari #LanguageLearning #Vocabulary #AnimalsBirds,Updated Dari_Typography_Graphics_v2/077_animalsbirds_1.png
03_dari/dari_27-animals-birds_p2of2_world.png,dari_27-animals-birds_p2of2_world.png,Dari,speaksilq_dari,Animals & Birds,27,animals-birds,world,2,2,12,lilac,#EDD9F3,#661D7C,yes,2026-09-23 01:00,2026-09-23,01:00,75,"English vs Dari — Animals & Birds (part 2 of 2)
Snake = Mar · Mouse = Mush · Rabbit = Khargosh
Learn Dari and 20+ more at Speaksilq.com","Pastel vocabulary card titled ""English vs Dari"", subtitle ""Animals & Birds"", listing 12 English words with their Dari romanisations.",#SpeakSilq #LearnDari #Dari #LanguageLearning #Vocabulary #AnimalsBirds,Updated Dari_Typography_Graphics_v2/078_animalsbirds_2.png
03_dari/dari_28-emergencies-safety_p1of2_world.png,dari_28-emergencies-safety_p1of2_world.png,Dari,speaksilq_dari,Emergencies & Safety,28,emergencies-safety,world,1,2,13,champagne,#F7E7D0,#835616,yes,2026-09-12 01:00,2026-09-12,01:00,53,"English vs Dari — Emergencies & Safety (part 1 of 2)
Help! = Komak! · Danger = Khatar · Emergency = Halat-e izterari
Learn Dari and 20+ more at Speaksilq.com","Pastel vocabulary card titled ""English vs Dari"", subtitle ""Emergencies & Safety"", listing 13 English words with their Dari romanisations.",#SpeakSilq #LearnDari #Dari #LanguageLearning #Vocabulary #EmergenciesSafety,Updated Dari_Typography_Graphics_v2/072_emergenciessafety_1.png
03_dari/dari_28-emergencies-safety_p2of2_world.png,dari_28-emergencies-safety_p2of2_world.png,Dari,speaksilq_dari,Emergencies & Safety,28,emergencies-safety,world,2,2,12,peach,#FFE3C9,#994A00,yes,2026-09-30 13:00,2026-09-30,13:00,90,"English vs Dari — Emergencies & Safety (part 2 of 2)
Witness = Shahid · Lawyer = Wakil · Call the police = Polis ra khabar kunen
Learn Dari and 20+ more at Speaksilq.com","Pastel vocabulary card titled ""English vs Dari"", subtitle ""Emergencies & Safety"", listing 12 English words with their Dari romanisations.",#SpeakSilq #LearnDari #Dari #LanguageLearning #Vocabulary #EmergenciesSafety,Updated Dari_Typography_Graphics_v2/073_emergenciessafety_2.png
03_dari/dari_29-common-verbs_p1of5_learn.png,dari_29-common-verbs_p1of5_learn.png,Dari,speaksilq_dari,Common Verbs,29,common-verbs,learn,1,5,11,mint,#C8F0DE,#196B46,yes,2026-09-02 13:00,2026-09-02,13:00,34,"English vs Dari — Common Verbs (part 1 of 5)
To be = Budan · To do = Kardan · To go = Raftan
Learn Dari and 20+ more at Speaksilq.com","Pastel vocabulary card titled ""English vs Dari"", subtitle ""Common Verbs"", listing 11 English words with their Dari romanisations.",#SpeakSilq #LearnDari #Dari #LanguageLearning #Vocabulary #CommonVerbs,Updated Dari_Typography_Graphics_v2/019_commonverbs_1.png
03_dari/dari_29-common-verbs_p2of5_learn.png,dari_29-common-verbs_p2of5_learn.png,Dari,speaksilq_dari,Common Verbs,29,common-verbs,learn,2,5,11,periwinkle,#D9DDF7,#1B287E,yes,2026-09-30 01:00,2026-09-30,01:00,89,"English vs Dari — Common Verbs (part 2 of 5)
To see = Didan · To read / study = Khandan · To write = Neweshtan
Learn Dari and 20+ more at Speaksilq.com","Pastel vocabulary card titled ""English vs Dari"", subtitle ""Common Verbs"", listing 11 English words with their Dari romanisations.",#SpeakSilq #LearnDari #Dari #LanguageLearning #Vocabulary #CommonVerbs,Updated Dari_Typography_Graphics_v2/020_commonverbs_2.png
03_dari/dari_29-common-verbs_p3of5_learn.png,dari_29-common-verbs_p3of5_learn.png,Dari,speaksilq_dari,Common Verbs,29,common-verbs,learn,3,5,11,blush,#FFD9E1,#990020,yes,2026-08-27 01:00,2026-08-27,01:00,21,"English vs Dari — Common Verbs (part 3 of 5)
To buy = Kharidan · To sell = Forokhtan · To work = Kar kardan
Learn Dari and 20+ more at Speaksilq.com","Pastel vocabulary card titled ""English vs Dari"", subtitle ""Common Verbs"", listing 11 English words with their Dari romanisations.",#SpeakSilq #LearnDari #Dari #LanguageLearning #Vocabulary #CommonVerbs,Updated Dari_Typography_Graphics_v2/021_commonverbs_3.png
03_dari/dari_29-common-verbs_p4of5_learn.png,dari_29-common-verbs_p4of5_learn.png,Dari,speaksilq_dari,Common Verbs,29,common-verbs,learn,4,5,11,sage,#DCE7D5,#356317,yes,2026-09-21 01:00,2026-09-21,01:00,71,"English vs Dari — Common Verbs (part 4 of 5)
To finish = Khalas kardan · To help = Komak kardan · To wait = Entezar kashidan
Learn Dari and 20+ more at Speaksilq.com","Pastel vocabulary card titled ""English vs Dari"", subtitle ""Common Verbs"", listing 11 English words with their Dari romanisations.",#SpeakSilq #LearnDari #Dari #LanguageLearning #Vocabulary #CommonVerbs,Updated Dari_Typography_Graphics_v2/022_commonverbs_4.png
03_dari/dari_29-common-verbs_p5of5_learn.png,dari_29-common-verbs_p5of5_learn.png,Dari,speaksilq_dari,Common Verbs,29,common-verbs,learn,5,5,11,powder-blue,#D5E4F7,#184681,yes,2026-08-19 13:00,2026-08-19,13:00,6,"English vs Dari — Common Verbs (part 5 of 5)
To like = Pasand kardan · To bring = Awurdan · To send = Rawan kardan
Learn Dari and 20+ more at Speaksilq.com","Pastel vocabulary card titled ""English vs Dari"", subtitle ""Common Verbs"", listing 11 English words with their Dari romanisations.",#SpeakSilq #LearnDari #Dari #LanguageLearning #Vocabulary #CommonVerbs,Updated Dari_Typography_Graphics_v2/023_commonverbs_5.png
03_dari/dari_30-adjectives-opposites_p1of4_learn.png,dari_30-adjectives-opposites_p1of4_learn.png,Dari,speaksilq_dari,Adjectives & Opposites,30,adjectives-opposites,learn,1,4,12,seafoam,#C6EFE8,#196B5D,yes,2026-09-24 01:00,2026-09-24,01:00,77,"English vs Dari — Adjectives & Opposites (part 1 of 4)
Big = Kalan · Small = Khurd · Long = Deraz
Learn Dari and 20+ more at Speaksilq.com","Pastel vocabulary card titled ""English vs Dari"", subtitle ""Adjectives & Opposites"", listing 12 English words with their Dari romanisations.",#SpeakSilq #LearnDari #Dari #LanguageLearning #Vocabulary #AdjectivesOpposites,Updated Dari_Typography_Graphics_v2/027_adjectivesopposites_1.png
03_dari/dari_30-adjectives-opposites_p2of4_learn.png,dari_30-adjectives-opposites_p2of4_learn.png,Dari,speaksilq_dari,Adjectives & Opposites,30,adjectives-opposites,learn,2,4,11,orchid,#F7D9EE,#7E1B60,yes,2026-09-04 13:00,2026-09-04,13:00,38,"English vs Dari — Adjectives & Opposites (part 2 of 4)
Easy = Asan · Difficult = Moshkel · Fast = Tez
Learn Dari and 20+ more at Speaksilq.com","Pastel vocabulary card titled ""English vs Dari"", subtitle ""Adjectives & Opposites"", listing 11 English words with their Dari romanisations.",#SpeakSilq #LearnDari #Dari #LanguageLearning #Vocabulary #AdjectivesOpposites,Updated Dari_Typography_Graphics_v2/028_adjectivesopposites_2.png
03_dari/dari_30-adjectives-opposites_p3of4_learn.png,dari_30-adjectives-opposites_p3of4_learn.png,Dari,speaksilq_dari,Adjectives & Opposites,30,adjectives-opposites,learn,3,4,11,peach,#FFE3C9,#994A00,yes,2026-08-21 13:00,2026-08-21,13:00,10,"English vs Dari — Adjectives & Opposites (part 3 of 4)
Light (in weight) = Sabuk · Strong = qawi · Weak = Kamzor
Learn Dari and 20+ more at Speaksilq.com","Pastel vocabulary card titled ""English vs Dari"", subtitle ""Adjectives & Opposites"", listing 11 English words with their Dari romanisations.",#SpeakSilq #LearnDari #Dari #LanguageLearning #Vocabulary #AdjectivesOpposites,Updated Dari_Typography_Graphics_v2/029_adjectivesopposites_3.png
03_dari/dari_30-adjectives-opposites_p4of4_learn.png,dari_30-adjectives-opposites_p4of4_learn.png,Dari,speaksilq_dari,Adjectives & Opposites,30,adjectives-opposites,learn,4,4,11,lavender,#E1D8F5,#3B1D7C,yes,2026-09-11 13:00,2026-09-11,13:00,52,"English vs Dari — Adjectives & Opposites (part 4 of 4)
Expensive = Qimat · Cheap = Arzan · Delicious = Mazadar
Learn Dari and 20+ more at Speaksilq.com","Pastel vocabulary card titled ""English vs Dari"", subtitle ""Adjectives & Opposites"", listing 11 English words with their Dari romanisations.",#SpeakSilq #LearnDari #Dari #LanguageLearning #Vocabulary #AdjectivesOpposites,Updated Dari_Typography_Graphics_v2/030_adjectivesopposites_4.png
03_dari/dari_31-work-professions_p1of2_learn.png,dari_31-work-professions_p1of2_learn.png,Dari,speaksilq_dari,Work & Professions,31,work-professions,learn,1,2,13,blush,#FFD9E1,#990020,yes,2026-09-16 01:00,2026-09-16,01:00,61,"English vs Dari — Work & Professions (part 1 of 2)
Work / job = Kar · Profession = Kasb · Employee = Karmand
Learn Dari and 20+ more at Speaksilq.com","Pastel vocabulary card titled ""English vs Dari"", subtitle ""Work & Professions"", listing 13 English words with their Dari romanisations.",#SpeakSilq #LearnDari #Dari #LanguageLearning #Vocabulary #WorkProfessions,Updated Dari_Typography_Graphics_v2/079_workprofessions_1.png
03_dari/dari_31-work-professions_p2of2_learn.png,dari_31-work-professions_p2of2_learn.png,Dari,speaksilq_dari,Work & Professions,31,work-professions,learn,2,2,12,rose-quartz,#F7D6D0,#832716,yes,2026-09-27 13:00,2026-09-27,13:00,84,"English vs Dari — Work & Professions (part 2 of 2)
Carpenter = Najjar · Blacksmith = Ahangar · Labourer = Mazdur
Learn Dari and 20+ more at Speaksilq.com","Pastel vocabulary card titled ""English vs Dari"", subtitle ""Work & Professions"", listing 12 English words with their Dari romanisations.",#SpeakSilq #LearnDari #Dari #LanguageLearning #Vocabulary #WorkProfessions,Updated Dari_Typography_Graphics_v2/080_workprofessions_2.png
03_dari/dari_32-education-school_p1of2_learn.png,dari_32-education-school_p1of2_learn.png,Dari,speaksilq_dari,Education & School,32,education-school,learn,1,2,13,coral-mist,#FFDCCB,#993200,yes,2026-09-09 01:00,2026-09-09,01:00,47,"English vs Dari — Education & School (part 1 of 2)
Education = Ta'lim · Book = Kitab · Notebook = Kitabcha
Learn Dari and 20+ more at Speaksilq.com","Pastel vocabulary card titled ""English vs Dari"", subtitle ""Education & School"", listing 13 English words with their Dari romanisations.",#SpeakSilq #LearnDari #Dari #LanguageLearning #Vocabulary #EducationSchool,Updated Dari_Typography_Graphics_v2/081_educationschool_1.png
03_dari/dari_32-education-school_p2of2_learn.png,dari_32-education-school_p2of2_learn.png,Dari,speaksilq_dari,Education & School,32,education-school,learn,2,2,12,powder-blue,#D5E4F7,#184681,yes,2026-09-18 13:00,2026-09-18,13:00,66,"English vs Dari — Education & School (part 2 of 2)
Answer = Jawab · Language = Zaban-e goftari · Word = Kalima
Learn Dari and 20+ more at Speaksilq.com","Pastel vocabulary card titled ""English vs Dari"", subtitle ""Education & School"", listing 12 English words with their Dari romanisations.",#SpeakSilq #LearnDari #Dari #LanguageLearning #Vocabulary #EducationSchool,Updated Dari_Typography_Graphics_v2/082_educationschool_2.png
03_dari/dari_33-technology-communication_p1of2_learn.png,dari_33-technology-communication_p1of2_learn.png,Dari,speaksilq_dari,Technology & Communication,33,technology-communication,learn,1,2,13,pistachio,#E4F0C4,#556B19,yes,2026-08-29 01:00,2026-08-29,01:00,25,"English vs Dari — Technology & Communication (part 1 of 2)
Phone = Telefon · Mobile phone = Mobayl · Computer = Kampyutar
Learn Dari and 20+ more at Speaksilq.com","Pastel vocabulary card titled ""English vs Dari"", subtitle ""Technology & Communication"", listing 13 English words with their Dari romanisations.",#SpeakSilq #LearnDari #Dari #LanguageLearning #Vocabulary #TechnologyCommunication,Updated Dari_Typography_Graphics_v2/083_technologycommunication_1.png
03_dari/dari_33-technology-communication_p2of2_learn.png,dari_33-technology-communication_p2of2_learn.png,Dari,speaksilq_dari,Technology & Communication,33,technology-communication,learn,2,2,12,lemon-ice,#F4F1C4,#676213,yes,2026-09-06 13:00,2026-09-06,13:00,42,"English vs Dari — Technology & Communication (part 2 of 2)
Video = Widyo · Application = Aplikeyshan · Website = Waybsayt
Learn Dari and 20+ more at Speaksilq.com","Pastel vocabulary card titled ""English vs Dari"", subtitle ""Technology & Communication"", listing 12 English words with their Dari romanisations.",#SpeakSilq #LearnDari #Dari #LanguageLearning #Vocabulary #TechnologyCommunication,Updated Dari_Typography_Graphics_v2/084_technologycommunication_2.png
03_dari/dari_34-sports-leisure_p1of2_learn.png,dari_34-sports-leisure_p1of2_learn.png,Dari,speaksilq_dari,Sports & Leisure,34,sports-leisure,learn,1,2,10,lemon-ice,#F4F1C4,#676213,yes,2026-08-17 13:00,2026-08-17,13:00,2,"English vs Dari — Sports & Leisure (part 1 of 2)
Game / sport = Bazi · Football = Futbal · Cricket = Kriket
Learn Dari and 20+ more at Speaksilq.com","Pastel vocabulary card titled ""English vs Dari"", subtitle ""Sports & Leisure"", listing 10 English words with their Dari romanisations.",#SpeakSilq #LearnDari #Dari #LanguageLearning #Vocabulary #SportsLeisure,Updated Dari_Typography_Graphics_v2/085_sportsleisure_1.png
03_dari/dari_34-sports-leisure_p2of2_learn.png,dari_34-sports-leisure_p2of2_learn.png,Dari,speaksilq_dari,Sports & Leisure,34,sports-leisure,learn,2,2,10,lilac,#EDD9F3,#661D7C,yes,2026-08-24 01:00,2026-08-24,01:00,15,"English vs Dari — Sports & Leisure (part 2 of 2)
Victory = Piruzi · Defeat = Shikast · Swimming = Aabbazi
Learn Dari and 20+ more at Speaksilq.com","Pastel vocabulary card titled ""English vs Dari"", subtitle ""Sports & Leisure"", listing 10 English words with their Dari romanisations.",#SpeakSilq #LearnDari #Dari #LanguageLearning #Vocabulary #SportsLeisure,Updated Dari_Typography_Graphics_v2/086_sportsleisure_2.png
03_dari/dari_35-religion-culture_p1of2_learn.png,dari_35-religion-culture_p1of2_learn.png,Dari,speaksilq_dari,Religion & Culture,35,religion-culture,learn,1,2,10,periwinkle,#D9DDF7,#1B287E,yes,2026-08-31 01:00,2026-08-31,01:00,29,"English vs Dari — Religion & Culture (part 1 of 2)
Religion = Din · God = Khuda · Prayer (salah) = Namaz
Learn Dari and 20+ more at Speaksilq.com","Pastel vocabulary card titled ""English vs Dari"", subtitle ""Religion & Culture"", listing 10 English words with their Dari romanisations.",#SpeakSilq #LearnDari #Dari #LanguageLearning #Vocabulary #ReligionCulture,Updated Dari_Typography_Graphics_v2/087_religionculture_1.png
03_dari/dari_35-religion-culture_p2of2_learn.png,dari_35-religion-culture_p2of2_learn.png,Dari,speaksilq_dari,Religion & Culture,35,religion-culture,learn,2,2,10,sand,#EEE4D4,#7C571D,yes,2026-09-13 13:00,2026-09-13,13:00,56,"English vs Dari — Religion & Culture (part 2 of 2)
Blessing = Barakat · Sin = Gunah · Good deed = Sawab
Learn Dari and 20+ more at Speaksilq.com","Pastel vocabulary card titled ""English vs Dari"", subtitle ""Religion & Culture"", listing 10 English words with their Dari romanisations.",#SpeakSilq #LearnDari #Dari #LanguageLearning #Vocabulary #ReligionCulture,Updated Dari_Typography_Graphics_v2/088_religionculture_2.png
04_urdu/urdu_01-greetings-courtesy_p1of3_social.png,urdu_01-greetings-courtesy_p1of3_social.png,Urdu,speaksilq_urdu,Greetings & Courtesy,01,greetings-courtesy,social,1,3,12,lilac,#EDD9F3,#661D7C,yes,2026-09-03 01:00,2026-09-03,01:00,35,"English vs Urdu — Greetings & Courtesy (part 1 of 3)
Peace be upon you (hello) = Assalam-o-Alaikum · And peace be upon you (reply) = Wa Alaikum Assalam · Hello / Hi = Salam
Learn Urdu and 20+ more at Speaksilq.com","Pastel vocabulary card titled ""English vs Urdu"", subtitle ""Greetings & Courtesy"", listing 12 English words with their Urdu romanisations.",#SpeakSilq #LearnUrdu #Urdu #LanguageLearning #Vocabulary #GreetingsCourtesy,Updated urdu_graphics_full_set/001_Greetings_and_Courtesy_p1.png
04_urdu/urdu_01-greetings-courtesy_p2of3_social.png,urdu_01-greetings-courtesy_p2of3_social.png,Urdu,speaksilq_urdu,Greetings & Courtesy,01,greetings-courtesy,social,2,3,12,lavender,#E1D8F5,#3B1D7C,yes,2026-09-11 13:00,2026-09-11,13:00,52,"English vs Urdu — Greetings & Courtesy (part 2 of 3)
Thank you very much = Bohot shukriya · You're welcome = Koi baat nahin · Please (kindly) = Barah-e-karam
Learn Urdu and 20+ more at Speaksilq.com","Pastel vocabulary card titled ""English vs Urdu"", subtitle ""Greetings & Courtesy"", listing 12 English words with their Urdu romanisations.",#SpeakSilq #LearnUrdu #Urdu #LanguageLearning #Vocabulary #GreetingsCourtesy,Updated urdu_graphics_full_set/002_Greetings_and_Courtesy_p2.png
04_urdu/urdu_01-greetings-courtesy_p3of3_social.png,urdu_01-greetings-courtesy_p3of3_social.png,Urdu,speaksilq_urdu,Greetings & Courtesy,01,greetings-courtesy,social,3,3,11,champagne,#F7E7D0,#835616,yes,2026-08-23 01:00,2026-08-23,01:00,13,"English vs Urdu — Greetings & Courtesy (part 3 of 3)
Happy birthday = Salgirah mubarak · Best wishes = Nek tamannayen · Nice to meet you = Aap se mil kar khushi hui
Learn Urdu and 20+ more at Speaksilq.com","Pastel vocabulary card titled ""English vs Urdu"", subtitle ""Greetings & Courtesy"", listing 11 English words with their Urdu romanisations.",#SpeakSilq #LearnUrdu #Urdu #LanguageLearning #Vocabulary #GreetingsCourtesy,Updated urdu_graphics_full_set/003_Greetings_and_Courtesy_p3.png
04_urdu/urdu_02-everyday-phrases_p1of3_social.png,urdu_02-everyday-phrases_p1of3_social.png,Urdu,speaksilq_urdu,Everyday Phrases,02,everyday-phrases,social,1,3,14,sage,#DCE7D5,#356317,yes,2026-09-01 01:00,2026-09-01,01:00,31,"English vs Urdu — Everyday Phrases (part 1 of 3)
How is everything? = Sab kaisa chal raha hai? · Everything is fine = Sab theek hai · Long time no see = Bohot arse baad mile
Learn Urdu and 20+ more at Speaksilq.com","Pastel vocabulary card titled ""English vs Urdu"", subtitle ""Everyday Phrases"", listing 14 English words with their Urdu romanisations.",#SpeakSilq #LearnUrdu #Urdu #LanguageLearning #Vocabulary #EverydayPhrases,Updated urdu_graphics_full_set/074_Everyday_Phrases_p1.png
04_urdu/urdu_02-everyday-phrases_p2of3_social.png,urdu_02-everyday-phrases_p2of3_social.png,Urdu,speaksilq_urdu,Everyday Phrases,02,everyday-phrases,social,2,3,13,sage,#DCE7D5,#356317,yes,2026-09-21 01:00,2026-09-21,01:00,71,"English vs Urdu — Everyday Phrases (part 2 of 3)
Write it down, please = Likh dijiye · No problem = Koi masla nahin · Just a moment = Ek minute
Learn Urdu and 20+ more at Speaksilq.com","Pastel vocabulary card titled ""English vs Urdu"", subtitle ""Everyday Phrases"", listing 13 English words with their Urdu romanisations.",#SpeakSilq #LearnUrdu #Urdu #LanguageLearning #Vocabulary #EverydayPhrases,Updated urdu_graphics_full_set/075_Everyday_Phrases_p2.png
04_urdu/urdu_02-everyday-phrases_p3of3_social.png,urdu_02-everyday-phrases_p3of3_social.png,Urdu,speaksilq_urdu,Everyday Phrases,02,everyday-phrases,social,3,3,13,sand,#EEE4D4,#7C571D,yes,2026-09-13 13:00,2026-09-13,13:00,56,"English vs Urdu — Everyday Phrases (part 3 of 3)
That is true = Yeh sach hai · I don't know = Mujhe nahin pata · Let me think = Mujhe sochne dijiye
Learn Urdu and 20+ more at Speaksilq.com","Pastel vocabulary card titled ""English vs Urdu"", subtitle ""Everyday Phrases"", listing 13 English words with their Urdu romanisations.",#SpeakSilq #LearnUrdu #Urdu #LanguageLearning #Vocabulary #EverydayPhrases,Updated urdu_graphics_full_set/076_Everyday_Phrases_p3.png
04_urdu/urdu_03-question-words_p1of2_social.png,urdu_03-question-words_p1of2_social.png,Urdu,speaksilq_urdu,Question Words & Connectors,03,question-words,social,1,2,15,aqua-mist,#CDECF2,#1B6574,yes,2026-09-15 13:00,2026-09-15,13:00,60,"English vs Urdu — Question Words & Connectors (part 1 of 2)
What = Kya · Who = Kaun · Where = Kahan
Learn Urdu and 20+ more at Speaksilq.com","Pastel vocabulary card titled ""English vs Urdu"", subtitle ""Question Words & Connectors"", listing 15 English words with their Urdu romanisations.",#SpeakSilq #LearnUrdu #Urdu #LanguageLearning #Vocabulary #QuestionWords,Updated urdu_graphics_full_set/014_Question_Words_and_Connectors_p1.png
04_urdu/urdu_03-question-words_p2of2_social.png,urdu_03-question-words_p2of2_social.png,Urdu,speaksilq_urdu,Question Words & Connectors,03,question-words,social,2,2,15,sky,#CFE6F7,#165583,yes,2026-08-18 01:00,2026-08-18,01:00,3,"English vs Urdu — Question Words & Connectors (part 2 of 2)
Then / again = Phir · Also / too = Bhi · Only = Sirf
Learn Urdu and 20+ more at Speaksilq.com","Pastel vocabulary card titled ""English vs Urdu"", subtitle ""Question Words & Connectors"", listing 15 English words with their Urdu romanisations.",#SpeakSilq #LearnUrdu #Urdu #LanguageLearning #Vocabulary #QuestionWords,Updated urdu_graphics_full_set/015_Question_Words_and_Connectors_p2.png
04_urdu/urdu_04-people-pronouns_p1of2_social.png,urdu_04-people-pronouns_p1of2_social.png,Urdu,speaksilq_urdu,People & Pronouns,04,people-pronouns,social,1,2,15,lemon-ice,#F4F1C4,#676213,yes,2026-09-06 13:00,2026-09-06,13:00,42,"English vs Urdu — People & Pronouns (part 1 of 2)
I = Main · You (formal / plural) = Aap · You (informal) = Tum
Learn Urdu and 20+ more at Speaksilq.com","Pastel vocabulary card titled ""English vs Urdu"", subtitle ""People & Pronouns"", listing 15 English words with their Urdu romanisations.",#SpeakSilq #LearnUrdu #Urdu #LanguageLearning #Vocabulary #PeoplePronouns,Updated urdu_graphics_full_set/012_People_and_Pronouns_p1.png
04_urdu/urdu_04-people-pronouns_p2of2_social.png,urdu_04-people-pronouns_p2of2_social.png,Urdu,speaksilq_urdu,People & Pronouns,04,people-pronouns,social,2,2,15,orchid,#F7D9EE,#7E1B60,yes,2026-08-25 13:00,2026-08-25,13:00,18,"English vs Urdu — People & Pronouns (part 2 of 2)
Old man = Boorha · Old woman = Boorhi · Stranger = Ajnabi
Learn Urdu and 20+ more at Speaksilq.com","Pastel vocabulary card titled ""English vs Urdu"", subtitle ""People & Pronouns"", listing 15 English words with their Urdu romanisations.",#SpeakSilq #LearnUrdu #Urdu #LanguageLearning #Vocabulary #PeoplePronouns,Updated urdu_graphics_full_set/013_People_and_Pronouns_p2.png
04_urdu/urdu_07-time-frequency_p1of3_time.png,urdu_07-time-frequency_p1of3_time.png,Urdu,speaksilq_urdu,Time & Frequency,07,time-frequency,time,1,3,12,blush,#FFD9E1,#990020,yes,2026-08-27 01:00,2026-08-27,01:00,21,"English vs Urdu — Time & Frequency (part 1 of 3)
Time = Waqt · Hour = Ghanta · Minute = Minute
Learn Urdu and 20+ more at Speaksilq.com","Pastel vocabulary card titled ""English vs Urdu"", subtitle ""Time & Frequency"", listing 12 English words with their Urdu romanisations.",#SpeakSilq #LearnUrdu #Urdu #LanguageLearning #Vocabulary #TimeFrequency,Updated urdu_graphics_full_set/004_Time_and_Frequency_p1.png
04_urdu/urdu_07-time-frequency_p2of3_time.png,urdu_07-time-frequency_p2of3_time.png,Urdu,speaksilq_urdu,Time & Frequency,07,time-frequency,time,2,3,12,mint,#C8F0DE,#196B46,yes,2026-09-02 13:00,2026-09-02,13:00,34,"English vs Urdu — Time & Frequency (part 2 of 3)
Yesterday = Guzra kal · Day after tomorrow = Parson · Now = Abhi
Learn Urdu and 20+ more at Speaksilq.com","Pastel vocabulary card titled ""English vs Urdu"", subtitle ""Time & Frequency"", listing 12 English words with their Urdu romanisations.",#SpeakSilq #LearnUrdu #Urdu #LanguageLearning #Vocabulary #TimeFrequency,Updated urdu_graphics_full_set/005_Time_and_Frequency_p2.png
04_urdu/urdu_07-time-frequency_p3of3_time.png,urdu_07-time-frequency_p3of3_time.png,Urdu,speaksilq_urdu,Time & Frequency,07,time-frequency,time,3,3,11,lemon-ice,#F4F1C4,#676213,yes,2026-09-16 13:00,2026-09-16,13:00,62,"English vs Urdu — Time & Frequency (part 3 of 3)
Month = Maheena · Year = Saal · Century = Sadi
Learn Urdu and 20+ more at Speaksilq.com","Pastel vocabulary card titled ""English vs Urdu"", subtitle ""Time & Frequency"", listing 11 English words with their Urdu romanisations.",#SpeakSilq #LearnUrdu #Urdu #LanguageLearning #Vocabulary #TimeFrequency,Updated urdu_graphics_full_set/006_Time_and_Frequency_p3.png
04_urdu/urdu_08-days-months-seasons_p1of2_time.png,urdu_08-days-months-seasons_p1of2_time.png,Urdu,speaksilq_urdu,"Days, Months & Seasons",08,days-months-seasons,time,1,2,15,orchid,#F7D9EE,#7E1B60,yes,2026-09-04 13:00,2026-09-04,13:00,38,"English vs Urdu — Days, Months & Seasons (part 1 of 2)
Monday = Peer · Tuesday = Mangal · Wednesday = Budh
Learn Urdu and 20+ more at Speaksilq.com","Pastel vocabulary card titled ""English vs Urdu"", subtitle ""Days, Months & Seasons"", listing 15 English words with their Urdu romanisations.",#SpeakSilq #LearnUrdu #Urdu #LanguageLearning #Vocabulary #DaysMonthsSeasons,Updated urdu_graphics_full_set/007_Days_Months_and_Seasons_p1.png
04_urdu/urdu_08-days-months-seasons_p2of2_time.png,urdu_08-days-months-seasons_p2of2_time.png,Urdu,speaksilq_urdu,"Days, Months & Seasons",08,days-months-seasons,time,2,2,15,powder-blue,#D5E4F7,#184681,yes,2026-08-29 13:00,2026-08-29,13:00,26,"English vs Urdu — Days, Months & Seasons (part 2 of 2)
September = Sitambar · October = Aktoobar · November = Navambar
Learn Urdu and 20+ more at Speaksilq.com","Pastel vocabulary card titled ""English vs Urdu"", subtitle ""Days, Months & Seasons"", listing 15 English words with their Urdu romanisations.",#SpeakSilq #LearnUrdu #Urdu #LanguageLearning #Vocabulary #DaysMonthsSeasons,Updated urdu_graphics_full_set/008_Days_Months_and_Seasons_p2.png
04_urdu/urdu_09-daily-routine_p1of3_time.png,urdu_09-daily-routine_p1of3_time.png,Urdu,speaksilq_urdu,Daily Routine & Habits,09,daily-routine,time,1,3,12,champagne,#F7E7D0,#835616,yes,2026-09-22 01:00,2026-09-22,01:00,73,"English vs Urdu — Daily Routine & Habits (part 1 of 3)
Daily routine = Rozmarra ke kaam · To get up = Uthna · To wash the face = Moonh dhona
Learn Urdu and 20+ more at Speaksilq.com","Pastel vocabulary card titled ""English vs Urdu"", subtitle ""Daily Routine & Habits"", listing 12 English words with their Urdu romanisations.",#SpeakSilq #LearnUrdu #Urdu #LanguageLearning #Vocabulary #DailyRoutine,Updated urdu_graphics_full_set/020_Daily_Routine_and_Habits_p1.png
04_urdu/urdu_09-daily-routine_p2of3_time.png,urdu_09-daily-routine_p2of3_time.png,Urdu,speaksilq_urdu,Daily Routine & Habits,09,daily-routine,time,2,3,12,orchid,#F7D9EE,#7E1B60,yes,2026-09-14 13:00,2026-09-14,13:00,58,"English vs Urdu — Daily Routine & Habits (part 2 of 3)
To have dinner = Raat ka khana khana · To take a nap = Qailula karna · To tidy the house = Ghar saaf karna
Learn Urdu and 20+ more at Speaksilq.com","Pastel vocabulary card titled ""English vs Urdu"", subtitle ""Daily Routine & Habits"", listing 12 English words with their Urdu romanisations.",#SpeakSilq #LearnUrdu #Urdu #LanguageLearning #Vocabulary #DailyRoutine,Updated urdu_graphics_full_set/021_Daily_Routine_and_Habits_p2.png
04_urdu/urdu_09-daily-routine_p3of3_time.png,urdu_09-daily-routine_p3of3_time.png,Urdu,speaksilq_urdu,Daily Routine & Habits,09,daily-routine,time,3,3,11,pistachio,#E4F0C4,#556B19,yes,2026-08-19 01:00,2026-08-19,01:00,5,"English vs Urdu — Daily Routine & Habits (part 3 of 3)
Every morning = Har subah · Usually = Aam taur par · First of all = Sab se pehle
Learn Urdu and 20+ more at Speaksilq.com","Pastel vocabulary card titled ""English vs Urdu"", subtitle ""Daily Routine & Habits"", listing 11 English words with their Urdu romanisations.",#SpeakSilq #LearnUrdu #Urdu #LanguageLearning #Vocabulary #DailyRoutine,Updated urdu_graphics_full_set/022_Daily_Routine_and_Habits_p3.png
04_urdu/urdu_10-family-relationships_p1of3_people.png,urdu_10-family-relationships_p1of3_people.png,Urdu,speaksilq_urdu,Family & Relationships,10,family-relationships,people,1,3,12,peach,#FFE3C9,#994A00,yes,2026-09-20 13:00,2026-09-20,13:00,70,"English vs Urdu — Family & Relationships (part 1 of 3)
Family = Khandaan · Father = Waalid · Mother = Waalida
Learn Urdu and 20+ more at Speaksilq.com","Pastel vocabulary card titled ""English vs Urdu"", subtitle ""Family & Relationships"", listing 12 English words with their Urdu romanisations.",#SpeakSilq #LearnUrdu #Urdu #LanguageLearning #Vocabulary #FamilyRelationships,Updated urdu_graphics_full_set/009_Family_and_Relationships_p1.png
04_urdu/urdu_10-family-relationships_p2of3_people.png,urdu_10-family-relationships_p2of3_people.png,Urdu,speaksilq_urdu,Family & Relationships,10,family-relationships,people,2,3,12,peach,#FFE3C9,#994A00,yes,2026-08-31 13:00,2026-08-31,13:00,30,"English vs Urdu — Family & Relationships (part 2 of 3)
Wife = Biwi · Grandfather (paternal) = Dada · Grandmother (paternal) = Dadi
Learn Urdu and 20+ more at Speaksilq.com","Pastel vocabulary card titled ""English vs Urdu"", subtitle ""Family & Relationships"", listing 12 English words with their Urdu romanisations.",#SpeakSilq #LearnUrdu #Urdu #LanguageLearning #Vocabulary #FamilyRelationships,Updated urdu_graphics_full_set/010_Family_and_Relationships_p2.png
04_urdu/urdu_10-family-relationships_p3of3_people.png,urdu_10-family-relationships_p3of3_people.png,Urdu,speaksilq_urdu,Family & Relationships,10,family-relationships,people,3,3,11,lemon-ice,#F4F1C4,#676213,yes,2026-08-17 13:00,2026-08-17,13:00,2,"English vs Urdu — Family & Relationships (part 3 of 3)
Granddaughter = Poti · Father-in-law = Susar · Mother-in-law = Saas
Learn Urdu and 20+ more at Speaksilq.com","Pastel vocabulary card titled ""English vs Urdu"", subtitle ""Family & Relationships"", listing 11 English words with their Urdu romanisations.",#SpeakSilq #LearnUrdu #Urdu #LanguageLearning #Vocabulary #FamilyRelationships,Updated urdu_graphics_full_set/011_Family_and_Relationships_p3.png
04_urdu/urdu_11-emotions-feelings_p1of2_people.png,urdu_11-emotions-feelings_p1of2_people.png,Urdu,speaksilq_urdu,Emotions & Feelings,11,emotions-feelings,people,1,2,15,powder-blue,#D5E4F7,#184681,yes,2026-09-18 13:00,2026-09-18,13:00,66,"English vs Urdu — Emotions & Feelings (part 1 of 2)
Happiness = Khushi · Sadness = Udaasi · Love = Mohabbat
Learn Urdu and 20+ more at Speaksilq.com","Pastel vocabulary card titled ""English vs Urdu"", subtitle ""Emotions & Feelings"", listing 15 English words with their Urdu romanisations.",#SpeakSilq #LearnUrdu #Urdu #LanguageLearning #Vocabulary #EmotionsFeelings,Updated urdu_graphics_full_set/028_Emotions_and_Feelings_p1.png
04_urdu/urdu_11-emotions-feelings_p2of2_people.png,urdu_11-emotions-feelings_p2of2_people.png,Urdu,speaksilq_urdu,Emotions & Feelings,11,emotions-feelings,people,2,2,15,sky,#CFE6F7,#165583,yes,2026-08-28 01:00,2026-08-28,01:00,23,"English vs Urdu — Emotions & Feelings (part 2 of 2)
Courage = Himmat · Trust = Bharosa · Respect = Izzat
Learn Urdu and 20+ more at Speaksilq.com","Pastel vocabulary card titled ""English vs Urdu"", subtitle ""Emotions & Feelings"", listing 15 English words with their Urdu romanisations.",#SpeakSilq #LearnUrdu #Urdu #LanguageLearning #Vocabulary #EmotionsFeelings,Updated urdu_graphics_full_set/029_Emotions_and_Feelings_p2.png
04_urdu/urdu_12-body-parts_p1of2_people.png,urdu_12-body-parts_p1of2_people.png,Urdu,speaksilq_urdu,Body Parts,12,body-parts,people,1,2,15,aqua-mist,#CDECF2,#1B6574,yes,2026-09-05 13:00,2026-09-05,13:00,40,"English vs Urdu — Body Parts (part 1 of 2)
Body = Jism · Head = Sar · Hair = Baal
Learn Urdu and 20+ more at Speaksilq.com","Pastel vocabulary card titled ""English vs Urdu"", subtitle ""Body Parts"", listing 15 English words with their Urdu romanisations.",#SpeakSilq #LearnUrdu #Urdu #LanguageLearning #Vocabulary #BodyParts,Updated urdu_graphics_full_set/030_Body_Parts_p1.png
04_urdu/urdu_12-body-parts_p2of2_people.png,urdu_12-body-parts_p2of2_people.png,Urdu,speaksilq_urdu,Body Parts,12,body-parts,people,2,2,15,peach,#FFE3C9,#994A00,yes,2026-08-21 13:00,2026-08-21,13:00,10,"English vs Urdu — Body Parts (part 2 of 2)
Finger = Ungli · Nail = Nakhun · Chest = Seena
Learn Urdu and 20+ more at Speaksilq.com","Pastel vocabulary card titled ""English vs Urdu"", subtitle ""Body Parts"", listing 15 English words with their Urdu romanisations.",#SpeakSilq #LearnUrdu #Urdu #LanguageLearning #Vocabulary #BodyParts,Updated urdu_graphics_full_set/031_Body_Parts_p2.png
04_urdu/urdu_13-health-medical_p1of2_people.png,urdu_13-health-medical_p1of2_people.png,Urdu,speaksilq_urdu,Health & Medical,13,health-medical,people,1,2,15,honeydew,#D9F2D0,#2F6B19,yes,2026-09-09 13:00,2026-09-09,13:00,48,"English vs Urdu — Health & Medical (part 1 of 2)
Health = Sehat · Doctor = Doctor · Hospital = Hospital
Learn Urdu and 20+ more at Speaksilq.com","Pastel vocabulary card titled ""English vs Urdu"", subtitle ""Health & Medical"", listing 15 English words with their Urdu romanisations.",#SpeakSilq #LearnUrdu #Urdu #LanguageLearning #Vocabulary #HealthMedical,Updated urdu_graphics_full_set/032_Health_and_Medical_p1.png
04_urdu/urdu_13-health-medical_p2of2_people.png,urdu_13-health-medical_p2of2_people.png,Urdu,speaksilq_urdu,Health & Medical,13,health-medical,people,2,2,15,seafoam,#C6EFE8,#196B5D,yes,2026-08-25 01:00,2026-08-25,01:00,17,"English vs Urdu — Health & Medical (part 2 of 2)
Wound = Zakhm · Blood pressure = Blood pressure · Diabetes = Zeyabetes
Learn Urdu and 20+ more at Speaksilq.com","Pastel vocabulary card titled ""English vs Urdu"", subtitle ""Health & Medical"", listing 15 English words with their Urdu romanisations.",#SpeakSilq #LearnUrdu #Urdu #LanguageLearning #Vocabulary #HealthMedical,Updated urdu_graphics_full_set/033_Health_and_Medical_p2.png
04_urdu/urdu_14-food-drink_p1of3_food.png,urdu_14-food-drink_p1of3_food.png,Urdu,speaksilq_urdu,Food & Drink,14,food-drink,food,1,3,14,coral-mist,#FFDCCB,#993200,yes,2026-08-30 01:00,2026-08-30,01:00,27,"English vs Urdu — Food & Drink (part 1 of 3)
Food = Khana · Water = Paani · Bread / flatbread = Roti
Learn Urdu and 20+ more at Speaksilq.com","Pastel vocabulary card titled ""English vs Urdu"", subtitle ""Food & Drink"", listing 14 English words with their Urdu romanisations.",#SpeakSilq #LearnUrdu #Urdu #LanguageLearning #Vocabulary #FoodDrink,Updated urdu_graphics_full_set/034_Food_and_Drink_p1.png
04_urdu/urdu_14-food-drink_p2of3_food.png,urdu_14-food-drink_p2of3_food.png,Urdu,speaksilq_urdu,Food & Drink,14,food-drink,food,2,3,13,rose-quartz,#F7D6D0,#832716,yes,2026-09-07 13:00,2026-09-07,13:00,44,"English vs Urdu — Food & Drink (part 2 of 3)
Butter = Makhan · Clarified butter = Ghee · Oil = Tel
Learn Urdu and 20+ more at Speaksilq.com","Pastel vocabulary card titled ""English vs Urdu"", subtitle ""Food & Drink"", listing 13 English words with their Urdu romanisations.",#SpeakSilq #LearnUrdu #Urdu #LanguageLearning #Vocabulary #FoodDrink,Updated urdu_graphics_full_set/035_Food_and_Drink_p2.png
04_urdu/urdu_14-food-drink_p3of3_food.png,urdu_14-food-drink_p3of3_food.png,Urdu,speaksilq_urdu,Food & Drink,14,food-drink,food,3,3,13,pistachio,#E4F0C4,#556B19,yes,2026-09-18 01:00,2026-09-18,01:00,65,"English vs Urdu — Food & Drink (part 3 of 3)
Juice = Juice · Cold drink = Thanda · Lassi = Lassi
Learn Urdu and 20+ more at Speaksilq.com","Pastel vocabulary card titled ""English vs Urdu"", subtitle ""Food & Drink"", listing 13 English words with their Urdu romanisations.",#SpeakSilq #LearnUrdu #Urdu #LanguageLearning #Vocabulary #FoodDrink,Updated urdu_graphics_full_set/036_Food_and_Drink_p3.png
04_urdu/urdu_15-fruits-vegetables_p1of2_food.png,urdu_15-fruits-vegetables_p1of2_food.png,Urdu,speaksilq_urdu,Fruits & Vegetables,15,fruits-vegetables,food,1,2,15,lilac,#EDD9F3,#661D7C,yes,2026-09-13 01:00,2026-09-13,01:00,55,"English vs Urdu — Fruits & Vegetables (part 1 of 2)
Fruit = Phal · Apple = Saib · Banana = Kela
Learn Urdu and 20+ more at Speaksilq.com","Pastel vocabulary card titled ""English vs Urdu"", subtitle ""Fruits & Vegetables"", listing 15 English words with their Urdu romanisations.",#SpeakSilq #LearnUrdu #Urdu #LanguageLearning #Vocabulary #FruitsVegetables,Updated urdu_graphics_full_set/037_Fruits_and_Vegetables_p1.png
04_urdu/urdu_15-fruits-vegetables_p2of2_food.png,urdu_15-fruits-vegetables_p2of2_food.png,Urdu,speaksilq_urdu,Fruits & Vegetables,15,fruits-vegetables,food,2,2,15,blush,#FFD9E1,#990020,yes,2026-08-17 01:00,2026-08-17,01:00,1,"English vs Urdu — Fruits & Vegetables (part 2 of 2)
Potato = Aloo · Onion = Pyaz · Tomato = Tamatar
Learn Urdu and 20+ more at Speaksilq.com","Pastel vocabulary card titled ""English vs Urdu"", subtitle ""Fruits & Vegetables"", listing 15 English words with their Urdu romanisations.",#SpeakSilq #LearnUrdu #Urdu #LanguageLearning #Vocabulary #FruitsVegetables,Updated urdu_graphics_full_set/038_Fruits_and_Vegetables_p2.png
04_urdu/urdu_16-cooking-kitchen_p1of2_food.png,urdu_16-cooking-kitchen_p1of2_food.png,Urdu,speaksilq_urdu,Cooking & Kitchen,16,cooking-kitchen,food,1,2,15,sand,#EEE4D4,#7C571D,yes,2026-09-03 13:00,2026-09-03,13:00,36,"English vs Urdu — Cooking & Kitchen (part 1 of 2)
Kitchen = Bawarchi khana · Cook (person) = Bawarchi · Stove = Chulha
Learn Urdu and 20+ more at Speaksilq.com","Pastel vocabulary card titled ""English vs Urdu"", subtitle ""Cooking & Kitchen"", listing 15 English words with their Urdu romanisations.",#SpeakSilq #LearnUrdu #Urdu #LanguageLearning #Vocabulary #CookingKitchen,Updated urdu_graphics_full_set/039_Cooking_and_Kitchen_p1.png
04_urdu/urdu_16-cooking-kitchen_p2of2_food.png,urdu_16-cooking-kitchen_p2of2_food.png,Urdu,speaksilq_urdu,Cooking & Kitchen,16,cooking-kitchen,food,2,2,15,periwinkle,#D9DDF7,#1B287E,yes,2026-09-10 01:00,2026-09-10,01:00,49,"English vs Urdu — Cooking & Kitchen (part 2 of 2)
Oven = Oven · Gas = Gas · Fire = Aag
Learn Urdu and 20+ more at Speaksilq.com","Pastel vocabulary card titled ""English vs Urdu"", subtitle ""Cooking & Kitchen"", listing 15 English words with their Urdu romanisations.",#SpeakSilq #LearnUrdu #Urdu #LanguageLearning #Vocabulary #CookingKitchen,Updated urdu_graphics_full_set/040_Cooking_and_Kitchen_p2.png
04_urdu/urdu_17-restaurant-ordering_p1of2_food.png,urdu_17-restaurant-ordering_p1of2_food.png,Urdu,speaksilq_urdu,Restaurant & Ordering,17,restaurant-ordering,food,1,2,15,lavender,#E1D8F5,#3B1D7C,yes,2026-09-01 13:00,2026-09-01,13:00,32,"English vs Urdu — Restaurant & Ordering (part 1 of 2)
Restaurant = Restaurant · Hotel / eatery = Hotel · Menu = Menu
Learn Urdu and 20+ more at Speaksilq.com","Pastel vocabulary card titled ""English vs Urdu"", subtitle ""Restaurant & Ordering"", listing 15 English words with their Urdu romanisations.",#SpeakSilq #LearnUrdu #Urdu #LanguageLearning #Vocabulary #RestaurantOrdering,Updated urdu_graphics_full_set/041_Restaurant_and_Ordering_p1.png
04_urdu/urdu_17-restaurant-ordering_p2of2_food.png,urdu_17-restaurant-ordering_p2of2_food.png,Urdu,speaksilq_urdu,Restaurant & Ordering,17,restaurant-ordering,food,2,2,15,lavender,#E1D8F5,#3B1D7C,yes,2026-08-22 13:00,2026-08-22,13:00,12,"English vs Urdu — Restaurant & Ordering (part 2 of 2)
Not too spicy, please = Zyada teekha na ho · Without meat = Gosht ke baghair · A glass of water, please = Ek glass paani dijiye
Learn Urdu and 20+ more at Speaksilq.com","Pastel vocabulary card titled ""English vs Urdu"", subtitle ""Restaurant & Ordering"", listing 15 English words with their Urdu romanisations.",#SpeakSilq #LearnUrdu #Urdu #LanguageLearning #Vocabulary #RestaurantOrdering,Updated urdu_graphics_full_set/042_Restaurant_and_Ordering_p2.png
04_urdu/urdu_18-home-household_p1of2_home.png,urdu_18-home-household_p1of2_home.png,Urdu,speaksilq_urdu,Home & Household,18,home-household,home,1,2,15,honeydew,#D9F2D0,#2F6B19,yes,2026-08-20 13:00,2026-08-20,13:00,8,"English vs Urdu — Home & Household (part 1 of 2)
House = Ghar · Room = Kamra · Bedroom = Sone ka kamra
Learn Urdu and 20+ more at Speaksilq.com","Pastel vocabulary card titled ""English vs Urdu"", subtitle ""Home & Household"", listing 15 English words with their Urdu romanisations.",#SpeakSilq #LearnUrdu #Urdu #LanguageLearning #Vocabulary #HomeHousehold,Updated urdu_graphics_full_set/043_Home_and_Household_p1.png
04_urdu/urdu_18-home-household_p2of2_home.png,urdu_18-home-household_p2of2_home.png,Urdu,speaksilq_urdu,Home & Household,18,home-household,home,2,2,15,rose-quartz,#F7D6D0,#832716,yes,2026-08-28 13:00,2026-08-28,13:00,24,"English vs Urdu — Home & Household (part 2 of 2)
Blanket = Kambal · Sheet = Chadar · Cupboard = Almari
Learn Urdu and 20+ more at Speaksilq.com","Pastel vocabulary card titled ""English vs Urdu"", subtitle ""Home & Household"", listing 15 English words with their Urdu romanisations.",#SpeakSilq #LearnUrdu #Urdu #LanguageLearning #Vocabulary #HomeHousehold,Updated urdu_graphics_full_set/044_Home_and_Household_p2.png
04_urdu/urdu_19-clothing-accessories_p1of2_home.png,urdu_19-clothing-accessories_p1of2_home.png,Urdu,speaksilq_urdu,Clothing & Accessories,19,clothing-accessories,home,1,2,13,powder-blue,#D5E4F7,#184681,yes,2026-09-08 13:00,2026-09-08,13:00,46,"English vs Urdu — Clothing & Accessories (part 1 of 2)
Clothes = Kapre · Shirt = Qameez · Trousers = Pajama
Learn Urdu and 20+ more at Speaksilq.com","Pastel vocabulary card titled ""English vs Urdu"", subtitle ""Clothing & Accessories"", listing 13 English words with their Urdu romanisations.",#SpeakSilq #LearnUrdu #Urdu #LanguageLearning #Vocabulary #ClothingAccessories,Updated urdu_graphics_full_set/045_Clothing_and_Accessories_p1.png
04_urdu/urdu_19-clothing-accessories_p2of2_home.png,urdu_19-clothing-accessories_p2of2_home.png,Urdu,speaksilq_urdu,Clothing & Accessories,19,clothing-accessories,home,2,2,12,aqua-mist,#CDECF2,#1B6574,yes,2026-08-26 13:00,2026-08-26,13:00,20,"English vs Urdu — Clothing & Accessories (part 2 of 2)
Belt = Belt · Watch = Ghadi · Ring = Anguthi
Learn Urdu and 20+ more at Speaksilq.com","Pastel vocabulary card titled ""English vs Urdu"", subtitle ""Clothing & Accessories"", listing 12 English words with their Urdu romanisations.",#SpeakSilq #LearnUrdu #Urdu #LanguageLearning #Vocabulary #ClothingAccessories,Updated urdu_graphics_full_set/046_Clothing_and_Accessories_p2.png
04_urdu/urdu_20-shopping-money_p1of2_home.png,urdu_20-shopping-money_p1of2_home.png,Urdu,speaksilq_urdu,Shopping & Money,20,shopping-money,home,1,2,15,butter,#FFF2C2,#7A6000,yes,2026-09-05 01:00,2026-09-05,01:00,39,"English vs Urdu — Shopping & Money (part 1 of 2)
Shop = Dukaan · Shopkeeper = Dukaandaar · Market = Bazaar
Learn Urdu and 20+ more at Speaksilq.com","Pastel vocabulary card titled ""English vs Urdu"", subtitle ""Shopping & Money"", listing 15 English words with their Urdu romanisations.",#SpeakSilq #LearnUrdu #Urdu #LanguageLearning #Vocabulary #ShoppingMoney,Updated urdu_graphics_full_set/047_Shopping_and_Money_p1.png
04_urdu/urdu_20-shopping-money_p2of2_home.png,urdu_20-shopping-money_p2of2_home.png,Urdu,speaksilq_urdu,Shopping & Money,20,shopping-money,home,2,2,15,lilac,#EDD9F3,#661D7C,yes,2026-08-24 01:00,2026-08-24,01:00,15,"English vs Urdu — Shopping & Money (part 2 of 2)
Profit = Munafa · Loss = Nuqsan · Tax = Tax
Learn Urdu and 20+ more at Speaksilq.com","Pastel vocabulary card titled ""English vs Urdu"", subtitle ""Shopping & Money"", listing 15 English words with their Urdu romanisations.",#SpeakSilq #LearnUrdu #Urdu #LanguageLearning #Vocabulary #ShoppingMoney,Updated urdu_graphics_full_set/048_Shopping_and_Money_p2.png
04_urdu/urdu_21-colours_p1of2_home.png,urdu_21-colours_p1of2_home.png,Urdu,speaksilq_urdu,Colours,21,colours,home,1,2,10,blush,#FFD9E1,#990020,yes,2026-09-16 01:00,2026-09-16,01:00,61,"English vs Urdu — Colours (part 1 of 2)
Colour = Rang · Red = Laal · Blue = Neela
Learn Urdu and 20+ more at Speaksilq.com","Pastel vocabulary card titled ""English vs Urdu"", subtitle ""Colours"", listing 10 English words with their Urdu romanisations.",#SpeakSilq #LearnUrdu #Urdu #LanguageLearning #Vocabulary #Colours,Updated urdu_graphics_full_set/026_Colours_p1.png
04_urdu/urdu_21-colours_p2of2_home.png,urdu_21-colours_p2of2_home.png,Urdu,speaksilq_urdu,Colours,21,colours,home,2,2,10,honeydew,#D9F2D0,#2F6B19,yes,2026-08-30 13:00,2026-08-30,13:00,28,"English vs Urdu — Colours (part 2 of 2)
Brown = Bhoora · Grey = Sulaiti · Golden = Sunehra
Learn Urdu and 20+ more at Speaksilq.com","Pastel vocabulary card titled ""English vs Urdu"", subtitle ""Colours"", listing 10 English words with their Urdu romanisations.",#SpeakSilq #LearnUrdu #Urdu #LanguageLearning #Vocabulary #Colours,Updated urdu_graphics_full_set/027_Colours_p2.png
04_urdu/urdu_22-travel-transport_p1of3_travel.png,urdu_22-travel-transport_p1of3_travel.png,Urdu,speaksilq_urdu,Travel & Transport,22,travel-transport,travel,1,3,12,periwinkle,#D9DDF7,#1B287E,yes,2026-09-20 01:00,2026-09-20,01:00,69,"English vs Urdu — Travel & Transport (part 1 of 3)
Journey / travel = Safar · Traveller = Musafir · Car = Gaari
Learn Urdu and 20+ more at Speaksilq.com","Pastel vocabulary card titled ""English vs Urdu"", subtitle ""Travel & Transport"", listing 12 English words with their Urdu romanisations.",#SpeakSilq #LearnUrdu #Urdu #LanguageLearning #Vocabulary #TravelTransport,Updated urdu_graphics_full_set/049_Travel_and_Transport_p1.png
04_urdu/urdu_22-travel-transport_p2of3_travel.png,urdu_22-travel-transport_p2of3_travel.png,Urdu,speaksilq_urdu,Travel & Transport,22,travel-transport,travel,2,3,12,sand,#EEE4D4,#7C571D,yes,2026-08-24 13:00,2026-08-24,13:00,16,"English vs Urdu — Travel & Transport (part 2 of 3)
Railway station = Station · Bus stop = Bus stop · Ticket = Ticket
Learn Urdu and 20+ more at Speaksilq.com","Pastel vocabulary card titled ""English vs Urdu"", subtitle ""Travel & Transport"", listing 12 English words with their Urdu romanisations.",#SpeakSilq #LearnUrdu #Urdu #LanguageLearning #Vocabulary #TravelTransport,Updated urdu_graphics_full_set/050_Travel_and_Transport_p2.png
04_urdu/urdu_22-travel-transport_p3of3_travel.png,urdu_22-travel-transport_p3of3_travel.png,Urdu,speaksilq_urdu,Travel & Transport,22,travel-transport,travel,3,3,11,coral-mist,#FFDCCB,#993200,yes,2026-09-09 01:00,2026-09-09,01:00,47,"English vs Urdu — Travel & Transport (part 3 of 3)
Traffic = Traffic · Delay = Taakheer · Arrival = Aamad
Learn Urdu and 20+ more at Speaksilq.com","Pastel vocabulary card titled ""English vs Urdu"", subtitle ""Travel & Transport"", listing 11 English words with their Urdu romanisations.",#SpeakSilq #LearnUrdu #Urdu #LanguageLearning #Vocabulary #TravelTransport,Updated urdu_graphics_full_set/051_Travel_and_Transport_p3.png
04_urdu/urdu_23-directions-places_p1of2_travel.png,urdu_23-directions-places_p1of2_travel.png,Urdu,speaksilq_urdu,Directions & Places,23,directions-places,travel,1,2,13,sky,#CFE6F7,#165583,yes,2026-09-07 01:00,2026-09-07,01:00,43,"English vs Urdu — Directions & Places (part 1 of 2)
Right = Dayen · Left = Bayen · Straight ahead = Seedha
Learn Urdu and 20+ more at Speaksilq.com","Pastel vocabulary card titled ""English vs Urdu"", subtitle ""Directions & Places"", listing 13 English words with their Urdu romanisations.",#SpeakSilq #LearnUrdu #Urdu #LanguageLearning #Vocabulary #DirectionsPlaces,Updated urdu_graphics_full_set/052_Directions_and_Places_p1.png
04_urdu/urdu_23-directions-places_p2of2_travel.png,urdu_23-directions-places_p2of2_travel.png,Urdu,speaksilq_urdu,Directions & Places,23,directions-places,travel,2,2,12,lilac,#EDD9F3,#661D7C,yes,2026-09-23 01:00,2026-09-23,01:00,75,"English vs Urdu — Directions & Places (part 2 of 2)
Crossroads = Chowk · Distance = Faasla · Address = Pata
Learn Urdu and 20+ more at Speaksilq.com","Pastel vocabulary card titled ""English vs Urdu"", subtitle ""Directions & Places"", listing 12 English words with their Urdu romanisations.",#SpeakSilq #LearnUrdu #Urdu #LanguageLearning #Vocabulary #DirectionsPlaces,Updated urdu_graphics_full_set/053_Directions_and_Places_p2.png
04_urdu/urdu_24-city-places_p1of2_travel.png,urdu_24-city-places_p1of2_travel.png,Urdu,speaksilq_urdu,City & Places,24,city-places,travel,1,2,13,lemon-ice,#F4F1C4,#676213,yes,2026-08-27 13:00,2026-08-27,13:00,22,"English vs Urdu — City & Places (part 1 of 2)
City = Sheher · Village = Gaon · Country = Mulk
Learn Urdu and 20+ more at Speaksilq.com","Pastel vocabulary card titled ""English vs Urdu"", subtitle ""City & Places"", listing 13 English words with their Urdu romanisations.",#SpeakSilq #LearnUrdu #Urdu #LanguageLearning #Vocabulary #CityPlaces,Updated urdu_graphics_full_set/054_City_and_Places_p1.png
04_urdu/urdu_24-city-places_p2of2_travel.png,urdu_24-city-places_p2of2_travel.png,Urdu,speaksilq_urdu,City & Places,24,city-places,travel,2,2,12,champagne,#F7E7D0,#835616,yes,2026-09-12 01:00,2026-09-12,01:00,53,"English vs Urdu — City & Places (part 2 of 2)
Bank branch = Bank ki shakh · Park = Park · Museum = Ajaib ghar
Learn Urdu and 20+ more at Speaksilq.com","Pastel vocabulary card titled ""English vs Urdu"", subtitle ""City & Places"", listing 12 English words with their Urdu romanisations.",#SpeakSilq #LearnUrdu #Urdu #LanguageLearning #Vocabulary #CityPlaces,Updated urdu_graphics_full_set/055_City_and_Places_p2.png
04_urdu/urdu_25-hotel-accommodation_p1of2_travel.png,urdu_25-hotel-accommodation_p1of2_travel.png,Urdu,speaksilq_urdu,Hotel & Accommodation,25,hotel-accommodation,travel,1,2,13,powder-blue,#D5E4F7,#184681,yes,2026-08-19 13:00,2026-08-19,13:00,6,"English vs Urdu — Hotel & Accommodation (part 1 of 2)
Hotel = Hotel · Reception = Istaqbaliya · Booking = Booking
Learn Urdu and 20+ more at Speaksilq.com","Pastel vocabulary card titled ""English vs Urdu"", subtitle ""Hotel & Accommodation"", listing 13 English words with their Urdu romanisations.",#SpeakSilq #LearnUrdu #Urdu #LanguageLearning #Vocabulary #HotelAccommodation,Updated urdu_graphics_full_set/056_Hotel_and_Accommodation_p1.png
04_urdu/urdu_25-hotel-accommodation_p2of2_travel.png,urdu_25-hotel-accommodation_p2of2_travel.png,Urdu,speaksilq_urdu,Hotel & Accommodation,25,hotel-accommodation,travel,2,2,12,rose-quartz,#F7D6D0,#832716,yes,2026-09-17 13:00,2026-09-17,13:00,64,"English vs Urdu — Hotel & Accommodation (part 2 of 2)
Lift / elevator = Lift · Check out = Kamra khaali karna · Do you have a room available? = Kya kamra khaali hai?
Learn Urdu and 20+ more at Speaksilq.com","Pastel vocabulary card titled ""English vs Urdu"", subtitle ""Hotel & Accommodation"", listing 12 English words with their Urdu romanisations.",#SpeakSilq #LearnUrdu #Urdu #LanguageLearning #Vocabulary #HotelAccommodation,Updated urdu_graphics_full_set/057_Hotel_and_Accommodation_p2.png
04_urdu/urdu_26-nature-weather_p1of2_world.png,urdu_26-nature-weather_p1of2_world.png,Urdu,speaksilq_urdu,Nature & Weather,26,nature-weather,world,1,2,15,sage,#DCE7D5,#356317,yes,2026-09-11 01:00,2026-09-11,01:00,51,"English vs Urdu — Nature & Weather (part 1 of 2)
Weather = Mausam · Sun = Sooraj · Moon = Chaand
Learn Urdu and 20+ more at Speaksilq.com","Pastel vocabulary card titled ""English vs Urdu"", subtitle ""Nature & Weather"", listing 15 English words with their Urdu romanisations.",#SpeakSilq #LearnUrdu #Urdu #LanguageLearning #Vocabulary #NatureWeather,Updated urdu_graphics_full_set/060_Nature_and_Weather_p1.png
04_urdu/urdu_26-nature-weather_p2of2_world.png,urdu_26-nature-weather_p2of2_world.png,Urdu,speaksilq_urdu,Nature & Weather,26,nature-weather,world,2,2,15,coral-mist,#FFDCCB,#993200,yes,2026-08-20 01:00,2026-08-20,01:00,7,"English vs Urdu — Nature & Weather (part 2 of 2)
Mountain = Pahaar · River = Darya · Sea = Samandar
Learn Urdu and 20+ more at Speaksilq.com","Pastel vocabulary card titled ""English vs Urdu"", subtitle ""Nature & Weather"", listing 15 English words with their Urdu romanisations.",#SpeakSilq #LearnUrdu #Urdu #LanguageLearning #Vocabulary #NatureWeather,Updated urdu_graphics_full_set/061_Nature_and_Weather_p2.png
04_urdu/urdu_27-animals-birds_p1of2_world.png,urdu_27-animals-birds_p1of2_world.png,Urdu,speaksilq_urdu,Animals & Birds,27,animals-birds,world,1,2,13,sage,#DCE7D5,#356317,yes,2026-08-22 01:00,2026-08-22,01:00,11,"English vs Urdu — Animals & Birds (part 1 of 2)
Animal = Jaanwar · Dog = Kutta · Cat = Billi
Learn Urdu and 20+ more at Speaksilq.com","Pastel vocabulary card titled ""English vs Urdu"", subtitle ""Animals & Birds"", listing 13 English words with their Urdu romanisations.",#SpeakSilq #LearnUrdu #Urdu #LanguageLearning #Vocabulary #AnimalsBirds,Updated urdu_graphics_full_set/062_Animals_and_Birds_p1.png
04_urdu/urdu_27-animals-birds_p2of2_world.png,urdu_27-animals-birds_p2of2_world.png,Urdu,speaksilq_urdu,Animals & Birds,27,animals-birds,world,2,2,12,honeydew,#D9F2D0,#2F6B19,yes,2026-09-19 13:00,2026-09-19,13:00,68,"English vs Urdu — Animals & Birds (part 2 of 2)
Snake = Saanp · Mouse = Chooha · Bird = Parinda
Learn Urdu and 20+ more at Speaksilq.com","Pastel vocabulary card titled ""English vs Urdu"", subtitle ""Animals & Birds"", listing 12 English words with their Urdu romanisations.",#SpeakSilq #LearnUrdu #Urdu #LanguageLearning #Vocabulary #AnimalsBirds,Updated urdu_graphics_full_set/063_Animals_and_Birds_p2.png
04_urdu/urdu_28-emergencies-safety_p1of2_world.png,urdu_28-emergencies-safety_p1of2_world.png,Urdu,speaksilq_urdu,Emergencies & Safety,28,emergencies-safety,world,1,2,13,seafoam,#C6EFE8,#196B5D,yes,2026-09-14 01:00,2026-09-14,01:00,57,"English vs Urdu — Emergencies & Safety (part 1 of 2)
Help! = Madad! · Danger = Khatra · Emergency = Hangami halat
Learn Urdu and 20+ more at Speaksilq.com","Pastel vocabulary card titled ""English vs Urdu"", subtitle ""Emergencies & Safety"", listing 13 English words with their Urdu romanisations.",#SpeakSilq #LearnUrdu #Urdu #LanguageLearning #Vocabulary #EmergenciesSafety,Updated urdu_graphics_full_set/058_Emergencies_and_Safety_p1.png
04_urdu/urdu_28-emergencies-safety_p2of2_world.png,urdu_28-emergencies-safety_p2of2_world.png,Urdu,speaksilq_urdu,Emergencies & Safety,28,emergencies-safety,world,2,2,12,mint,#C8F0DE,#196B46,yes,2026-09-22 13:00,2026-09-22,13:00,74,"English vs Urdu — Emergencies & Safety (part 2 of 2)
Witness = Gawah · Lawyer = Wakeel · Call the police = Police ko bulaiye
Learn Urdu and 20+ more at Speaksilq.com","Pastel vocabulary card titled ""English vs Urdu"", subtitle ""Emergencies & Safety"", listing 12 English words with their Urdu romanisations.",#SpeakSilq #LearnUrdu #Urdu #LanguageLearning #Vocabulary #EmergenciesSafety,Updated urdu_graphics_full_set/059_Emergencies_and_Safety_p2.png
04_urdu/urdu_29-common-verbs_p1of4_learn.png,urdu_29-common-verbs_p1of4_learn.png,Urdu,speaksilq_urdu,Common Verbs,29,common-verbs,learn,1,4,14,sand,#EEE4D4,#7C571D,yes,2026-09-23 13:00,2026-09-23,13:00,76,"English vs Urdu — Common Verbs (part 1 of 4)
To be = Hona · To do = Karna · To go = Jana
Learn Urdu and 20+ more at Speaksilq.com","Pastel vocabulary card titled ""English vs Urdu"", subtitle ""Common Verbs"", listing 14 English words with their Urdu romanisations.",#SpeakSilq #LearnUrdu #Urdu #LanguageLearning #Vocabulary #CommonVerbs,Updated urdu_graphics_full_set/016_Common_Verbs_p1.png
04_urdu/urdu_29-common-verbs_p2of4_learn.png,urdu_29-common-verbs_p2of4_learn.png,Urdu,speaksilq_urdu,Common Verbs,29,common-verbs,learn,2,4,14,mint,#C8F0DE,#196B46,yes,2026-08-23 13:00,2026-08-23,13:00,14,"English vs Urdu — Common Verbs (part 2 of 4)
To learn = Seekhna · To teach = Sikhana · To understand = Samajhna
Learn Urdu and 20+ more at Speaksilq.com","Pastel vocabulary card titled ""English vs Urdu"", subtitle ""Common Verbs"", listing 14 English words with their Urdu romanisations.",#SpeakSilq #LearnUrdu #Urdu #LanguageLearning #Vocabulary #CommonVerbs,Updated urdu_graphics_full_set/017_Common_Verbs_p2.png
04_urdu/urdu_29-common-verbs_p3of4_learn.png,urdu_29-common-verbs_p3of4_learn.png,Urdu,speaksilq_urdu,Common Verbs,29,common-verbs,learn,3,4,14,butter,#FFF2C2,#7A6000,yes,2026-09-15 01:00,2026-09-15,01:00,59,"English vs Urdu — Common Verbs (part 3 of 4)
To sit = Baithna · To stand up = Kharra hona · To open = Kholna
Learn Urdu and 20+ more at Speaksilq.com","Pastel vocabulary card titled ""English vs Urdu"", subtitle ""Common Verbs"", listing 14 English words with their Urdu romanisations.",#SpeakSilq #LearnUrdu #Urdu #LanguageLearning #Vocabulary #CommonVerbs,Updated urdu_graphics_full_set/018_Common_Verbs_p3.png
04_urdu/urdu_29-common-verbs_p4of4_learn.png,urdu_29-common-verbs_p4of4_learn.png,Urdu,speaksilq_urdu,Common Verbs,29,common-verbs,learn,4,4,13,pistachio,#E4F0C4,#556B19,yes,2026-09-08 01:00,2026-09-08,01:00,45,"English vs Urdu — Common Verbs (part 4 of 4)
To cry = Rona · To love = Mohabbat karna · To like = Pasand karna
Learn Urdu and 20+ more at Speaksilq.com","Pastel vocabulary card titled ""English vs Urdu"", subtitle ""Common Verbs"", listing 13 English words with their Urdu romanisations.",#SpeakSilq #LearnUrdu #Urdu #LanguageLearning #Vocabulary #CommonVerbs,Updated urdu_graphics_full_set/019_Common_Verbs_p4.png
04_urdu/urdu_30-adjectives-opposites_p1of3_learn.png,urdu_30-adjectives-opposites_p1of3_learn.png,Urdu,speaksilq_urdu,Adjectives & Opposites,30,adjectives-opposites,learn,1,3,15,sky,#CFE6F7,#165583,yes,2026-09-17 01:00,2026-09-17,01:00,63,"English vs Urdu — Adjectives & Opposites (part 1 of 3)
Big = Bara · Small = Chhota · Long = Lamba
Learn Urdu and 20+ more at Speaksilq.com","Pastel vocabulary card titled ""English vs Urdu"", subtitle ""Adjectives & Opposites"", listing 15 English words with their Urdu romanisations.",#SpeakSilq #LearnUrdu #Urdu #LanguageLearning #Vocabulary #AdjectivesOpposites,Updated urdu_graphics_full_set/023_Adjectives_and_Opposites_p1.png
04_urdu/urdu_30-adjectives-opposites_p2of3_learn.png,urdu_30-adjectives-opposites_p2of3_learn.png,Urdu,speaksilq_urdu,Adjectives & Opposites,30,adjectives-opposites,learn,2,3,15,champagne,#F7E7D0,#835616,yes,2026-09-02 01:00,2026-09-02,01:00,33,"English vs Urdu — Adjectives & Opposites (part 2 of 3)
Slow = Aahista · Hot = Garam · Cold = Thanda
Learn Urdu and 20+ more at Speaksilq.com","Pastel vocabulary card titled ""English vs Urdu"", subtitle ""Adjectives & Opposites"", listing 15 English words with their Urdu romanisations.",#SpeakSilq #LearnUrdu #Urdu #LanguageLearning #Vocabulary #AdjectivesOpposites,Updated urdu_graphics_full_set/024_Adjectives_and_Opposites_p2.png
04_urdu/urdu_30-adjectives-opposites_p3of3_learn.png,urdu_30-adjectives-opposites_p3of3_learn.png,Urdu,speaksilq_urdu,Adjectives & Opposites,30,adjectives-opposites,learn,3,3,15,peach,#FFE3C9,#994A00,yes,2026-09-10 13:00,2026-09-10,13:00,50,"English vs Urdu — Adjectives & Opposites (part 3 of 3)
Near = Qareeb · Far = Door · Open = Khula
Learn Urdu and 20+ more at Speaksilq.com","Pastel vocabulary card titled ""English vs Urdu"", subtitle ""Adjectives & Opposites"", listing 15 English words with their Urdu romanisations.",#SpeakSilq #LearnUrdu #Urdu #LanguageLearning #Vocabulary #AdjectivesOpposites,Updated urdu_graphics_full_set/025_Adjectives_and_Opposites_p3.png
04_urdu/urdu_31-work-professions_p1of2_learn.png,urdu_31-work-professions_p1of2_learn.png,Urdu,speaksilq_urdu,Work & Professions,31,work-professions,learn,1,2,13,blush,#FFD9E1,#990020,yes,2026-09-06 01:00,2026-09-06,01:00,41,"English vs Urdu — Work & Professions (part 1 of 2)
Work / job = Kaam · Profession = Pesha · Employee = Mulazim
Learn Urdu and 20+ more at Speaksilq.com","Pastel vocabulary card titled ""English vs Urdu"", subtitle ""Work & Professions"", listing 13 English words with their Urdu romanisations.",#SpeakSilq #LearnUrdu #Urdu #LanguageLearning #Vocabulary #WorkProfessions,Updated urdu_graphics_full_set/064_Work_and_Professions_p1.png
04_urdu/urdu_31-work-professions_p2of2_learn.png,urdu_31-work-professions_p2of2_learn.png,Urdu,speaksilq_urdu,Work & Professions,31,work-professions,learn,2,2,12,rose-quartz,#F7D6D0,#832716,yes,2026-08-18 13:00,2026-08-18,13:00,4,"English vs Urdu — Work & Professions (part 2 of 2)
Barber = Naai · Carpenter = Barhai · Blacksmith = Lohaar
Learn Urdu and 20+ more at Speaksilq.com","Pastel vocabulary card titled ""English vs Urdu"", subtitle ""Work & Professions"", listing 12 English words with their Urdu romanisations.",#SpeakSilq #LearnUrdu #Urdu #LanguageLearning #Vocabulary #WorkProfessions,Updated urdu_graphics_full_set/065_Work_and_Professions_p2.png
04_urdu/urdu_32-education-school_p1of2_learn.png,urdu_32-education-school_p1of2_learn.png,Urdu,speaksilq_urdu,Education & School,32,education-school,learn,1,2,13,lavender,#E1D8F5,#3B1D7C,yes,2026-09-21 13:00,2026-09-21,13:00,72,"English vs Urdu — Education & School (part 1 of 2)
Education = Taleem · Book = Kitaab · Notebook = Copy
Learn Urdu and 20+ more at Speaksilq.com","Pastel vocabulary card titled ""English vs Urdu"", subtitle ""Education & School"", listing 13 English words with their Urdu romanisations.",#SpeakSilq #LearnUrdu #Urdu #LanguageLearning #Vocabulary #EducationSchool,Updated urdu_graphics_full_set/066_Education_and_School_p1.png
04_urdu/urdu_32-education-school_p2of2_learn.png,urdu_32-education-school_p2of2_learn.png,Urdu,speaksilq_urdu,Education & School,32,education-school,learn,2,2,12,mint,#C8F0DE,#196B46,yes,2026-09-12 13:00,2026-09-12,13:00,54,"English vs Urdu — Education & School (part 2 of 2)
Answer = Jawab · Language = Zabaan · Word = Lafz
Learn Urdu and 20+ more at Speaksilq.com","Pastel vocabulary card titled ""English vs Urdu"", subtitle ""Education & School"", listing 12 English words with their Urdu romanisations.",#SpeakSilq #LearnUrdu #Urdu #LanguageLearning #Vocabulary #EducationSchool,Updated urdu_graphics_full_set/067_Education_and_School_p2.png
04_urdu/urdu_33-technology-communication_p1of2_learn.png,urdu_33-technology-communication_p1of2_learn.png,Urdu,speaksilq_urdu,Technology & Communication,33,technology-communication,learn,1,2,13,butter,#FFF2C2,#7A6000,yes,2026-08-26 01:00,2026-08-26,01:00,19,"English vs Urdu — Technology & Communication (part 1 of 2)
Phone = Phone · Mobile phone = Mobile · Computer = Computer
Learn Urdu and 20+ more at Speaksilq.com","Pastel vocabulary card titled ""English vs Urdu"", subtitle ""Technology & Communication"", listing 13 English words with their Urdu romanisations.",#SpeakSilq #LearnUrdu #Urdu #LanguageLearning #Vocabulary #TechnologyCommunication,Updated urdu_graphics_full_set/068_Technology_and_Communication_p1.png
04_urdu/urdu_33-technology-communication_p2of2_learn.png,urdu_33-technology-communication_p2of2_learn.png,Urdu,speaksilq_urdu,Technology & Communication,33,technology-communication,learn,2,2,12,seafoam,#C6EFE8,#196B5D,yes,2026-09-04 01:00,2026-09-04,01:00,37,"English vs Urdu — Technology & Communication (part 2 of 2)
Video = Video · Application = App · Website = Website
Learn Urdu and 20+ more at Speaksilq.com","Pastel vocabulary card titled ""English vs Urdu"", subtitle ""Technology & Communication"", listing 12 English words with their Urdu romanisations.",#SpeakSilq #LearnUrdu #Urdu #LanguageLearning #Vocabulary #TechnologyCommunication,Updated urdu_graphics_full_set/069_Technology_and_Communication_p2.png
04_urdu/urdu_34-sports-leisure_p1of2_learn.png,urdu_34-sports-leisure_p1of2_learn.png,Urdu,speaksilq_urdu,Sports & Leisure,34,sports-leisure,learn,1,2,10,periwinkle,#D9DDF7,#1B287E,yes,2026-08-31 01:00,2026-08-31,01:00,29,"English vs Urdu — Sports & Leisure (part 1 of 2)
Game / sport = Khel · Cricket = Cricket · Football = Football
Learn Urdu and 20+ more at Speaksilq.com","Pastel vocabulary card titled ""English vs Urdu"", subtitle ""Sports & Leisure"", listing 10 English words with their Urdu romanisations.",#SpeakSilq #LearnUrdu #Urdu #LanguageLearning #Vocabulary #SportsLeisure,Updated urdu_graphics_full_set/070_Sports_and_Leisure_p1.png
04_urdu/urdu_34-sports-leisure_p2of2_learn.png,urdu_34-sports-leisure_p2of2_learn.png,Urdu,speaksilq_urdu,Sports & Leisure,34,sports-leisure,learn,2,2,10,periwinkle,#D9DDF7,#1B287E,yes,2026-08-21 01:00,2026-08-21,01:00,9,"English vs Urdu — Sports & Leisure (part 2 of 2)
Swimming = Tairaki · Running = Daur · Music = Mausiqi
Learn Urdu and 20+ more at Speaksilq.com","Pastel vocabulary card titled ""English vs Urdu"", subtitle ""Sports & Leisure"", listing 10 English words with their Urdu romanisations.",#SpeakSilq #LearnUrdu #Urdu #LanguageLearning #Vocabulary #SportsLeisure,Updated urdu_graphics_full_set/071_Sports_and_Leisure_p2.png
04_urdu/urdu_35-religion-culture_p1of2_learn.png,urdu_35-religion-culture_p1of2_learn.png,Urdu,speaksilq_urdu,Religion & Culture,35,religion-culture,learn,1,2,10,pistachio,#E4F0C4,#556B19,yes,2026-08-29 01:00,2026-08-29,01:00,25,"English vs Urdu — Religion & Culture (part 1 of 2)
Religion = Mazhab · God = Allah · Prayer (salah) = Namaz
Learn Urdu and 20+ more at Speaksilq.com","Pastel vocabulary card titled ""English vs Urdu"", subtitle ""Religion & Culture"", listing 10 English words with their Urdu romanisations.",#SpeakSilq #LearnUrdu #Urdu #LanguageLearning #Vocabulary #ReligionCulture,Updated urdu_graphics_full_set/072_Religion_and_Culture_p1.png
04_urdu/urdu_35-religion-culture_p2of2_learn.png,urdu_35-religion-culture_p2of2_learn.png,Urdu,speaksilq_urdu,Religion & Culture,35,religion-culture,learn,2,2,10,coral-mist,#FFDCCB,#993200,yes,2026-09-19 01:00,2026-09-19,01:00,67,"English vs Urdu — Religion & Culture (part 2 of 2)
Blessing = Barkat · Sin = Gunah · Good deed = Neki
Learn Urdu and 20+ more at Speaksilq.com","Pastel vocabulary card titled ""English vs Urdu"", subtitle ""Religion & Culture"", listing 10 English words with their Urdu romanisations.",#SpeakSilq #LearnUrdu #Urdu #LanguageLearning #Vocabulary #ReligionCulture,Updated urdu_graphics_full_set/073_Religion_and_Culture_p2.png
05_bengali/bengali_01-greetings-courtesy_p1of5_social.png,bengali_01-greetings-courtesy_p1of5_social.png,Bengali,speaksilq_bengali,Greetings & Courtesy,01,greetings-courtesy,social,1,5,12,powder-blue,#D5E4F7,#184681,yes,2026-09-28 13:00,2026-09-28,13:00,86,"English vs Bengali — Greetings & Courtesy (part 1 of 5)
Hello / greetings = nomoshkar · Peace be upon you = assalamu alaikum · And peace be upon you (reply) = walaikum assalam
Learn Bengali and 20+ more at Speaksilq.com","Pastel vocabulary card titled ""English vs Bengali"", subtitle ""Greetings & Courtesy"", listing 12 English words with their Bengali romanisations.",#SpeakSilq #LearnBengali #Bengali #LanguageLearning #Vocabulary #GreetingsCourtesy,Bengali_Typographics_part3_of_3/Bengali_Typographics_part2_of_3/Bengali_Typographics_part1_of_3/001_Greetings_and_Courtesy_p1.png
05_bengali/bengali_01-greetings-courtesy_p2of5_social.png,bengali_01-greetings-courtesy_p2of5_social.png,Bengali,speaksilq_bengali,Greetings & Courtesy,01,greetings-courtesy,social,2,5,11,champagne,#F7E7D0,#835616,yes,2026-09-12 01:00,2026-09-12,01:00,53,"English vs Bengali — Greetings & Courtesy (part 2 of 5)
How are you? (intimate) = tui kemon achhish? · I am well = ami bhalo achhi · I am not well = ami bhalo nei
Learn Bengali and 20+ more at Speaksilq.com","Pastel vocabulary card titled ""English vs Bengali"", subtitle ""Greetings & Courtesy"", listing 11 English words with their Bengali romanisations.",#SpeakSilq #LearnBengali #Bengali #LanguageLearning #Vocabulary #GreetingsCourtesy,Bengali_Typographics_part3_of_3/Bengali_Typographics_part2_of_3/Bengali_Typographics_part1_of_3/002_Greetings_and_Courtesy_p2.png
05_bengali/bengali_01-greetings-courtesy_p3of5_social.png,bengali_01-greetings-courtesy_p3of5_social.png,Bengali,speaksilq_bengali,Greetings & Courtesy,01,greetings-courtesy,social,3,5,11,butter,#FFF2C2,#7A6000,yes,2026-10-05 01:00,2026-10-05,01:00,99,"English vs Bengali — Greetings & Courtesy (part 3 of 5)
Thank you very much = onek dhonnobad · You're welcome = shagotom · No problem / it's nothing = kono bêpar na
Learn Bengali and 20+ more at Speaksilq.com","Pastel vocabulary card titled ""English vs Bengali"", subtitle ""Greetings & Courtesy"", listing 11 English words with their Bengali romanisations.",#SpeakSilq #LearnBengali #Bengali #LanguageLearning #Vocabulary #GreetingsCourtesy,Bengali_Typographics_part3_of_3/Bengali_Typographics_part2_of_3/Bengali_Typographics_part1_of_3/003_Greetings_and_Courtesy_p3.png
05_bengali/bengali_01-greetings-courtesy_p4of5_social.png,bengali_01-greetings-courtesy_p4of5_social.png,Bengali,speaksilq_bengali,Greetings & Courtesy,01,greetings-courtesy,social,4,5,11,powder-blue,#D5E4F7,#184681,yes,2026-09-18 13:00,2026-09-18,13:00,66,"English vs Bengali — Greetings & Courtesy (part 4 of 5)
No = na · Okay / alright = thik achhe · Maybe = hoyto
Learn Bengali and 20+ more at Speaksilq.com","Pastel vocabulary card titled ""English vs Bengali"", subtitle ""Greetings & Courtesy"", listing 11 English words with their Bengali romanisations.",#SpeakSilq #LearnBengali #Bengali #LanguageLearning #Vocabulary #GreetingsCourtesy,Bengali_Typographics_part3_of_3/Bengali_Typographics_part2_of_3/Bengali_Typographics_part1_of_3/004_Greetings_and_Courtesy_p4.png
05_bengali/bengali_01-greetings-courtesy_p5of5_social.png,bengali_01-greetings-courtesy_p5of5_social.png,Bengali,speaksilq_bengali,Greetings & Courtesy,01,greetings-courtesy,social,5,5,11,lavender,#E1D8F5,#3B1D7C,yes,2026-09-01 13:00,2026-09-01,13:00,32,"English vs Bengali — Greetings & Courtesy (part 5 of 5)
Happy new year = shubho noboborsho · Eid Mubarak = Eid Mubarak · Get well soon = taratari shustho hoye uthun
Learn Bengali and 20+ more at Speaksilq.com","Pastel vocabulary card titled ""English vs Bengali"", subtitle ""Greetings & Courtesy"", listing 11 English words with their Bengali romanisations.",#SpeakSilq #LearnBengali #Bengali #LanguageLearning #Vocabulary #GreetingsCourtesy,Bengali_Typographics_part3_of_3/Bengali_Typographics_part2_of_3/Bengali_Typographics_part1_of_3/005_Greetings_and_Courtesy_p5.png
05_bengali/bengali_02-everyday-phrases_p1of11_social.png,bengali_02-everyday-phrases_p1of11_social.png,Bengali,speaksilq_bengali,Everyday Phrases,02,everyday-phrases,social,1,11,12,honeydew,#D9F2D0,#2F6B19,yes,2026-09-09 13:00,2026-09-09,13:00,48,"English vs Bengali — Everyday Phrases (part 1 of 11)
I don't understand = ami bujhi na · I understand = ami bujhechhi · Please say it again = abar bolun
Learn Bengali and 20+ more at Speaksilq.com","Pastel vocabulary card titled ""English vs Bengali"", subtitle ""Everyday Phrases"", listing 12 English words with their Bengali romanisations.",#SpeakSilq #LearnBengali #Bengali #LanguageLearning #Vocabulary #EverydayPhrases,Bengali_Typographics_part3_of_3/094_Everyday_Phrases_p1.png
05_bengali/bengali_02-everyday-phrases_p2of11_social.png,bengali_02-everyday-phrases_p2of11_social.png,Bengali,speaksilq_bengali,Everyday Phrases,02,everyday-phrases,social,2,11,12,mint,#C8F0DE,#196B46,yes,2026-10-02 13:00,2026-10-02,13:00,94,"English vs Bengali — Everyday Phrases (part 2 of 11)
Wait a moment = ektu opekkha korun · Just a minute = ek minit · Come here = ekhane ashun
Learn Bengali and 20+ more at Speaksilq.com","Pastel vocabulary card titled ""English vs Bengali"", subtitle ""Everyday Phrases"", listing 12 English words with their Bengali romanisations.",#SpeakSilq #LearnBengali #Bengali #LanguageLearning #Vocabulary #EverydayPhrases,Bengali_Typographics_part3_of_3/095_Everyday_Phrases_p2.png
05_bengali/bengali_02-everyday-phrases_p3of11_social.png,bengali_02-everyday-phrases_p3of11_social.png,Bengali,speaksilq_bengali,Everyday Phrases,02,everyday-phrases,social,3,11,12,seafoam,#C6EFE8,#196B5D,yes,2026-08-25 01:00,2026-08-25,01:00,17,"English vs Bengali — Everyday Phrases (part 3 of 11)
May I ask something? = ekta kotha jiggesh korte pari? · Of course you may = obosshoi paren · I have a question = amar ekta proshno achhe
Learn Bengali and 20+ more at Speaksilq.com","Pastel vocabulary card titled ""English vs Bengali"", subtitle ""Everyday Phrases"", listing 12 English words with their Bengali romanisations.",#SpeakSilq #LearnBengali #Bengali #LanguageLearning #Vocabulary #EverydayPhrases,Bengali_Typographics_part3_of_3/096_Everyday_Phrases_p3.png
05_bengali/bengali_02-everyday-phrases_p4of11_social.png,bengali_02-everyday-phrases_p4of11_social.png,Bengali,speaksilq_bengali,Everyday Phrases,02,everyday-phrases,social,4,11,12,sand,#EEE4D4,#7C571D,yes,2026-09-03 13:00,2026-09-03,13:00,36,"English vs Bengali — Everyday Phrases (part 4 of 11)
I disagree = ami ekmot noi · I think so = amar tai mone hoy · In my opinion = amar mote
Learn Bengali and 20+ more at Speaksilq.com","Pastel vocabulary card titled ""English vs Bengali"", subtitle ""Everyday Phrases"", listing 12 English words with their Bengali romanisations.",#SpeakSilq #LearnBengali #Bengali #LanguageLearning #Vocabulary #EverydayPhrases,Bengali_Typographics_part3_of_3/097_Everyday_Phrases_p4.png
05_bengali/bengali_02-everyday-phrases_p5of11_social.png,bengali_02-everyday-phrases_p5of11_social.png,Bengali,speaksilq_bengali,Everyday Phrases,02,everyday-phrases,social,5,11,12,butter,#FFF2C2,#7A6000,yes,2026-09-15 01:00,2026-09-15,01:00,59,"English vs Bengali — Everyday Phrases (part 5 of 11)
It's possible = eta shombhob · I want ... = ami ... chai · I don't want it = ami chai na
Learn Bengali and 20+ more at Speaksilq.com","Pastel vocabulary card titled ""English vs Bengali"", subtitle ""Everyday Phrases"", listing 12 English words with their Bengali romanisations.",#SpeakSilq #LearnBengali #Bengali #LanguageLearning #Vocabulary #EverydayPhrases,Bengali_Typographics_part3_of_3/098_Everyday_Phrases_p5.png
05_bengali/bengali_02-everyday-phrases_p6of11_social.png,bengali_02-everyday-phrases_p6of11_social.png,Bengali,speaksilq_bengali,Everyday Phrases,02,everyday-phrases,social,6,11,12,lemon-ice,#F4F1C4,#676213,yes,2026-09-26 13:00,2026-09-26,13:00,82,"English vs Bengali — Everyday Phrases (part 6 of 11)
I live in London = ami Londone thaki · How old are you? = apnar boyosh koto? · I am twenty-five years old = amar boyosh põchish
Learn Bengali and 20+ more at Speaksilq.com","Pastel vocabulary card titled ""English vs Bengali"", subtitle ""Everyday Phrases"", listing 12 English words with their Bengali romanisations.",#SpeakSilq #LearnBengali #Bengali #LanguageLearning #Vocabulary #EverydayPhrases,Bengali_Typographics_part3_of_3/099_Everyday_Phrases_p6.png
05_bengali/bengali_02-everyday-phrases_p7of11_social.png,bengali_02-everyday-phrases_p7of11_social.png,Bengali,speaksilq_bengali,Everyday Phrases,02,everyday-phrases,social,7,11,12,pistachio,#E4F0C4,#556B19,yes,2026-08-29 01:00,2026-08-29,01:00,25,"English vs Bengali — Everyday Phrases (part 7 of 11)
See you tomorrow = kal dêkha hobe · Give my regards to your family = barite shobaike shalam janaben · It was nice talking to you = apnar shathe kotha bole bhalo laglo
Learn Bengali and 20+ more at Speaksilq.com","Pastel vocabulary card titled ""English vs Bengali"", subtitle ""Everyday Phrases"", listing 12 English words with their Bengali romanisations.",#SpeakSilq #LearnBengali #Bengali #LanguageLearning #Vocabulary #EverydayPhrases,Bengali_Typographics_part3_of_3/100_Everyday_Phrases_p7.png
05_bengali/bengali_02-everyday-phrases_p8of11_social.png,bengali_02-everyday-phrases_p8of11_social.png,Bengali,speaksilq_bengali,Everyday Phrases,02,everyday-phrases,social,8,11,12,coral-mist,#FFDCCB,#993200,yes,2026-08-20 01:00,2026-08-20,01:00,7,"English vs Bengali — Everyday Phrases (part 8 of 11)
Thank God = Alhamdulillah · Help! = bãchao! · Danger! = bipod!
Learn Bengali and 20+ more at Speaksilq.com","Pastel vocabulary card titled ""English vs Bengali"", subtitle ""Everyday Phrases"", listing 12 English words with their Bengali romanisations.",#SpeakSilq #LearnBengali #Bengali #LanguageLearning #Vocabulary #EverydayPhrases,Bengali_Typographics_part3_of_3/101_Everyday_Phrases_p8.png
05_bengali/bengali_02-everyday-phrases_p9of11_social.png,bengali_02-everyday-phrases_p9of11_social.png,Bengali,speaksilq_bengali,Everyday Phrases,02,everyday-phrases,social,9,11,12,blush,#FFD9E1,#990020,yes,2026-08-17 01:00,2026-08-17,01:00,1,"English vs Bengali — Everyday Phrases (part 9 of 11)
Don't do that = eta korben na · It's my fault = eta amar dosh · It's not my fault = eta amar dosh noy
Learn Bengali and 20+ more at Speaksilq.com","Pastel vocabulary card titled ""English vs Bengali"", subtitle ""Everyday Phrases"", listing 12 English words with their Bengali romanisations.",#SpeakSilq #LearnBengali #Bengali #LanguageLearning #Vocabulary #EverydayPhrases,Bengali_Typographics_part3_of_3/102_Everyday_Phrases_p9.png
05_bengali/bengali_02-everyday-phrases_p10of11_social.png,bengali_02-everyday-phrases_p10of11_social.png,Bengali,speaksilq_bengali,Everyday Phrases,02,everyday-phrases,social,10,11,12,rose-quartz,#F7D6D0,#832716,yes,2026-10-07 13:00,2026-10-07,13:00,104,"English vs Bengali — Everyday Phrases (part 10 of 11)
I'm not sure = ami nishchit noi · Definitely = obosshoi · Never mind, let it go = thak, bad din
Learn Bengali and 20+ more at Speaksilq.com","Pastel vocabulary card titled ""English vs Bengali"", subtitle ""Everyday Phrases"", listing 12 English words with their Bengali romanisations.",#SpeakSilq #LearnBengali #Bengali #LanguageLearning #Vocabulary #EverydayPhrases,Bengali_Typographics_part3_of_3/103_Everyday_Phrases_p10.png
05_bengali/bengali_02-everyday-phrases_p11of11_social.png,bengali_02-everyday-phrases_p11of11_social.png,Bengali,speaksilq_bengali,Everyday Phrases,02,everyday-phrases,social,11,11,12,peach,#FFE3C9,#994A00,yes,2026-09-20 13:00,2026-09-20,13:00,70,"English vs Bengali — Everyday Phrases (part 11 of 11)
Already = aggei · Again = abar · Together = ekshathe
Learn Bengali and 20+ more at Speaksilq.com","Pastel vocabulary card titled ""English vs Bengali"", subtitle ""Everyday Phrases"", listing 12 English words with their Bengali romanisations.",#SpeakSilq #LearnBengali #Bengali #LanguageLearning #Vocabulary #EverydayPhrases,Bengali_Typographics_part3_of_3/104_Everyday_Phrases_p11.png
05_bengali/bengali_03-question-words_p1of4_social.png,bengali_03-question-words_p1of4_social.png,Bengali,speaksilq_bengali,Pronouns & Questions,03,question-words,social,1,4,11,sage,#DCE7D5,#356317,yes,2026-08-22 01:00,2026-08-22,01:00,11,"English vs Bengali — Pronouns & Questions (part 1 of 4)
I = ami · We = amra · You (formal) = apni
Learn Bengali and 20+ more at Speaksilq.com","Pastel vocabulary card titled ""English vs Bengali"", subtitle ""Pronouns & Questions"", listing 11 English words with their Bengali romanisations.",#SpeakSilq #LearnBengali #Bengali #LanguageLearning #Vocabulary #QuestionWords,Bengali_Typographics_part3_of_3/Bengali_Typographics_part2_of_3/Bengali_Typographics_part1_of_3/023_Pronouns_and_Questions_p1.png
05_bengali/bengali_03-question-words_p2of4_social.png,bengali_03-question-words_p2of4_social.png,Bengali,speaksilq_bengali,Pronouns & Questions,03,question-words,social,2,4,10,lemon-ice,#F4F1C4,#676213,yes,2026-09-06 13:00,2026-09-06,13:00,42,"English vs Bengali — Pronouns & Questions (part 2 of 4)
This = eta · That = ota · These = egulo
Learn Bengali and 20+ more at Speaksilq.com","Pastel vocabulary card titled ""English vs Bengali"", subtitle ""Pronouns & Questions"", listing 10 English words with their Bengali romanisations.",#SpeakSilq #LearnBengali #Bengali #LanguageLearning #Vocabulary #QuestionWords,Bengali_Typographics_part3_of_3/Bengali_Typographics_part2_of_3/Bengali_Typographics_part1_of_3/024_Pronouns_and_Questions_p2.png
05_bengali/bengali_03-question-words_p3of4_social.png,bengali_03-question-words_p3of4_social.png,Bengali,speaksilq_bengali,Pronouns & Questions,03,question-words,social,3,4,10,peach,#FFE3C9,#994A00,yes,2026-09-30 13:00,2026-09-30,13:00,90,"English vs Bengali — Pronouns & Questions (part 3 of 4)
Their = tader · Myself = nije · What? = ki?
Learn Bengali and 20+ more at Speaksilq.com","Pastel vocabulary card titled ""English vs Bengali"", subtitle ""Pronouns & Questions"", listing 10 English words with their Bengali romanisations.",#SpeakSilq #LearnBengali #Bengali #LanguageLearning #Vocabulary #QuestionWords,Bengali_Typographics_part3_of_3/Bengali_Typographics_part2_of_3/Bengali_Typographics_part1_of_3/025_Pronouns_and_Questions_p3.png
05_bengali/bengali_03-question-words_p4of4_social.png,bengali_03-question-words_p4of4_social.png,Bengali,speaksilq_bengali,Pronouns & Questions,03,question-words,social,4,4,10,sand,#EEE4D4,#7C571D,yes,2026-09-23 13:00,2026-09-23,13:00,76,"English vs Bengali — Pronouns & Questions (part 4 of 4)
How much / how many? = koto? · How long? (duration) = kotokkhon? · How far? = koto dur?
Learn Bengali and 20+ more at Speaksilq.com","Pastel vocabulary card titled ""English vs Bengali"", subtitle ""Pronouns & Questions"", listing 10 English words with their Bengali romanisations.",#SpeakSilq #LearnBengali #Bengali #LanguageLearning #Vocabulary #QuestionWords,Bengali_Typographics_part3_of_3/Bengali_Typographics_part2_of_3/Bengali_Typographics_part1_of_3/026_Pronouns_and_Questions_p4.png
05_bengali/bengali_06-numbers_p1of6_time.png,bengali_06-numbers_p1of6_time.png,Bengali,speaksilq_bengali,Numbers & Counting,06,numbers,time,1,6,12,sage,#DCE7D5,#356317,yes,2026-09-01 01:00,2026-09-01,01:00,31,"English vs Bengali — Numbers & Counting (part 1 of 6)
Zero = shunno · One = ek · Two = dui
Learn Bengali and 20+ more at Speaksilq.com","Pastel vocabulary card titled ""English vs Bengali"", subtitle ""Numbers & Counting"", listing 12 English words with their Bengali romanisations.",#SpeakSilq #LearnBengali #Bengali #LanguageLearning #Vocabulary #Numbers,Bengali_Typographics_part3_of_3/Bengali_Typographics_part2_of_3/Bengali_Typographics_part1_of_3/006_Numbers_and_Counting_p1.png
05_bengali/bengali_06-numbers_p2of6_time.png,bengali_06-numbers_p2of6_time.png,Bengali,speaksilq_bengali,Numbers & Counting,06,numbers,time,2,6,12,butter,#FFF2C2,#7A6000,yes,2026-09-25 01:00,2026-09-25,01:00,79,"English vs Bengali — Numbers & Counting (part 2 of 6)
Twelve = baro · Thirteen = tero · Fourteen = choddo
Learn Bengali and 20+ more at Speaksilq.com","Pastel vocabulary card titled ""English vs Bengali"", subtitle ""Numbers & Counting"", listing 12 English words with their Bengali romanisations.",#SpeakSilq #LearnBengali #Bengali #LanguageLearning #Vocabulary #Numbers,Bengali_Typographics_part3_of_3/Bengali_Typographics_part2_of_3/Bengali_Typographics_part1_of_3/007_Numbers_and_Counting_p2.png
05_bengali/bengali_06-numbers_p3of6_time.png,bengali_06-numbers_p3of6_time.png,Bengali,speaksilq_bengali,Numbers & Counting,06,numbers,time,3,6,12,lavender,#E1D8F5,#3B1D7C,yes,2026-08-22 13:00,2026-08-22,13:00,12,"English vs Bengali — Numbers & Counting (part 3 of 6)
Twenty-four = chobbish · Twenty-five = põchish · Twenty-six = chhabbish
Learn Bengali and 20+ more at Speaksilq.com","Pastel vocabulary card titled ""English vs Bengali"", subtitle ""Numbers & Counting"", listing 12 English words with their Bengali romanisations.",#SpeakSilq #LearnBengali #Bengali #LanguageLearning #Vocabulary #Numbers,Bengali_Typographics_part3_of_3/Bengali_Typographics_part2_of_3/Bengali_Typographics_part1_of_3/008_Numbers_and_Counting_p3.png
05_bengali/bengali_06-numbers_p4of6_time.png,bengali_06-numbers_p4of6_time.png,Bengali,speaksilq_bengali,Numbers & Counting,06,numbers,time,4,6,12,blush,#FFD9E1,#990020,yes,2026-09-16 01:00,2026-09-16,01:00,61,"English vs Bengali — Numbers & Counting (part 4 of 6)
Ninety = nobboi · One hundred = eksho · Two hundred = duisho
Learn Bengali and 20+ more at Speaksilq.com","Pastel vocabulary card titled ""English vs Bengali"", subtitle ""Numbers & Counting"", listing 12 English words with their Bengali romanisations.",#SpeakSilq #LearnBengali #Bengali #LanguageLearning #Vocabulary #Numbers,Bengali_Typographics_part3_of_3/Bengali_Typographics_part2_of_3/Bengali_Typographics_part1_of_3/009_Numbers_and_Counting_p4.png
05_bengali/bengali_06-numbers_p5of6_time.png,bengali_06-numbers_p5of6_time.png,Bengali,speaksilq_bengali,Numbers & Counting,06,numbers,time,5,6,12,sand,#EEE4D4,#7C571D,yes,2026-10-03 13:00,2026-10-03,13:00,96,"English vs Bengali — Numbers & Counting (part 5 of 6)
Fifth = ponchom · Sixth = shoshtho · Seventh = shoptom
Learn Bengali and 20+ more at Speaksilq.com","Pastel vocabulary card titled ""English vs Bengali"", subtitle ""Numbers & Counting"", listing 12 English words with their Bengali romanisations.",#SpeakSilq #LearnBengali #Bengali #LanguageLearning #Vocabulary #Numbers,Bengali_Typographics_part3_of_3/Bengali_Typographics_part2_of_3/Bengali_Typographics_part1_of_3/010_Numbers_and_Counting_p5.png
05_bengali/bengali_06-numbers_p6of6_time.png,bengali_06-numbers_p6of6_time.png,Bengali,speaksilq_bengali,Numbers & Counting,06,numbers,time,6,6,12,powder-blue,#D5E4F7,#184681,yes,2026-09-08 13:00,2026-09-08,13:00,46,"English vs Bengali — Numbers & Counting (part 6 of 6)
How many? / how much? = koto? · A few / some = kichhu · Many / a lot = onek
Learn Bengali and 20+ more at Speaksilq.com","Pastel vocabulary card titled ""English vs Bengali"", subtitle ""Numbers & Counting"", listing 12 English words with their Bengali romanisations.",#SpeakSilq #LearnBengali #Bengali #LanguageLearning #Vocabulary #Numbers,Bengali_Typographics_part3_of_3/Bengali_Typographics_part2_of_3/Bengali_Typographics_part1_of_3/011_Numbers_and_Counting_p6.png
05_bengali/bengali_07-time-frequency_p1of6_time.png,bengali_07-time-frequency_p1of6_time.png,Bengali,speaksilq_bengali,Time & Calendar,07,time-frequency,time,1,6,13,honeydew,#D9F2D0,#2F6B19,yes,2026-09-29 13:00,2026-09-29,13:00,88,"English vs Bengali — Time & Calendar (part 1 of 6)
Time = shomoy · Now = ekhon · Then / at that time = tokhon
Learn Bengali and 20+ more at Speaksilq.com","Pastel vocabulary card titled ""English vs Bengali"", subtitle ""Time & Calendar"", listing 13 English words with their Bengali romanisations.",#SpeakSilq #LearnBengali #Bengali #LanguageLearning #Vocabulary #TimeFrequency,Bengali_Typographics_part3_of_3/Bengali_Typographics_part2_of_3/Bengali_Typographics_part1_of_3/012_Time_and_Calendar_p1.png
05_bengali/bengali_07-time-frequency_p2of6_time.png,bengali_07-time-frequency_p2of6_time.png,Bengali,speaksilq_bengali,Time & Calendar,07,time-frequency,time,2,6,13,mint,#C8F0DE,#196B46,yes,2026-09-22 13:00,2026-09-22,13:00,74,"English vs Bengali — Time & Calendar (part 2 of 6)
Dawn = bhor · Second (unit of time) = shekend · Minute = minit
Learn Bengali and 20+ more at Speaksilq.com","Pastel vocabulary card titled ""English vs Bengali"", subtitle ""Time & Calendar"", listing 13 English words with their Bengali romanisations.",#SpeakSilq #LearnBengali #Bengali #LanguageLearning #Vocabulary #TimeFrequency,Bengali_Typographics_part3_of_3/Bengali_Typographics_part2_of_3/Bengali_Typographics_part1_of_3/013_Time_and_Calendar_p2.png
05_bengali/bengali_07-time-frequency_p3of6_time.png,bengali_07-time-frequency_p3of6_time.png,Bengali,speaksilq_bengali,Time & Calendar,07,time-frequency,time,3,6,13,seafoam,#C6EFE8,#196B5D,yes,2026-09-14 01:00,2026-09-14,01:00,57,"English vs Bengali — Time & Calendar (part 3 of 6)
Quarter to six = poune chhoyta · Early = shokal shokal · Late = deri
Learn Bengali and 20+ more at Speaksilq.com","Pastel vocabulary card titled ""English vs Bengali"", subtitle ""Time & Calendar"", listing 13 English words with their Bengali romanisations.",#SpeakSilq #LearnBengali #Bengali #LanguageLearning #Vocabulary #TimeFrequency,Bengali_Typographics_part3_of_3/Bengali_Typographics_part2_of_3/Bengali_Typographics_part1_of_3/014_Time_and_Calendar_p3.png
05_bengali/bengali_07-time-frequency_p4of6_time.png,bengali_07-time-frequency_p4of6_time.png,Bengali,speaksilq_bengali,Time & Calendar,07,time-frequency,time,4,6,12,sky,#CFE6F7,#165583,yes,2026-08-28 01:00,2026-08-28,01:00,23,"English vs Bengali — Time & Calendar (part 4 of 6)
Monday = Shombar · Tuesday = Monggolbar · Wednesday = Budhbar
Learn Bengali and 20+ more at Speaksilq.com","Pastel vocabulary card titled ""English vs Bengali"", subtitle ""Time & Calendar"", listing 12 English words with their Bengali romanisations.",#SpeakSilq #LearnBengali #Bengali #LanguageLearning #Vocabulary #TimeFrequency,Bengali_Typographics_part3_of_3/Bengali_Typographics_part2_of_3/Bengali_Typographics_part1_of_3/015_Time_and_Calendar_p4.png
05_bengali/bengali_07-time-frequency_p5of6_time.png,bengali_07-time-frequency_p5of6_time.png,Bengali,speaksilq_bengali,Time & Calendar,07,time-frequency,time,5,6,12,seafoam,#C6EFE8,#196B5D,yes,2026-09-04 01:00,2026-09-04,01:00,37,"English vs Bengali — Time & Calendar (part 5 of 6)
July = Julai · August = Agost · September = September
Learn Bengali and 20+ more at Speaksilq.com","Pastel vocabulary card titled ""English vs Bengali"", subtitle ""Time & Calendar"", listing 12 English words with their Bengali romanisations.",#SpeakSilq #LearnBengali #Bengali #LanguageLearning #Vocabulary #TimeFrequency,Bengali_Typographics_part3_of_3/Bengali_Typographics_part2_of_3/Bengali_Typographics_part1_of_3/016_Time_and_Calendar_p5.png
05_bengali/bengali_07-time-frequency_p6of6_time.png,bengali_07-time-frequency_p6of6_time.png,Bengali,speaksilq_bengali,Time & Calendar,07,time-frequency,time,6,6,12,pistachio,#E4F0C4,#556B19,yes,2026-08-19 01:00,2026-08-19,01:00,5,"English vs Bengali — Time & Calendar (part 6 of 6)
Kartik (7th Bengali month) = Kartik · Ogrohayon (8th Bengali month) = Ogrohayon · Poush (9th Bengali month) = Poush
Learn Bengali and 20+ more at Speaksilq.com","Pastel vocabulary card titled ""English vs Bengali"", subtitle ""Time & Calendar"", listing 12 English words with their Bengali romanisations.",#SpeakSilq #LearnBengali #Bengali #LanguageLearning #Vocabulary #TimeFrequency,Bengali_Typographics_part3_of_3/Bengali_Typographics_part2_of_3/Bengali_Typographics_part1_of_3/017_Time_and_Calendar_p6.png
05_bengali/bengali_10-family-relationships_p1of5_people.png,bengali_10-family-relationships_p1of5_people.png,Bengali,speaksilq_bengali,Family & People,10,family-relationships,people,1,5,11,lavender,#E1D8F5,#3B1D7C,yes,2026-10-01 13:00,2026-10-01,13:00,92,"English vs Bengali — Family & People (part 1 of 5)
Family = poribar · Mother = ma · Father = baba
Learn Bengali and 20+ more at Speaksilq.com","Pastel vocabulary card titled ""English vs Bengali"", subtitle ""Family & People"", listing 11 English words with their Bengali romanisations.",#SpeakSilq #LearnBengali #Bengali #LanguageLearning #Vocabulary #FamilyRelationships,Bengali_Typographics_part3_of_3/Bengali_Typographics_part2_of_3/Bengali_Typographics_part1_of_3/018_Family_and_People_p1.png
05_bengali/bengali_10-family-relationships_p2of5_people.png,bengali_10-family-relationships_p2of5_people.png,Bengali,speaksilq_bengali,Family & People,10,family-relationships,people,2,5,11,pistachio,#E4F0C4,#556B19,yes,2026-09-08 01:00,2026-09-08,01:00,45,"English vs Bengali — Family & People (part 2 of 5)
Daughter = meye · Child = shishu · Children / kids = bachcha
Learn Bengali and 20+ more at Speaksilq.com","Pastel vocabulary card titled ""English vs Bengali"", subtitle ""Family & People"", listing 11 English words with their Bengali romanisations.",#SpeakSilq #LearnBengali #Bengali #LanguageLearning #Vocabulary #FamilyRelationships,Bengali_Typographics_part3_of_3/Bengali_Typographics_part2_of_3/Bengali_Typographics_part1_of_3/019_Family_and_People_p2.png
05_bengali/bengali_10-family-relationships_p3of5_people.png,bengali_10-family-relationships_p3of5_people.png,Bengali,speaksilq_bengali,Family & People,10,family-relationships,people,3,5,11,coral-mist,#FFDCCB,#993200,yes,2026-08-30 01:00,2026-08-30,01:00,27,"English vs Bengali — Family & People (part 3 of 5)
Paternal aunt = fufu · Maternal aunt = khala · Aunt (uncle's wife) = chachi
Learn Bengali and 20+ more at Speaksilq.com","Pastel vocabulary card titled ""English vs Bengali"", subtitle ""Family & People"", listing 11 English words with their Bengali romanisations.",#SpeakSilq #LearnBengali #Bengali #LanguageLearning #Vocabulary #FamilyRelationships,Bengali_Typographics_part3_of_3/Bengali_Typographics_part2_of_3/Bengali_Typographics_part1_of_3/020_Family_and_People_p3.png
05_bengali/bengali_10-family-relationships_p4of5_people.png,bengali_10-family-relationships_p4of5_people.png,Bengali,speaksilq_bengali,Family & People,10,family-relationships,people,4,5,10,periwinkle,#D9DDF7,#1B287E,yes,2026-08-21 01:00,2026-08-21,01:00,9,"English vs Bengali — Family & People (part 4 of 5)
Daughter-in-law = putrobodhu · Relative = attiyo · Friend = bondhu
Learn Bengali and 20+ more at Speaksilq.com","Pastel vocabulary card titled ""English vs Bengali"", subtitle ""Family & People"", listing 10 English words with their Bengali romanisations.",#SpeakSilq #LearnBengali #Bengali #LanguageLearning #Vocabulary #FamilyRelationships,Bengali_Typographics_part3_of_3/Bengali_Typographics_part2_of_3/Bengali_Typographics_part1_of_3/021_Family_and_People_p4.png
05_bengali/bengali_10-family-relationships_p5of5_people.png,bengali_10-family-relationships_p5of5_people.png,Bengali,speaksilq_bengali,Family & People,10,family-relationships,people,5,5,10,lemon-ice,#F4F1C4,#676213,yes,2026-09-16 13:00,2026-09-16,13:00,62,"English vs Bengali — Family & People (part 5 of 5)
Baby = shishu · Young person = torun · Old person = briddho
Learn Bengali and 20+ more at Speaksilq.com","Pastel vocabulary card titled ""English vs Bengali"", subtitle ""Family & People"", listing 10 English words with their Bengali romanisations.",#SpeakSilq #LearnBengali #Bengali #LanguageLearning #Vocabulary #FamilyRelationships,Bengali_Typographics_part3_of_3/Bengali_Typographics_part2_of_3/Bengali_Typographics_part1_of_3/022_Family_and_People_p5.png
05_bengali/bengali_11-emotions-feelings_p1of3_people.png,bengali_11-emotions-feelings_p1of3_people.png,Bengali,speaksilq_bengali,Emotions & Feelings,11,emotions-feelings,people,1,3,12,champagne,#F7E7D0,#835616,yes,2026-09-02 01:00,2026-09-02,01:00,33,"English vs Bengali — Emotions & Feelings (part 1 of 3)
Feeling = onubhuti · Happy = khushi · Sad = mon kharap
Learn Bengali and 20+ more at Speaksilq.com","Pastel vocabulary card titled ""English vs Bengali"", subtitle ""Emotions & Feelings"", listing 12 English words with their Bengali romanisations.",#SpeakSilq #LearnBengali #Bengali #LanguageLearning #Vocabulary #EmotionsFeelings,Bengali_Typographics_part3_of_3/091_Emotions_and_Feelings_p1.png
05_bengali/bengali_11-emotions-feelings_p2of3_people.png,bengali_11-emotions-feelings_p2of3_people.png,Bengali,speaksilq_bengali,Emotions & Feelings,11,emotions-feelings,people,2,3,12,aqua-mist,#CDECF2,#1B6574,yes,2026-08-26 13:00,2026-08-26,13:00,20,"English vs Bengali — Emotions & Feelings (part 2 of 3)
Proud = gorbito · Jealous = hingshute · Lonely = eka
Learn Bengali and 20+ more at Speaksilq.com","Pastel vocabulary card titled ""English vs Bengali"", subtitle ""Emotions & Feelings"", listing 12 English words with their Bengali romanisations.",#SpeakSilq #LearnBengali #Bengali #LanguageLearning #Vocabulary #EmotionsFeelings,Bengali_Typographics_part3_of_3/092_Emotions_and_Feelings_p2.png
05_bengali/bengali_11-emotions-feelings_p3of3_people.png,bengali_11-emotions-feelings_p3of3_people.png,Bengali,speaksilq_bengali,Emotions & Feelings,11,emotions-feelings,people,3,3,11,aqua-mist,#CDECF2,#1B6574,yes,2026-09-25 13:00,2026-09-25,13:00,80,"English vs Bengali — Emotions & Feelings (part 3 of 3)
Longing / nostalgia = mon kêmon kora · Missing someone = mone pora · Mind / heart = mon
Learn Bengali and 20+ more at Speaksilq.com","Pastel vocabulary card titled ""English vs Bengali"", subtitle ""Emotions & Feelings"", listing 11 English words with their Bengali romanisations.",#SpeakSilq #LearnBengali #Bengali #LanguageLearning #Vocabulary #EmotionsFeelings,Bengali_Typographics_part3_of_3/093_Emotions_and_Feelings_p3.png
05_bengali/bengali_12-body-parts_p1of5_people.png,bengali_12-body-parts_p1of5_people.png,Bengali,speaksilq_bengali,Body & Health,12,body-parts,people,1,5,13,coral-mist,#FFDCCB,#993200,yes,2026-09-29 01:00,2026-09-29,01:00,87,"English vs Bengali — Body & Health (part 1 of 5)
Body = shorir · Head = matha · Hair = chul
Learn Bengali and 20+ more at Speaksilq.com","Pastel vocabulary card titled ""English vs Bengali"", subtitle ""Body & Health"", listing 13 English words with their Bengali romanisations.",#SpeakSilq #LearnBengali #Bengali #LanguageLearning #Vocabulary #BodyParts,Bengali_Typographics_part3_of_3/Bengali_Typographics_part2_of_3/047_Body_and_Health_p1.png
05_bengali/bengali_12-body-parts_p2of5_people.png,bengali_12-body-parts_p2of5_people.png,Bengali,speaksilq_bengali,Body & Health,12,body-parts,people,2,5,13,lilac,#EDD9F3,#661D7C,yes,2026-09-13 01:00,2026-09-13,01:00,55,"English vs Bengali — Body & Health (part 2 of 5)
Shoulder = kãdh · Arm = bahu · Hand = hat
Learn Bengali and 20+ more at Speaksilq.com","Pastel vocabulary card titled ""English vs Bengali"", subtitle ""Body & Health"", listing 13 English words with their Bengali romanisations.",#SpeakSilq #LearnBengali #Bengali #LanguageLearning #Vocabulary #BodyParts,Bengali_Typographics_part3_of_3/Bengali_Typographics_part2_of_3/048_Body_and_Health_p2.png
05_bengali/bengali_12-body-parts_p3of5_people.png,bengali_12-body-parts_p3of5_people.png,Bengali,speaksilq_bengali,Body & Health,12,body-parts,people,3,5,13,champagne,#F7E7D0,#835616,yes,2026-08-23 01:00,2026-08-23,01:00,13,"English vs Bengali — Body & Health (part 3 of 5)
Skin = chamra · Brain = mostishko · Health = shastho
Learn Bengali and 20+ more at Speaksilq.com","Pastel vocabulary card titled ""English vs Bengali"", subtitle ""Body & Health"", listing 13 English words with their Bengali romanisations.",#SpeakSilq #LearnBengali #Bengali #LanguageLearning #Vocabulary #BodyParts,Bengali_Typographics_part3_of_3/Bengali_Typographics_part2_of_3/049_Body_and_Health_p3.png
05_bengali/bengali_12-body-parts_p4of5_people.png,bengali_12-body-parts_p4of5_people.png,Bengali,speaksilq_bengali,Body & Health,12,body-parts,people,4,5,12,blush,#FFD9E1,#990020,yes,2026-09-06 01:00,2026-09-06,01:00,41,"English vs Bengali — Body & Health (part 4 of 5)
Doctor = daktar · Nurse = nars · Hospital = hashpatal
Learn Bengali and 20+ more at Speaksilq.com","Pastel vocabulary card titled ""English vs Bengali"", subtitle ""Body & Health"", listing 12 English words with their Bengali romanisations.",#SpeakSilq #LearnBengali #Bengali #LanguageLearning #Vocabulary #BodyParts,Bengali_Typographics_part3_of_3/Bengali_Typographics_part2_of_3/050_Body_and_Health_p4.png
05_bengali/bengali_12-body-parts_p5of5_people.png,bengali_12-body-parts_p5of5_people.png,Bengali,speaksilq_bengali,Body & Health,12,body-parts,people,5,5,12,lavender,#E1D8F5,#3B1D7C,yes,2026-09-21 13:00,2026-09-21,13:00,72,"English vs Bengali — Body & Health (part 5 of 5)
Sick = oshustho · Tired = klanto · I am sick = ami oshustho
Learn Bengali and 20+ more at Speaksilq.com","Pastel vocabulary card titled ""English vs Bengali"", subtitle ""Body & Health"", listing 12 English words with their Bengali romanisations.",#SpeakSilq #LearnBengali #Bengali #LanguageLearning #Vocabulary #BodyParts,Bengali_Typographics_part3_of_3/Bengali_Typographics_part2_of_3/051_Body_and_Health_p5.png
05_bengali/bengali_14-food-drink_p1of6_food.png,bengali_14-food-drink_p1of6_food.png,Bengali,speaksilq_bengali,Food & Drink,14,food-drink,food,1,6,13,coral-mist,#FFDCCB,#993200,yes,2026-09-19 01:00,2026-09-19,01:00,67,"English vs Bengali — Food & Drink (part 1 of 6)
Food = khabar · Water = pani · Rice (cooked) = bhat
Learn Bengali and 20+ more at Speaksilq.com","Pastel vocabulary card titled ""English vs Bengali"", subtitle ""Food & Drink"", listing 13 English words with their Bengali romanisations.",#SpeakSilq #LearnBengali #Bengali #LanguageLearning #Vocabulary #FoodDrink,Bengali_Typographics_part3_of_3/Bengali_Typographics_part2_of_3/041_Food_and_Drink_p1.png
05_bengali/bengali_14-food-drink_p2of6_food.png,bengali_14-food-drink_p2of6_food.png,Bengali,speaksilq_bengali,Food & Drink,14,food-drink,food,2,6,13,aqua-mist,#CDECF2,#1B6574,yes,2026-10-05 13:00,2026-10-05,13:00,100,"English vs Bengali — Food & Drink (part 2 of 6)
Yoghurt = doi · Cheese = panir · Butter = makhon
Learn Bengali and 20+ more at Speaksilq.com","Pastel vocabulary card titled ""English vs Bengali"", subtitle ""Food & Drink"", listing 13 English words with their Bengali romanisations.",#SpeakSilq #LearnBengali #Bengali #LanguageLearning #Vocabulary #FoodDrink,Bengali_Typographics_part3_of_3/Bengali_Typographics_part2_of_3/042_Food_and_Drink_p2.png
05_bengali/bengali_14-food-drink_p3of6_food.png,bengali_14-food-drink_p3of6_food.png,Bengali,speaksilq_bengali,Food & Drink,14,food-drink,food,3,6,13,periwinkle,#D9DDF7,#1B287E,yes,2026-08-31 01:00,2026-08-31,01:00,29,"English vs Bengali — Food & Drink (part 3 of 6)
Onion = peyaj · Potato = alu · Tomato = tometo
Learn Bengali and 20+ more at Speaksilq.com","Pastel vocabulary card titled ""English vs Bengali"", subtitle ""Food & Drink"", listing 13 English words with their Bengali romanisations.",#SpeakSilq #LearnBengali #Bengali #LanguageLearning #Vocabulary #FoodDrink,Bengali_Typographics_part3_of_3/Bengali_Typographics_part2_of_3/043_Food_and_Drink_p3.png
05_bengali/bengali_14-food-drink_p4of6_food.png,bengali_14-food-drink_p4of6_food.png,Bengali,speaksilq_bengali,Food & Drink,14,food-drink,food,4,6,13,lavender,#E1D8F5,#3B1D7C,yes,2026-09-11 13:00,2026-09-11,13:00,52,"English vs Bengali — Food & Drink (part 4 of 6)
Fruit = phol · Mango = am · Banana = kola
Learn Bengali and 20+ more at Speaksilq.com","Pastel vocabulary card titled ""English vs Bengali"", subtitle ""Food & Drink"", listing 13 English words with their Bengali romanisations.",#SpeakSilq #LearnBengali #Bengali #LanguageLearning #Vocabulary #FoodDrink,Bengali_Typographics_part3_of_3/Bengali_Typographics_part2_of_3/044_Food_and_Drink_p4.png
05_bengali/bengali_14-food-drink_p5of6_food.png,bengali_14-food-drink_p5of6_food.png,Bengali,speaksilq_bengali,Food & Drink,14,food-drink,food,5,6,13,sky,#CFE6F7,#165583,yes,2026-08-18 01:00,2026-08-18,01:00,3,"English vs Bengali — Food & Drink (part 5 of 6)
Tea = cha · Coffee = kofi · Juice = rosh
Learn Bengali and 20+ more at Speaksilq.com","Pastel vocabulary card titled ""English vs Bengali"", subtitle ""Food & Drink"", listing 13 English words with their Bengali romanisations.",#SpeakSilq #LearnBengali #Bengali #LanguageLearning #Vocabulary #FoodDrink,Bengali_Typographics_part3_of_3/Bengali_Typographics_part2_of_3/045_Food_and_Drink_p5.png
05_bengali/bengali_14-food-drink_p6of6_food.png,bengali_14-food-drink_p6of6_food.png,Bengali,speaksilq_bengali,Food & Drink,14,food-drink,food,6,6,13,sand,#EEE4D4,#7C571D,yes,2026-08-24 13:00,2026-08-24,13:00,16,"English vs Bengali — Food & Drink (part 6 of 6)
Plate = plet · Glass = glash · Spoon = chamoch
Learn Bengali and 20+ more at Speaksilq.com","Pastel vocabulary card titled ""English vs Bengali"", subtitle ""Food & Drink"", listing 13 English words with their Bengali romanisations.",#SpeakSilq #LearnBengali #Bengali #LanguageLearning #Vocabulary #FoodDrink,Bengali_Typographics_part3_of_3/Bengali_Typographics_part2_of_3/046_Food_and_Drink_p6.png
05_bengali/bengali_18-home-household_p1of4_home.png,bengali_18-home-household_p1of4_home.png,Bengali,speaksilq_bengali,Home & Household,18,home-household,home,1,4,13,honeydew,#D9F2D0,#2F6B19,yes,2026-08-30 13:00,2026-08-30,13:00,28,"English vs Bengali — Home & Household (part 1 of 4)
House / home = bari · Room = ghor · Bedroom = shoyonkokkho
Learn Bengali and 20+ more at Speaksilq.com","Pastel vocabulary card titled ""English vs Bengali"", subtitle ""Home & Household"", listing 13 English words with their Bengali romanisations.",#SpeakSilq #LearnBengali #Bengali #LanguageLearning #Vocabulary #HomeHousehold,Bengali_Typographics_part3_of_3/Bengali_Typographics_part2_of_3/052_Home_and_Household_p1.png
05_bengali/bengali_18-home-household_p2of4_home.png,bengali_18-home-household_p2of4_home.png,Bengali,speaksilq_bengali,Home & Household,18,home-household,home,2,4,13,orchid,#F7D9EE,#7E1B60,yes,2026-10-04 13:00,2026-10-04,13:00,98,"English vs Bengali — Home & Household (part 2 of 4)
Garden = bagan · Courtyard = uthan · Furniture = asbabpotro
Learn Bengali and 20+ more at Speaksilq.com","Pastel vocabulary card titled ""English vs Bengali"", subtitle ""Home & Household"", listing 13 English words with their Bengali romanisations.",#SpeakSilq #LearnBengali #Bengali #LanguageLearning #Vocabulary #HomeHousehold,Bengali_Typographics_part3_of_3/Bengali_Typographics_part2_of_3/053_Home_and_Household_p2.png
05_bengali/bengali_18-home-household_p3of4_home.png,bengali_18-home-household_p3of4_home.png,Bengali,speaksilq_bengali,Home & Household,18,home-household,home,3,4,12,aqua-mist,#CDECF2,#1B6574,yes,2026-09-05 13:00,2026-09-05,13:00,40,"English vs Bengali — Home & Household (part 3 of 4)
Fan = phêan · Air conditioner = esi · Refrigerator = phrij
Learn Bengali and 20+ more at Speaksilq.com","Pastel vocabulary card titled ""English vs Bengali"", subtitle ""Home & Household"", listing 12 English words with their Bengali romanisations.",#SpeakSilq #LearnBengali #Bengali #LanguageLearning #Vocabulary #HomeHousehold,Bengali_Typographics_part3_of_3/Bengali_Typographics_part2_of_3/054_Home_and_Household_p3.png
05_bengali/bengali_18-home-household_p4of4_home.png,bengali_18-home-household_p4of4_home.png,Bengali,speaksilq_bengali,Home & Household,18,home-household,home,4,4,12,pistachio,#E4F0C4,#556B19,yes,2026-09-18 01:00,2026-09-18,01:00,65,"English vs Bengali — Home & Household (part 4 of 4)
Clock / watch = ghori · Curtain = porda · Carpet / mat = matur
Learn Bengali and 20+ more at Speaksilq.com","Pastel vocabulary card titled ""English vs Bengali"", subtitle ""Home & Household"", listing 12 English words with their Bengali romanisations.",#SpeakSilq #LearnBengali #Bengali #LanguageLearning #Vocabulary #HomeHousehold,Bengali_Typographics_part3_of_3/Bengali_Typographics_part2_of_3/055_Home_and_Household_p4.png
05_bengali/bengali_19-clothing-accessories_p1of3_home.png,bengali_19-clothing-accessories_p1of3_home.png,Bengali,speaksilq_bengali,Clothing & Personal Items,19,clothing-accessories,home,1,3,10,orchid,#F7D9EE,#7E1B60,yes,2026-09-14 13:00,2026-09-14,13:00,58,"English vs Bengali — Clothing & Personal Items (part 1 of 3)
Clothes = kapor · Shirt = shart · Trousers = pêant
Learn Bengali and 20+ more at Speaksilq.com","Pastel vocabulary card titled ""English vs Bengali"", subtitle ""Clothing & Personal Items"", listing 10 English words with their Bengali romanisations.",#SpeakSilq #LearnBengali #Bengali #LanguageLearning #Vocabulary #ClothingAccessories,Bengali_Typographics_part3_of_3/Bengali_Typographics_part2_of_3/056_Clothing_and_Personal_Items_p1.png
05_bengali/bengali_19-clothing-accessories_p2of3_home.png,bengali_19-clothing-accessories_p2of3_home.png,Bengali,speaksilq_bengali,Clothing & Personal Items,19,clothing-accessories,home,2,3,10,sage,#DCE7D5,#356317,yes,2026-10-01 01:00,2026-10-01,01:00,91,"English vs Bengali — Clothing & Personal Items (part 2 of 3)
Sandals = sêandel · Socks = moja · Sweater = sweter
Learn Bengali and 20+ more at Speaksilq.com","Pastel vocabulary card titled ""English vs Bengali"", subtitle ""Clothing & Personal Items"", listing 10 English words with their Bengali romanisations.",#SpeakSilq #LearnBengali #Bengali #LanguageLearning #Vocabulary #ClothingAccessories,Bengali_Typographics_part3_of_3/Bengali_Typographics_part2_of_3/057_Clothing_and_Personal_Items_p2.png
05_bengali/bengali_19-clothing-accessories_p3of3_home.png,bengali_19-clothing-accessories_p3of3_home.png,Bengali,speaksilq_bengali,Clothing & Personal Items,19,clothing-accessories,home,3,3,9,blush,#FFD9E1,#990020,yes,2026-08-27 01:00,2026-08-27,01:00,21,"English vs Bengali — Clothing & Personal Items (part 3 of 3)
Necklace = har · Bangle = churi · Earring = kaner dul
Learn Bengali and 20+ more at Speaksilq.com","Pastel vocabulary card titled ""English vs Bengali"", subtitle ""Clothing & Personal Items"", listing 9 English words with their Bengali romanisations.",#SpeakSilq #LearnBengali #Bengali #LanguageLearning #Vocabulary #ClothingAccessories,Bengali_Typographics_part3_of_3/Bengali_Typographics_part2_of_3/058_Clothing_and_Personal_Items_p3.png
05_bengali/bengali_20-shopping-money_p1of4_home.png,bengali_20-shopping-money_p1of4_home.png,Bengali,speaksilq_bengali,Shopping & Money,20,shopping-money,home,1,4,11,lemon-ice,#F4F1C4,#676213,yes,2026-10-06 13:00,2026-10-06,13:00,102,"English vs Bengali — Shopping & Money (part 1 of 4)
Money = taka · Price = dam · Cost = khoroch
Learn Bengali and 20+ more at Speaksilq.com","Pastel vocabulary card titled ""English vs Bengali"", subtitle ""Shopping & Money"", listing 11 English words with their Bengali romanisations.",#SpeakSilq #LearnBengali #Bengali #LanguageLearning #Vocabulary #ShoppingMoney,Bengali_Typographics_part3_of_3/077_Shopping_and_Money_p1.png
05_bengali/bengali_20-shopping-money_p2of4_home.png,bengali_20-shopping-money_p2of4_home.png,Bengali,speaksilq_bengali,Shopping & Money,20,shopping-money,home,2,4,11,sage,#DCE7D5,#356317,yes,2026-09-21 01:00,2026-09-21,01:00,71,"English vs Bengali — Shopping & Money (part 2 of 4)
Coin = poysha · Note (banknote) = not · Card = kard
Learn Bengali and 20+ more at Speaksilq.com","Pastel vocabulary card titled ""English vs Bengali"", subtitle ""Shopping & Money"", listing 11 English words with their Bengali romanisations.",#SpeakSilq #LearnBengali #Bengali #LanguageLearning #Vocabulary #ShoppingMoney,Bengali_Typographics_part3_of_3/078_Shopping_and_Money_p2.png
05_bengali/bengali_20-shopping-money_p3of4_home.png,bengali_20-shopping-money_p3of4_home.png,Bengali,speaksilq_bengali,Shopping & Money,20,shopping-money,home,3,4,10,rose-quartz,#F7D6D0,#832716,yes,2026-09-27 13:00,2026-09-27,13:00,84,"English vs Bengali — Shopping & Money (part 3 of 4)
Savings = shonchoy · Tax = kor · Bill = bil
Learn Bengali and 20+ more at Speaksilq.com","Pastel vocabulary card titled ""English vs Bengali"", subtitle ""Shopping & Money"", listing 10 English words with their Bengali romanisations.",#SpeakSilq #LearnBengali #Bengali #LanguageLearning #Vocabulary #ShoppingMoney,Bengali_Typographics_part3_of_3/079_Shopping_and_Money_p3.png
05_bengali/bengali_20-shopping-money_p4of4_home.png,bengali_20-shopping-money_p4of4_home.png,Bengali,speaksilq_bengali,Shopping & Money,20,shopping-money,home,4,4,10,peach,#FFE3C9,#994A00,yes,2026-09-10 13:00,2026-09-10,13:00,50,"English vs Bengali — Shopping & Money (part 4 of 4)
I'm just looking = ami just dekhchhi · Give me one kilo = ek kejie den · Kilogram = keji
Learn Bengali and 20+ more at Speaksilq.com","Pastel vocabulary card titled ""English vs Bengali"", subtitle ""Shopping & Money"", listing 10 English words with their Bengali romanisations.",#SpeakSilq #LearnBengali #Bengali #LanguageLearning #Vocabulary #ShoppingMoney,Bengali_Typographics_part3_of_3/080_Shopping_and_Money_p4.png
05_bengali/bengali_21-colours_p1of2_home.png,bengali_21-colours_p1of2_home.png,Bengali,speaksilq_bengali,Colours & Shapes,21,colours,home,1,2,13,rose-quartz,#F7D6D0,#832716,yes,2026-09-07 13:00,2026-09-07,13:00,44,"English vs Bengali — Colours & Shapes (part 1 of 2)
Colour = rong · Red = lal · Blue = nil
Learn Bengali and 20+ more at Speaksilq.com","Pastel vocabulary card titled ""English vs Bengali"", subtitle ""Colours & Shapes"", listing 13 English words with their Bengali romanisations.",#SpeakSilq #LearnBengali #Bengali #LanguageLearning #Vocabulary #Colours,Bengali_Typographics_part3_of_3/Bengali_Typographics_part2_of_3/059_Colours_and_Shapes_p1.png
05_bengali/bengali_21-colours_p2of2_home.png,bengali_21-colours_p2of2_home.png,Bengali,speaksilq_bengali,Colours & Shapes,21,colours,home,2,2,13,rose-quartz,#F7D6D0,#832716,yes,2026-08-18 13:00,2026-08-18,13:00,4,"English vs Bengali — Colours & Shapes (part 2 of 2)
Silver = rupali · Light (shade) = halka · Dark (shade) = gaaro
Learn Bengali and 20+ more at Speaksilq.com","Pastel vocabulary card titled ""English vs Bengali"", subtitle ""Colours & Shapes"", listing 13 English words with their Bengali romanisations.",#SpeakSilq #LearnBengali #Bengali #LanguageLearning #Vocabulary #Colours,Bengali_Typographics_part3_of_3/Bengali_Typographics_part2_of_3/060_Colours_and_Shapes_p2.png
05_bengali/bengali_22-travel-transport_p1of4_travel.png,bengali_22-travel-transport_p1of4_travel.png,Bengali,speaksilq_bengali,Travel & Transport,22,travel-transport,travel,1,4,13,mint,#C8F0DE,#196B46,yes,2026-09-12 13:00,2026-09-12,13:00,54,"English vs Bengali — Travel & Transport (part 1 of 4)
Travel / journey = bhromon · Trip = jatra · Vehicle / car = gari
Learn Bengali and 20+ more at Speaksilq.com","Pastel vocabulary card titled ""English vs Bengali"", subtitle ""Travel & Transport"", listing 13 English words with their Bengali romanisations.",#SpeakSilq #LearnBengali #Bengali #LanguageLearning #Vocabulary #TravelTransport,Bengali_Typographics_part3_of_3/Bengali_Typographics_part2_of_3/069_Travel_and_Transport_p1.png
05_bengali/bengali_22-travel-transport_p2of4_travel.png,bengali_22-travel-transport_p2of4_travel.png,Bengali,speaksilq_bengali,Travel & Transport,22,travel-transport,travel,2,4,13,rose-quartz,#F7D6D0,#832716,yes,2026-08-28 13:00,2026-08-28,13:00,24,"English vs Bengali — Travel & Transport (part 2 of 4)
Truck = trak · Bus stop = bash stêand · Railway station = rel steshon
Learn Bengali and 20+ more at Speaksilq.com","Pastel vocabulary card titled ""English vs Bengali"", subtitle ""Travel & Transport"", listing 13 English words with their Bengali romanisations.",#SpeakSilq #LearnBengali #Bengali #LanguageLearning #Vocabulary #TravelTransport,Bengali_Typographics_part3_of_3/Bengali_Typographics_part2_of_3/070_Travel_and_Transport_p2.png
05_bengali/bengali_22-travel-transport_p3of4_travel.png,bengali_22-travel-transport_p3of4_travel.png,Bengali,speaksilq_bengali,Travel & Transport,22,travel-transport,travel,3,4,12,butter,#FFF2C2,#7A6000,yes,2026-09-05 01:00,2026-09-05,01:00,39,"English vs Bengali — Travel & Transport (part 3 of 4)
Bridge = shetu · Traffic = trafik · Traffic jam = jêam
Learn Bengali and 20+ more at Speaksilq.com","Pastel vocabulary card titled ""English vs Bengali"", subtitle ""Travel & Transport"", listing 12 English words with their Bengali romanisations.",#SpeakSilq #LearnBengali #Bengali #LanguageLearning #Vocabulary #TravelTransport,Bengali_Typographics_part3_of_3/Bengali_Typographics_part2_of_3/071_Travel_and_Transport_p3.png
05_bengali/bengali_22-travel-transport_p4of4_travel.png,bengali_22-travel-transport_p4of4_travel.png,Bengali,speaksilq_bengali,Travel & Transport,22,travel-transport,travel,4,4,12,honeydew,#D9F2D0,#2F6B19,yes,2026-08-20 13:00,2026-08-20,13:00,8,"English vs Bengali — Travel & Transport (part 4 of 4)
Please stop here = ekhane thamun · I want to go to Dhaka = ami Dhaka jete chai · When does the bus leave? = bash kokhon charbe?
Learn Bengali and 20+ more at Speaksilq.com","Pastel vocabulary card titled ""English vs Bengali"", subtitle ""Travel & Transport"", listing 12 English words with their Bengali romanisations.",#SpeakSilq #LearnBengali #Bengali #LanguageLearning #Vocabulary #TravelTransport,Bengali_Typographics_part3_of_3/072_Travel_and_Transport_p4.png
05_bengali/bengali_23-directions-places_p1of4_travel.png,bengali_23-directions-places_p1of4_travel.png,Bengali,speaksilq_bengali,Places & Directions,23,directions-places,travel,1,4,13,lilac,#EDD9F3,#661D7C,yes,2026-09-03 01:00,2026-09-03,01:00,35,"English vs Bengali — Places & Directions (part 1 of 4)
Place = jayga · Country = desh · Bangladesh = Bangladesh
Learn Bengali and 20+ more at Speaksilq.com","Pastel vocabulary card titled ""English vs Bengali"", subtitle ""Places & Directions"", listing 13 English words with their Bengali romanisations.",#SpeakSilq #LearnBengali #Bengali #LanguageLearning #Vocabulary #DirectionsPlaces,Bengali_Typographics_part3_of_3/073_Places_and_Directions_p1.png
05_bengali/bengali_23-directions-places_p2of4_travel.png,bengali_23-directions-places_p2of4_travel.png,Bengali,speaksilq_bengali,Places & Directions,23,directions-places,travel,2,4,13,butter,#FFF2C2,#7A6000,yes,2026-08-26 01:00,2026-08-26,01:00,19,"English vs Bengali — Places & Directions (part 2 of 4)
Mosque = moshjid · Temple = mondir · Church = girja
Learn Bengali and 20+ more at Speaksilq.com","Pastel vocabulary card titled ""English vs Bengali"", subtitle ""Places & Directions"", listing 13 English words with their Bengali romanisations.",#SpeakSilq #LearnBengali #Bengali #LanguageLearning #Vocabulary #DirectionsPlaces,Bengali_Typographics_part3_of_3/074_Places_and_Directions_p2.png
05_bengali/bengali_23-directions-places_p3of4_travel.png,bengali_23-directions-places_p3of4_travel.png,Bengali,speaksilq_bengali,Places & Directions,23,directions-places,travel,3,4,12,blush,#FFD9E1,#990020,yes,2026-10-06 01:00,2026-10-06,01:00,101,"English vs Bengali — Places & Directions (part 3 of 4)
Playground = khelar math · Left = bãye · Right = dane
Learn Bengali and 20+ more at Speaksilq.com","Pastel vocabulary card titled ""English vs Bengali"", subtitle ""Places & Directions"", listing 12 English words with their Bengali romanisations.",#SpeakSilq #LearnBengali #Bengali #LanguageLearning #Vocabulary #DirectionsPlaces,Bengali_Typographics_part3_of_3/075_Places_and_Directions_p3.png
05_bengali/bengali_23-directions-places_p4of4_travel.png,bengali_23-directions-places_p4of4_travel.png,Bengali,speaksilq_bengali,Places & Directions,23,directions-places,travel,4,4,12,orchid,#F7D9EE,#7E1B60,yes,2026-09-24 13:00,2026-09-24,13:00,78,"English vs Bengali — Places & Directions (part 4 of 4)
Around = charpashe · North = uttor · South = dokkhin
Learn Bengali and 20+ more at Speaksilq.com","Pastel vocabulary card titled ""English vs Bengali"", subtitle ""Places & Directions"", listing 12 English words with their Bengali romanisations.",#SpeakSilq #LearnBengali #Bengali #LanguageLearning #Vocabulary #DirectionsPlaces,Bengali_Typographics_part3_of_3/076_Places_and_Directions_p4.png
05_bengali/bengali_26-nature-weather_p1of3_world.png,bengali_26-nature-weather_p1of3_world.png,Bengali,speaksilq_bengali,Weather & Seasons,26,nature-weather,world,1,3,10,honeydew,#D9F2D0,#2F6B19,yes,2026-09-19 13:00,2026-09-19,13:00,68,"English vs Bengali — Weather & Seasons (part 1 of 3)
Weather = abohaowa · Season = ritu · Summer = grishsho
Learn Bengali and 20+ more at Speaksilq.com","Pastel vocabulary card titled ""English vs Bengali"", subtitle ""Weather & Seasons"", listing 10 English words with their Bengali romanisations.",#SpeakSilq #LearnBengali #Bengali #LanguageLearning #Vocabulary #NatureWeather,Bengali_Typographics_part3_of_3/Bengali_Typographics_part2_of_3/066_Weather_and_Seasons_p1.png
05_bengali/bengali_26-nature-weather_p2of3_world.png,bengali_26-nature-weather_p2of3_world.png,Bengali,speaksilq_bengali,Weather & Seasons,26,nature-weather,world,2,3,10,sky,#CFE6F7,#165583,yes,2026-09-27 01:00,2026-09-27,01:00,83,"English vs Bengali — Weather & Seasons (part 2 of 3)
Cloud = megh · Sunlight = rod · Shade = chhaya
Learn Bengali and 20+ more at Speaksilq.com","Pastel vocabulary card titled ""English vs Bengali"", subtitle ""Weather & Seasons"", listing 10 English words with their Bengali romanisations.",#SpeakSilq #LearnBengali #Bengali #LanguageLearning #Vocabulary #NatureWeather,Bengali_Typographics_part3_of_3/Bengali_Typographics_part2_of_3/067_Weather_and_Seasons_p2.png
05_bengali/bengali_26-nature-weather_p3of3_world.png,bengali_26-nature-weather_p3of3_world.png,Bengali,speaksilq_bengali,Weather & Seasons,26,nature-weather,world,3,3,10,lemon-ice,#F4F1C4,#676213,yes,2026-08-27 13:00,2026-08-27,13:00,22,"English vs Bengali — Weather & Seasons (part 3 of 3)
Dew = shishir · Snow = tushar · Ice = borof
Learn Bengali and 20+ more at Speaksilq.com","Pastel vocabulary card titled ""English vs Bengali"", subtitle ""Weather & Seasons"", listing 10 English words with their Bengali romanisations.",#SpeakSilq #LearnBengali #Bengali #LanguageLearning #Vocabulary #NatureWeather,Bengali_Typographics_part3_of_3/Bengali_Typographics_part2_of_3/068_Weather_and_Seasons_p3.png
05_bengali/bengali_27-animals-birds_p1of5_world.png,bengali_27-animals-birds_p1of5_world.png,Bengali,speaksilq_bengali,Animals & Nature,27,animals-birds,world,1,5,12,lilac,#EDD9F3,#661D7C,yes,2026-08-24 01:00,2026-08-24,01:00,15,"English vs Bengali — Animals & Nature (part 1 of 5)
Animal = prani · Dog = kukur · Cat = biral
Learn Bengali and 20+ more at Speaksilq.com","Pastel vocabulary card titled ""English vs Bengali"", subtitle ""Animals & Nature"", listing 12 English words with their Bengali romanisations.",#SpeakSilq #LearnBengali #Bengali #LanguageLearning #Vocabulary #AnimalsBirds,Bengali_Typographics_part3_of_3/Bengali_Typographics_part2_of_3/061_Animals_and_Nature_p1.png
05_bengali/bengali_27-animals-birds_p2of5_world.png,bengali_27-animals-birds_p2of5_world.png,Bengali,speaksilq_bengali,Animals & Nature,27,animals-birds,world,2,5,12,lilac,#EDD9F3,#661D7C,yes,2026-09-23 01:00,2026-09-23,01:00,75,"English vs Bengali — Animals & Nature (part 2 of 5)
Deer = horin · Rat / mouse = idur · Snake = shap
Learn Bengali and 20+ more at Speaksilq.com","Pastel vocabulary card titled ""English vs Bengali"", subtitle ""Animals & Nature"", listing 12 English words with their Bengali romanisations.",#SpeakSilq #LearnBengali #Bengali #LanguageLearning #Vocabulary #AnimalsBirds,Bengali_Typographics_part3_of_3/Bengali_Typographics_part2_of_3/062_Animals_and_Nature_p2.png
05_bengali/bengali_27-animals-birds_p3of5_world.png,bengali_27-animals-birds_p3of5_world.png,Bengali,speaksilq_bengali,Animals & Nature,27,animals-birds,world,3,5,12,periwinkle,#D9DDF7,#1B287E,yes,2026-09-10 01:00,2026-09-10,01:00,49,"English vs Bengali — Animals & Nature (part 3 of 5)
Fly (insect) = machhi · Ant = pipra · Butterfly = prajapoti
Learn Bengali and 20+ more at Speaksilq.com","Pastel vocabulary card titled ""English vs Bengali"", subtitle ""Animals & Nature"", listing 12 English words with their Bengali romanisations.",#SpeakSilq #LearnBengali #Bengali #LanguageLearning #Vocabulary #AnimalsBirds,Bengali_Typographics_part3_of_3/Bengali_Typographics_part2_of_3/063_Animals_and_Nature_p3.png
05_bengali/bengali_27-animals-birds_p4of5_world.png,bengali_27-animals-birds_p4of5_world.png,Bengali,speaksilq_bengali,Animals & Nature,27,animals-birds,world,4,5,12,sky,#CFE6F7,#165583,yes,2026-09-17 01:00,2026-09-17,01:00,63,"English vs Bengali — Animals & Nature (part 4 of 5)
Grass = ghash · Seed = bij · Forest = bon
Learn Bengali and 20+ more at Speaksilq.com","Pastel vocabulary card titled ""English vs Bengali"", subtitle ""Animals & Nature"", listing 12 English words with their Bengali romanisations.",#SpeakSilq #LearnBengali #Bengali #LanguageLearning #Vocabulary #AnimalsBirds,Bengali_Typographics_part3_of_3/Bengali_Typographics_part2_of_3/064_Animals_and_Nature_p4.png
05_bengali/bengali_27-animals-birds_p5of5_world.png,bengali_27-animals-birds_p5of5_world.png,Bengali,speaksilq_bengali,Animals & Nature,27,animals-birds,world,5,5,12,lilac,#EDD9F3,#661D7C,yes,2026-10-03 01:00,2026-10-03,01:00,95,"English vs Bengali — Animals & Nature (part 5 of 5)
Paddy field = dhankhet · Soil / earth = mati · Stone = pathor
Learn Bengali and 20+ more at Speaksilq.com","Pastel vocabulary card titled ""English vs Bengali"", subtitle ""Animals & Nature"", listing 12 English words with their Bengali romanisations.",#SpeakSilq #LearnBengali #Bengali #LanguageLearning #Vocabulary #AnimalsBirds,Bengali_Typographics_part3_of_3/Bengali_Typographics_part2_of_3/065_Animals_and_Nature_p5.png
05_bengali/bengali_29-common-verbs_p1of7_learn.png,bengali_29-common-verbs_p1of7_learn.png,Bengali,speaksilq_bengali,Common Verbs,29,common-verbs,learn,1,7,13,peach,#FFE3C9,#994A00,yes,2026-08-31 13:00,2026-08-31,13:00,30,"English vs Bengali — Common Verbs (part 1 of 7)
To be / to exist = thaka · To do = kora · To go = jaowa
Learn Bengali and 20+ more at Speaksilq.com","Pastel vocabulary card titled ""English vs Bengali"", subtitle ""Common Verbs"", listing 13 English words with their Bengali romanisations.",#SpeakSilq #LearnBengali #Bengali #LanguageLearning #Vocabulary #CommonVerbs,Bengali_Typographics_part3_of_3/Bengali_Typographics_part2_of_3/Bengali_Typographics_part1_of_3/027_Common_Verbs_p1.png
05_bengali/bengali_29-common-verbs_p2of7_learn.png,bengali_29-common-verbs_p2of7_learn.png,Bengali,speaksilq_bengali,Common Verbs,29,common-verbs,learn,2,7,13,sky,#CFE6F7,#165583,yes,2026-10-07 01:00,2026-10-07,01:00,103,"English vs Bengali — Common Verbs (part 2 of 7)
To listen / hear = shona · To see / look = dêkha · To read = pora
Learn Bengali and 20+ more at Speaksilq.com","Pastel vocabulary card titled ""English vs Bengali"", subtitle ""Common Verbs"", listing 13 English words with their Bengali romanisations.",#SpeakSilq #LearnBengali #Bengali #LanguageLearning #Vocabulary #CommonVerbs,Bengali_Typographics_part3_of_3/Bengali_Typographics_part2_of_3/Bengali_Typographics_part1_of_3/028_Common_Verbs_p2.png
05_bengali/bengali_29-common-verbs_p3of7_learn.png,bengali_29-common-verbs_p3of7_learn.png,Bengali,speaksilq_bengali,Common Verbs,29,common-verbs,learn,3,7,13,seafoam,#C6EFE8,#196B5D,yes,2026-09-24 01:00,2026-09-24,01:00,77,"English vs Bengali — Common Verbs (part 3 of 7)
To like = bhalo laga · To love = bhalobasha · To hate = ghrina kora
Learn Bengali and 20+ more at Speaksilq.com","Pastel vocabulary card titled ""English vs Bengali"", subtitle ""Common Verbs"", listing 13 English words with their Bengali romanisations.",#SpeakSilq #LearnBengali #Bengali #LanguageLearning #Vocabulary #CommonVerbs,Bengali_Typographics_part3_of_3/Bengali_Typographics_part2_of_3/Bengali_Typographics_part1_of_3/029_Common_Verbs_p3.png
05_bengali/bengali_29-common-verbs_p4of7_learn.png,bengali_29-common-verbs_p4of7_learn.png,Bengali,speaksilq_bengali,Common Verbs,29,common-verbs,learn,4,7,13,coral-mist,#FFDCCB,#993200,yes,2026-09-09 01:00,2026-09-09,01:00,47,"English vs Bengali — Common Verbs (part 4 of 7)
To stop = thama · To work = kaj kora · To play = khêla
Learn Bengali and 20+ more at Speaksilq.com","Pastel vocabulary card titled ""English vs Bengali"", subtitle ""Common Verbs"", listing 13 English words with their Bengali romanisations.",#SpeakSilq #LearnBengali #Bengali #LanguageLearning #Vocabulary #CommonVerbs,Bengali_Typographics_part3_of_3/Bengali_Typographics_part2_of_3/Bengali_Typographics_part1_of_3/030_Common_Verbs_p4.png
05_bengali/bengali_29-common-verbs_p5of7_learn.png,bengali_29-common-verbs_p5of7_learn.png,Bengali,speaksilq_bengali,Common Verbs,29,common-verbs,learn,5,7,13,rose-quartz,#F7D6D0,#832716,yes,2026-09-17 13:00,2026-09-17,13:00,64,"English vs Bengali — Common Verbs (part 5 of 7)
To carry / take away = niye jaowa · To put / keep = rakha · To find = khũje paowa
Learn Bengali and 20+ more at Speaksilq.com","Pastel vocabulary card titled ""English vs Bengali"", subtitle ""Common Verbs"", listing 13 English words with their Bengali romanisations.",#SpeakSilq #LearnBengali #Bengali #LanguageLearning #Vocabulary #CommonVerbs,Bengali_Typographics_part3_of_3/Bengali_Typographics_part2_of_3/Bengali_Typographics_part1_of_3/031_Common_Verbs_p5.png
05_bengali/bengali_29-common-verbs_p6of7_learn.png,bengali_29-common-verbs_p6of7_learn.png,Bengali,speaksilq_bengali,Common Verbs,29,common-verbs,learn,6,7,13,peach,#FFE3C9,#994A00,yes,2026-08-21 13:00,2026-08-21,13:00,10,"English vs Bengali — Common Verbs (part 6 of 7)
To build / make = toiri kora · To wear = pora · To drive = gari chalano
Learn Bengali and 20+ more at Speaksilq.com","Pastel vocabulary card titled ""English vs Bengali"", subtitle ""Common Verbs"", listing 13 English words with their Bengali romanisations.",#SpeakSilq #LearnBengali #Bengali #LanguageLearning #Vocabulary #CommonVerbs,Bengali_Typographics_part3_of_3/Bengali_Typographics_part2_of_3/Bengali_Typographics_part1_of_3/032_Common_Verbs_p6.png
05_bengali/bengali_29-common-verbs_p7of7_learn.png,bengali_29-common-verbs_p7of7_learn.png,Bengali,speaksilq_bengali,Common Verbs,29,common-verbs,learn,7,7,12,periwinkle,#D9DDF7,#1B287E,yes,2026-09-30 01:00,2026-09-30,01:00,89,"English vs Bengali — Common Verbs (part 7 of 7)
To believe = bishshash kora · To hope = asha kora · To decide = shiddhanto neowa
Learn Bengali and 20+ more at Speaksilq.com","Pastel vocabulary card titled ""English vs Bengali"", subtitle ""Common Verbs"", listing 12 English words with their Bengali romanisations.",#SpeakSilq #LearnBengali #Bengali #LanguageLearning #Vocabulary #CommonVerbs,Bengali_Typographics_part3_of_3/Bengali_Typographics_part2_of_3/Bengali_Typographics_part1_of_3/033_Common_Verbs_p7.png
05_bengali/bengali_30-adjectives-opposites_p1of7_learn.png,bengali_30-adjectives-opposites_p1of7_learn.png,Bengali,speaksilq_bengali,Adjectives & Opposites,30,adjectives-opposites,learn,1,7,12,periwinkle,#D9DDF7,#1B287E,yes,2026-09-20 01:00,2026-09-20,01:00,69,"English vs Bengali — Adjectives & Opposites (part 1 of 7)
Good = bhalo · Bad = kharap · Big = boro
Learn Bengali and 20+ more at Speaksilq.com","Pastel vocabulary card titled ""English vs Bengali"", subtitle ""Adjectives & Opposites"", listing 12 English words with their Bengali romanisations.",#SpeakSilq #LearnBengali #Bengali #LanguageLearning #Vocabulary #AdjectivesOpposites,Bengali_Typographics_part3_of_3/Bengali_Typographics_part2_of_3/Bengali_Typographics_part1_of_3/034_Adjectives_and_Opposites_p1.png
05_bengali/bengali_30-adjectives-opposites_p2of7_learn.png,bengali_30-adjectives-opposites_p2of7_learn.png,Bengali,speaksilq_bengali,Adjectives & Opposites,30,adjectives-opposites,learn,2,7,12,orchid,#F7D9EE,#7E1B60,yes,2026-09-04 13:00,2026-09-04,13:00,38,"English vs Bengali — Adjectives & Opposites (part 2 of 7)
Cold = thanda · Warm = usnho · Fast = druto
Learn Bengali and 20+ more at Speaksilq.com","Pastel vocabulary card titled ""English vs Bengali"", subtitle ""Adjectives & Opposites"", listing 12 English words with their Bengali romanisations.",#SpeakSilq #LearnBengali #Bengali #LanguageLearning #Vocabulary #AdjectivesOpposites,Bengali_Typographics_part3_of_3/Bengali_Typographics_part2_of_3/Bengali_Typographics_part1_of_3/035_Adjectives_and_Opposites_p2.png
05_bengali/bengali_30-adjectives-opposites_p3of7_learn.png,bengali_30-adjectives-opposites_p3of7_learn.png,Bengali,speaksilq_bengali,Adjectives & Opposites,30,adjectives-opposites,learn,3,7,12,blush,#FFD9E1,#990020,yes,2026-09-26 01:00,2026-09-26,01:00,81,"English vs Bengali — Adjectives & Opposites (part 3 of 7)
Heavy = bhari · Light (weight) = halka · Strong = shoktishali
Learn Bengali and 20+ more at Speaksilq.com","Pastel vocabulary card titled ""English vs Bengali"", subtitle ""Adjectives & Opposites"", listing 12 English words with their Bengali romanisations.",#SpeakSilq #LearnBengali #Bengali #LanguageLearning #Vocabulary #AdjectivesOpposites,Bengali_Typographics_part3_of_3/Bengali_Typographics_part2_of_3/Bengali_Typographics_part1_of_3/036_Adjectives_and_Opposites_p3.png
05_bengali/bengali_30-adjectives-opposites_p4of7_learn.png,bengali_30-adjectives-opposites_p4of7_learn.png,Bengali,speaksilq_bengali,Adjectives & Opposites,30,adjectives-opposites,learn,4,7,11,sand,#EEE4D4,#7C571D,yes,2026-09-13 13:00,2026-09-13,13:00,56,"English vs Bengali — Adjectives & Opposites (part 4 of 7)
Wide = chowra · Narrow = shoru · Deep = gobhir
Learn Bengali and 20+ more at Speaksilq.com","Pastel vocabulary card titled ""English vs Bengali"", subtitle ""Adjectives & Opposites"", listing 11 English words with their Bengali romanisations.",#SpeakSilq #LearnBengali #Bengali #LanguageLearning #Vocabulary #AdjectivesOpposites,Bengali_Typographics_part3_of_3/Bengali_Typographics_part2_of_3/037_Adjectives_and_Opposites_p4.png
05_bengali/bengali_30-adjectives-opposites_p5of7_learn.png,bengali_30-adjectives-opposites_p5of7_learn.png,Bengali,speaksilq_bengali,Adjectives & Opposites,30,adjectives-opposites,learn,5,7,11,powder-blue,#D5E4F7,#184681,yes,2026-08-29 13:00,2026-08-29,13:00,26,"English vs Bengali — Adjectives & Opposites (part 5 of 7)
Blunt = bõta · Loud = jore · Quiet = chupchap
Learn Bengali and 20+ more at Speaksilq.com","Pastel vocabulary card titled ""English vs Bengali"", subtitle ""Adjectives & Opposites"", listing 11 English words with their Bengali romanisations.",#SpeakSilq #LearnBengali #Bengali #LanguageLearning #Vocabulary #AdjectivesOpposites,Bengali_Typographics_part3_of_3/Bengali_Typographics_part2_of_3/038_Adjectives_and_Opposites_p5.png
05_bengali/bengali_30-adjectives-opposites_p6of7_learn.png,bengali_30-adjectives-opposites_p6of7_learn.png,Bengali,speaksilq_bengali,Adjectives & Opposites,30,adjectives-opposites,learn,6,7,11,mint,#C8F0DE,#196B46,yes,2026-08-23 13:00,2026-08-23,13:00,14,"English vs Bengali — Adjectives & Opposites (part 6 of 7)
Same = eki · Different = alada · Sweet = misti
Learn Bengali and 20+ more at Speaksilq.com","Pastel vocabulary card titled ""English vs Bengali"", subtitle ""Adjectives & Opposites"", listing 11 English words with their Bengali romanisations.",#SpeakSilq #LearnBengali #Bengali #LanguageLearning #Vocabulary #AdjectivesOpposites,Bengali_Typographics_part3_of_3/Bengali_Typographics_part2_of_3/039_Adjectives_and_Opposites_p6.png
05_bengali/bengali_30-adjectives-opposites_p7of7_learn.png,bengali_30-adjectives-opposites_p7of7_learn.png,Bengali,speaksilq_bengali,Adjectives & Opposites,30,adjectives-opposites,learn,7,7,11,champagne,#F7E7D0,#835616,yes,2026-10-02 01:00,2026-10-02,01:00,93,"English vs Bengali — Adjectives & Opposites (part 7 of 7)
Dangerous = bipojjonok · Busy = bêsto · Free / available = khali
Learn Bengali and 20+ more at Speaksilq.com","Pastel vocabulary card titled ""English vs Bengali"", subtitle ""Adjectives & Opposites"", listing 11 English words with their Bengali romanisations.",#SpeakSilq #LearnBengali #Bengali #LanguageLearning #Vocabulary #AdjectivesOpposites,Bengali_Typographics_part3_of_3/Bengali_Typographics_part2_of_3/040_Adjectives_and_Opposites_p7.png
05_bengali/bengali_31-work-professions_p1of4_learn.png,bengali_31-work-professions_p1of4_learn.png,Bengali,speaksilq_bengali,Work & Occupations,31,work-professions,learn,1,4,10,champagne,#F7E7D0,#835616,yes,2026-09-22 01:00,2026-09-22,01:00,73,"English vs Bengali — Work & Occupations (part 1 of 4)
Work / job = kaj · Profession = pesha · Employee = kormochari
Learn Bengali and 20+ more at Speaksilq.com","Pastel vocabulary card titled ""English vs Bengali"", subtitle ""Work & Occupations"", listing 10 English words with their Bengali romanisations.",#SpeakSilq #LearnBengali #Bengali #LanguageLearning #Vocabulary #WorkProfessions,Bengali_Typographics_part3_of_3/081_Work_and_Occupations_p1.png
05_bengali/bengali_31-work-professions_p2of4_learn.png,bengali_31-work-professions_p2of4_learn.png,Bengali,speaksilq_bengali,Work & Occupations,31,work-professions,learn,2,4,10,seafoam,#C6EFE8,#196B5D,yes,2026-10-04 01:00,2026-10-04,01:00,97,"English vs Bengali — Work & Occupations (part 2 of 4)
Experience = obhiggota · Unemployed = bekar · Retirement = obosor
Learn Bengali and 20+ more at Speaksilq.com","Pastel vocabulary card titled ""English vs Bengali"", subtitle ""Work & Occupations"", listing 10 English words with their Bengali romanisations.",#SpeakSilq #LearnBengali #Bengali #LanguageLearning #Vocabulary #WorkProfessions,Bengali_Typographics_part3_of_3/082_Work_and_Occupations_p2.png
05_bengali/bengali_31-work-professions_p3of4_learn.png,bengali_31-work-professions_p3of4_learn.png,Bengali,speaksilq_bengali,Work & Occupations,31,work-professions,learn,3,4,10,sky,#CFE6F7,#165583,yes,2026-09-07 01:00,2026-09-07,01:00,43,"English vs Bengali — Work & Occupations (part 3 of 4)
Soldier = shoinik · Farmer = krishok · Fisherman = jele
Learn Bengali and 20+ more at Speaksilq.com","Pastel vocabulary card titled ""English vs Bengali"", subtitle ""Work & Occupations"", listing 10 English words with their Bengali romanisations.",#SpeakSilq #LearnBengali #Bengali #LanguageLearning #Vocabulary #WorkProfessions,Bengali_Typographics_part3_of_3/083_Work_and_Occupations_p3.png
05_bengali/bengali_31-work-professions_p4of4_learn.png,bengali_31-work-professions_p4of4_learn.png,Bengali,speaksilq_bengali,Work & Occupations,31,work-professions,learn,4,4,10,powder-blue,#D5E4F7,#184681,yes,2026-08-19 13:00,2026-08-19,13:00,6,"English vs Bengali — Work & Occupations (part 4 of 4)
Writer = lekhok · Poet = kobi · Singer = shilpi
Learn Bengali and 20+ more at Speaksilq.com","Pastel vocabulary card titled ""English vs Bengali"", subtitle ""Work & Occupations"", listing 10 English words with their Bengali romanisations.",#SpeakSilq #LearnBengali #Bengali #LanguageLearning #Vocabulary #WorkProfessions,Bengali_Typographics_part3_of_3/084_Work_and_Occupations_p4.png
05_bengali/bengali_32-education-school_p1of3_learn.png,bengali_32-education-school_p1of3_learn.png,Bengali,speaksilq_bengali,Education & School,32,education-school,learn,1,3,13,aqua-mist,#CDECF2,#1B6574,yes,2026-09-15 13:00,2026-09-15,13:00,60,"English vs Bengali — Education & School (part 1 of 3)
Education = shikkha · College = kolej · Class = klash
Learn Bengali and 20+ more at Speaksilq.com","Pastel vocabulary card titled ""English vs Bengali"", subtitle ""Education & School"", listing 13 English words with their Bengali romanisations.",#SpeakSilq #LearnBengali #Bengali #LanguageLearning #Vocabulary #EducationSchool,Bengali_Typographics_part3_of_3/085_Education_and_School_p1.png
05_bengali/bengali_32-education-school_p2of3_learn.png,bengali_32-education-school_p2of3_learn.png,Bengali,speaksilq_bengali,Education & School,32,education-school,learn,2,3,13,pistachio,#E4F0C4,#556B19,yes,2026-09-28 01:00,2026-09-28,01:00,85,"English vs Bengali — Education & School (part 2 of 3)
Homework = barir kaj · Exam = porikkha · Result = folafol
Learn Bengali and 20+ more at Speaksilq.com","Pastel vocabulary card titled ""English vs Bengali"", subtitle ""Education & School"", listing 13 English words with their Bengali romanisations.",#SpeakSilq #LearnBengali #Bengali #LanguageLearning #Vocabulary #EducationSchool,Bengali_Typographics_part3_of_3/086_Education_and_School_p2.png
05_bengali/bengali_32-education-school_p3of3_learn.png,bengali_32-education-school_p3of3_learn.png,Bengali,speaksilq_bengali,Education & School,32,education-school,learn,3,3,13,lemon-ice,#F4F1C4,#676213,yes,2026-08-17 13:00,2026-08-17,13:00,2,"English vs Bengali — Education & School (part 3 of 3)
Bengali (language) = Bangla · English (language) = Ingreji · Grammar = bêakoron
Learn Bengali and 20+ more at Speaksilq.com","Pastel vocabulary card titled ""English vs Bengali"", subtitle ""Education & School"", listing 13 English words with their Bengali romanisations.",#SpeakSilq #LearnBengali #Bengali #LanguageLearning #Vocabulary #EducationSchool,Bengali_Typographics_part3_of_3/087_Education_and_School_p3.png
05_bengali/bengali_33-technology-communication_p1of3_learn.png,bengali_33-technology-communication_p1of3_learn.png,Bengali,speaksilq_bengali,Technology & Communication,33,technology-communication,learn,1,3,10,orchid,#F7D9EE,#7E1B60,yes,2026-08-25 13:00,2026-08-25,13:00,18,"English vs Bengali — Technology & Communication (part 1 of 3)
Telephone = telifon · Mobile phone = mobail · Computer = kompiutar
Learn Bengali and 20+ more at Speaksilq.com","Pastel vocabulary card titled ""English vs Bengali"", subtitle ""Technology & Communication"", listing 10 English words with their Bengali romanisations.",#SpeakSilq #LearnBengali #Bengali #LanguageLearning #Vocabulary #TechnologyCommunication,Bengali_Typographics_part3_of_3/088_Technology_and_Communication_p1.png
05_bengali/bengali_33-technology-communication_p2of3_learn.png,bengali_33-technology-communication_p2of3_learn.png,Bengali,speaksilq_bengali,Technology & Communication,33,technology-communication,learn,2,3,10,sage,#DCE7D5,#356317,yes,2026-09-11 01:00,2026-09-11,01:00,51,"English vs Bengali — Technology & Communication (part 2 of 3)
Battery = bêatari · Screen = porda · Camera = kêamera
Learn Bengali and 20+ more at Speaksilq.com","Pastel vocabulary card titled ""English vs Bengali"", subtitle ""Technology & Communication"", listing 10 English words with their Bengali romanisations.",#SpeakSilq #LearnBengali #Bengali #LanguageLearning #Vocabulary #TechnologyCommunication,Bengali_Typographics_part3_of_3/089_Technology_and_Communication_p2.png
05_bengali/bengali_33-technology-communication_p3of3_learn.png,bengali_33-technology-communication_p3of3_learn.png,Bengali,speaksilq_bengali,Technology & Communication,33,technology-communication,learn,3,3,10,mint,#C8F0DE,#196B46,yes,2026-09-02 13:00,2026-09-02,13:00,34,"English vs Bengali — Technology & Communication (part 3 of 3)
Signal / network = netwark · Software = softoyêar · File = fail
Learn Bengali and 20+ more at Speaksilq.com","Pastel vocabulary card titled ""English vs Bengali"", subtitle ""Technology & Communication"", listing 10 English words with their Bengali romanisations.",#SpeakSilq #LearnBengali #Bengali #LanguageLearning #Vocabulary #TechnologyCommunication,Bengali_Typographics_part3_of_3/090_Technology_and_Communication_p3.png
06_pashto-sampler/pashto-sampler_01-greetings-courtesy_p1of1_social.png,pashto-sampler_01-greetings-courtesy_p1of1_social.png,Pashto,,Greetings & Courtesy,01,greetings-courtesy,social,1,1,8,blush,#FFD9E1,#990020,no,,,,,"English vs Pashto — Greetings & Courtesy (part 1 of 1)
Peace be upon you (hello) = Assalam alaikum · And peace be upon you (reply) = Wa alaikum assalam · Hello / Hi = Salam
Learn Pashto and 20+ more at Speaksilq.com","Pastel vocabulary card titled ""English vs Pashto"", subtitle ""Greetings & Courtesy"", listing 8 English words with their Pashto romanisations.",#SpeakSilq #LearnPashto #Pashto #LanguageLearning #Vocabulary #GreetingsCourtesy,round1_all33_categories/greetingscourtesy_sample.jpg
06_pashto-sampler/pashto-sampler_02-everyday-phrases_p1of1_social.png,pashto-sampler_02-everyday-phrases_p1of1_social.png,Pashto,,Everyday Phrases,02,everyday-phrases,social,1,1,8,lemon-ice,#F4F1C4,#676213,no,,,,,"English vs Pashto — Everyday Phrases (part 1 of 1)
How are things? = Kaar o baar tsanga dai? · Everything is fine = Har tsa ṣ̌a di · Long time no see = Der wakht wə che na wu lidəli
Learn Pashto and 20+ more at Speaksilq.com","Pastel vocabulary card titled ""English vs Pashto"", subtitle ""Everyday Phrases"", listing 8 English words with their Pashto romanisations.",#SpeakSilq #LearnPashto #Pashto #LanguageLearning #Vocabulary #EverydayPhrases,round1_all33_categories/everydayphrases_sample.jpg
06_pashto-sampler/pashto-sampler_03-question-words_p1of1_social.png,pashto-sampler_03-question-words_p1of1_social.png,Pashto,,Question Words & Connectors,03,question-words,social,1,1,8,sky,#CFE6F7,#165583,no,,,,,"English vs Pashto — Question Words & Connectors (part 1 of 1)
What = Tsa · Who = Tsok dai · Where = Cherta
Learn Pashto and 20+ more at Speaksilq.com","Pastel vocabulary card titled ""English vs Pashto"", subtitle ""Question Words & Connectors"", listing 8 English words with their Pashto romanisations.",#SpeakSilq #LearnPashto #Pashto #LanguageLearning #Vocabulary #QuestionWords,round1_all33_categories/questionwordsconnectors_sample.jpg
06_pashto-sampler/pashto-sampler_04-people-pronouns_p1of1_social.png,pashto-sampler_04-people-pronouns_p1of1_social.png,Pashto,,People & Pronouns,04,people-pronouns,social,1,1,8,rose-quartz,#F7D6D0,#832716,no,,,,,"English vs Pashto — People & Pronouns (part 1 of 1)
I = Za · You (formal / plural) = Taaso · You (informal) = Ta
Learn Pashto and 20+ more at Speaksilq.com","Pastel vocabulary card titled ""English vs Pashto"", subtitle ""People & Pronouns"", listing 8 English words with their Pashto romanisations.",#SpeakSilq #LearnPashto #Pashto #LanguageLearning #Vocabulary #PeoplePronouns,round1_all33_categories/peoplepronouns_sample.jpg
06_pashto-sampler/pashto-sampler_07-time-frequency_p1of1_time.png,pashto-sampler_07-time-frequency_p1of1_time.png,Pashto,,Time & Frequency,07,time-frequency,time,1,1,8,pistachio,#E4F0C4,#556B19,no,,,,,"English vs Pashto — Time & Frequency (part 1 of 1)
Time = Wakht · Hour = Saat · Minute = Daqiqa
Learn Pashto and 20+ more at Speaksilq.com","Pastel vocabulary card titled ""English vs Pashto"", subtitle ""Time & Frequency"", listing 8 English words with their Pashto romanisations.",#SpeakSilq #LearnPashto #Pashto #LanguageLearning #Vocabulary #TimeFrequency,round1_all33_categories/timefrequency_sample.jpg
06_pashto-sampler/pashto-sampler_08-days-months-seasons_p1of1_time.png,pashto-sampler_08-days-months-seasons_p1of1_time.png,Pashto,,"Days, Months & Seasons",08,days-months-seasons,time,1,1,8,powder-blue,#D5E4F7,#184681,no,,,,,"English vs Pashto — Days, Months & Seasons (part 1 of 1)
Saturday = Shanbe · Sunday = Yakshanbe · Monday = Doshanbe
Learn Pashto and 20+ more at Speaksilq.com","Pastel vocabulary card titled ""English vs Pashto"", subtitle ""Days, Months & Seasons"", listing 8 English words with their Pashto romanisations.",#SpeakSilq #LearnPashto #Pashto #LanguageLearning #Vocabulary #DaysMonthsSeasons,round1_all33_categories/daysmonthsseasons_sample.jpg
06_pashto-sampler/pashto-sampler_09-daily-routine_p1of1_time.png,pashto-sampler_09-daily-routine_p1of1_time.png,Pashto,,Daily Routine & Habits,09,daily-routine,time,1,1,8,coral-mist,#FFDCCB,#993200,no,,,,,"English vs Pashto — Daily Routine & Habits (part 1 of 1)
Daily routine = Wradzəni kaaruna · To get up = Paatsedəl · To wash the face = Mukh winzəl
Learn Pashto and 20+ more at Speaksilq.com","Pastel vocabulary card titled ""English vs Pashto"", subtitle ""Daily Routine & Habits"", listing 8 English words with their Pashto romanisations.",#SpeakSilq #LearnPashto #Pashto #LanguageLearning #Vocabulary #DailyRoutine,round1_all33_categories/dailyroutinehabits_sample.jpg
06_pashto-sampler/pashto-sampler_10-family-relationships_p1of1_people.png,pashto-sampler_10-family-relationships_p1of1_people.png,Pashto,,Family & Relationships,10,family-relationships,people,1,1,8,honeydew,#D9F2D0,#2F6B19,no,,,,,"English vs Pashto — Family & Relationships (part 1 of 1)
Family = Kornəi · Father = Plaar · Mother = Mor
Learn Pashto and 20+ more at Speaksilq.com","Pastel vocabulary card titled ""English vs Pashto"", subtitle ""Family & Relationships"", listing 8 English words with their Pashto romanisations.",#SpeakSilq #LearnPashto #Pashto #LanguageLearning #Vocabulary #FamilyRelationships,round1_all33_categories/familyrelationships_sample.jpg
06_pashto-sampler/pashto-sampler_11-emotions-feelings_p1of1_people.png,pashto-sampler_11-emotions-feelings_p1of1_people.png,Pashto,,Emotions & Feelings,11,emotions-feelings,people,1,1,8,periwinkle,#D9DDF7,#1B287E,no,,,,,"English vs Pashto — Emotions & Feelings (part 1 of 1)
Happiness = Khushaali · Sadness = Khapagaan · Love = Meena
Learn Pashto and 20+ more at Speaksilq.com","Pastel vocabulary card titled ""English vs Pashto"", subtitle ""Emotions & Feelings"", listing 8 English words with their Pashto romanisations.",#SpeakSilq #LearnPashto #Pashto #LanguageLearning #Vocabulary #EmotionsFeelings,round1_all33_categories/emotionsfeelings_sample.jpg
06_pashto-sampler/pashto-sampler_12-body-parts_p1of1_people.png,pashto-sampler_12-body-parts_p1of1_people.png,Pashto,,Body Parts,12,body-parts,people,1,1,8,peach,#FFE3C9,#994A00,no,,,,,"English vs Pashto — Body Parts (part 1 of 1)
Body = Badan · Head = Sar · Hair = Weṣ̌tə
Learn Pashto and 20+ more at Speaksilq.com","Pastel vocabulary card titled ""English vs Pashto"", subtitle ""Body Parts"", listing 8 English words with their Pashto romanisations.",#SpeakSilq #LearnPashto #Pashto #LanguageLearning #Vocabulary #BodyParts,round1_all33_categories/bodyparts_sample.jpg
06_pashto-sampler/pashto-sampler_13-health-medical_p1of1_people.png,pashto-sampler_13-health-medical_p1of1_people.png,Pashto,,Health & Medical,13,health-medical,people,1,1,8,sage,#DCE7D5,#356317,no,,,,,"English vs Pashto — Health & Medical (part 1 of 1)
Health = Roghtiyaa · Doctor = Ḍaakṭar · Hospital = Roghtun
Learn Pashto and 20+ more at Speaksilq.com","Pastel vocabulary card titled ""English vs Pashto"", subtitle ""Health & Medical"", listing 8 English words with their Pashto romanisations.",#SpeakSilq #LearnPashto #Pashto #LanguageLearning #Vocabulary #HealthMedical,round1_all33_categories/healthmedical_sample.jpg
06_pashto-sampler/pashto-sampler_14-food-drink_p1of1_food.png,pashto-sampler_14-food-drink_p1of1_food.png,Pashto,,Food & Drink,14,food-drink,food,1,1,8,lavender,#E1D8F5,#3B1D7C,no,,,,,"English vs Pashto — Food & Drink (part 1 of 1)
Food = Khwaṛa · Bread / meal = Ḍoḍəi · Water = Obə
Learn Pashto and 20+ more at Speaksilq.com","Pastel vocabulary card titled ""English vs Pashto"", subtitle ""Food & Drink"", listing 8 English words with their Pashto romanisations.",#SpeakSilq #LearnPashto #Pashto #LanguageLearning #Vocabulary #FoodDrink,round1_all33_categories/fooddrink_sample.jpg
06_pashto-sampler/pashto-sampler_15-fruits-vegetables_p1of1_food.png,pashto-sampler_15-fruits-vegetables_p1of1_food.png,Pashto,,Fruits & Vegetables,15,fruits-vegetables,food,1,1,8,champagne,#F7E7D0,#835616,no,,,,,"English vs Pashto — Fruits & Vegetables (part 1 of 1)
Fruit = Mewa · Apple = Maṇa · Banana = Kela
Learn Pashto and 20+ more at Speaksilq.com","Pastel vocabulary card titled ""English vs Pashto"", subtitle ""Fruits & Vegetables"", listing 8 English words with their Pashto romanisations.",#SpeakSilq #LearnPashto #Pashto #LanguageLearning #Vocabulary #FruitsVegetables,round1_all33_categories/fruitsvegetables_sample.jpg
06_pashto-sampler/pashto-sampler_16-cooking-kitchen_p1of1_food.png,pashto-sampler_16-cooking-kitchen_p1of1_food.png,Pashto,,Cooking & Kitchen,16,cooking-kitchen,food,1,1,8,mint,#C8F0DE,#196B46,no,,,,,"English vs Pashto — Cooking & Kitchen (part 1 of 1)
Kitchen = Pakhlandzai · Cook (person) = Aashpaz · Stove = Ojaaq
Learn Pashto and 20+ more at Speaksilq.com","Pastel vocabulary card titled ""English vs Pashto"", subtitle ""Cooking & Kitchen"", listing 8 English words with their Pashto romanisations.",#SpeakSilq #LearnPashto #Pashto #LanguageLearning #Vocabulary #CookingKitchen,round1_all33_categories/cookingkitchen_sample.jpg
06_pashto-sampler/pashto-sampler_17-restaurant-ordering_p1of1_food.png,pashto-sampler_17-restaurant-ordering_p1of1_food.png,Pashto,,Restaurant & Ordering,17,restaurant-ordering,food,1,1,8,lilac,#EDD9F3,#661D7C,no,,,,,"English vs Pashto — Restaurant & Ordering (part 1 of 1)
Restaurant = Resturaant · Eatery = Da khwaṛo dukaan · Menu = Menu
Learn Pashto and 20+ more at Speaksilq.com","Pastel vocabulary card titled ""English vs Pashto"", subtitle ""Restaurant & Ordering"", listing 8 English words with their Pashto romanisations.",#SpeakSilq #LearnPashto #Pashto #LanguageLearning #Vocabulary #RestaurantOrdering,round1_all33_categories/restaurantordering_sample.jpg
06_pashto-sampler/pashto-sampler_18-home-household_p1of1_home.png,pashto-sampler_18-home-household_p1of1_home.png,Pashto,,Home & Household,18,home-household,home,1,1,8,sand,#EEE4D4,#7C571D,no,,,,,"English vs Pashto — Home & Household (part 1 of 1)
House = Kor · Room = Koṭa · Bedroom = Da khob koṭa
Learn Pashto and 20+ more at Speaksilq.com","Pastel vocabulary card titled ""English vs Pashto"", subtitle ""Home & Household"", listing 8 English words with their Pashto romanisations.",#SpeakSilq #LearnPashto #Pashto #LanguageLearning #Vocabulary #HomeHousehold,round1_all33_categories/homehousehold_sample.jpg
06_pashto-sampler/pashto-sampler_19-clothing-accessories_p1of1_home.png,pashto-sampler_19-clothing-accessories_p1of1_home.png,Pashto,,Clothing & Accessories,19,clothing-accessories,home,1,1,8,seafoam,#C6EFE8,#196B5D,no,,,,,"English vs Pashto — Clothing & Accessories (part 1 of 1)
Clothes = Jaame · Shirt / tunic = Kamees · Trousers = Partug
Learn Pashto and 20+ more at Speaksilq.com","Pastel vocabulary card titled ""English vs Pashto"", subtitle ""Clothing & Accessories"", listing 8 English words with their Pashto romanisations.",#SpeakSilq #LearnPashto #Pashto #LanguageLearning #Vocabulary #ClothingAccessories,round1_all33_categories/clothingaccessories_sample.jpg
06_pashto-sampler/pashto-sampler_20-shopping-money_p1of1_home.png,pashto-sampler_20-shopping-money_p1of1_home.png,Pashto,,Shopping & Money,20,shopping-money,home,1,1,8,orchid,#F7D9EE,#7E1B60,no,,,,,"English vs Pashto — Shopping & Money (part 1 of 1)
Shop = Dukaan · Shopkeeper = Dukaandaar · Market = Baazaar
Learn Pashto and 20+ more at Speaksilq.com","Pastel vocabulary card titled ""English vs Pashto"", subtitle ""Shopping & Money"", listing 8 English words with their Pashto romanisations.",#SpeakSilq #LearnPashto #Pashto #LanguageLearning #Vocabulary #ShoppingMoney,round1_all33_categories/shoppingmoney_sample.jpg
06_pashto-sampler/pashto-sampler_21-colours_p1of1_home.png,pashto-sampler_21-colours_p1of1_home.png,Pashto,,Colours,21,colours,home,1,1,8,butter,#FFF2C2,#7A6000,no,,,,,"English vs Pashto — Colours (part 1 of 1)
Colour = Rang · Red = Sur · Blue = Aasmaani
Learn Pashto and 20+ more at Speaksilq.com","Pastel vocabulary card titled ""English vs Pashto"", subtitle ""Colours"", listing 8 English words with their Pashto romanisations.",#SpeakSilq #LearnPashto #Pashto #LanguageLearning #Vocabulary #Colours,round1_all33_categories/colours_sample.jpg
06_pashto-sampler/pashto-sampler_22-travel-transport_p1of1_travel.png,pashto-sampler_22-travel-transport_p1of1_travel.png,Pashto,,Travel & Transport,22,travel-transport,travel,1,1,8,aqua-mist,#CDECF2,#1B6574,no,,,,,"English vs Pashto — Travel & Transport (part 1 of 1)
Journey / travel = Safar · Traveller = Musaafir · Car = Moṭar
Learn Pashto and 20+ more at Speaksilq.com","Pastel vocabulary card titled ""English vs Pashto"", subtitle ""Travel & Transport"", listing 8 English words with their Pashto romanisations.",#SpeakSilq #LearnPashto #Pashto #LanguageLearning #Vocabulary #TravelTransport,round1_all33_categories/traveltransport_sample.jpg
06_pashto-sampler/pashto-sampler_23-directions-places_p1of1_travel.png,pashto-sampler_23-directions-places_p1of1_travel.png,Pashto,,Directions & Places,23,directions-places,travel,1,1,8,blush,#FFD9E1,#990020,no,,,,,"English vs Pashto — Directions & Places (part 1 of 1)
Right = Ṣ̌əi · Left = Kiṇ · Straight ahead = Negh
Learn Pashto and 20+ more at Speaksilq.com","Pastel vocabulary card titled ""English vs Pashto"", subtitle ""Directions & Places"", listing 8 English words with their Pashto romanisations.",#SpeakSilq #LearnPashto #Pashto #LanguageLearning #Vocabulary #DirectionsPlaces,round1_all33_categories/directionsplaces_sample.jpg
06_pashto-sampler/pashto-sampler_24-city-places_p1of1_travel.png,pashto-sampler_24-city-places_p1of1_travel.png,Pashto,,City & Places,24,city-places,travel,1,1,8,lemon-ice,#F4F1C4,#676213,no,,,,,"English vs Pashto — City & Places (part 1 of 1)
City = Ṣ̌aar · Village = Kəlai · Country = Hewaad
Learn Pashto and 20+ more at Speaksilq.com","Pastel vocabulary card titled ""English vs Pashto"", subtitle ""City & Places"", listing 8 English words with their Pashto romanisations.",#SpeakSilq #LearnPashto #Pashto #LanguageLearning #Vocabulary #CityPlaces,round1_all33_categories/cityplaces_sample.jpg
06_pashto-sampler/pashto-sampler_25-hotel-accommodation_p1of1_travel.png,pashto-sampler_25-hotel-accommodation_p1of1_travel.png,Pashto,,Hotel & Accommodation,25,hotel-accommodation,travel,1,1,8,sky,#CFE6F7,#165583,no,,,,,"English vs Pashto — Hotel & Accommodation (part 1 of 1)
Hotel = Hoṭal · Reception = Paziresh · Booking = Rezerf
Learn Pashto and 20+ more at Speaksilq.com","Pastel vocabulary card titled ""English vs Pashto"", subtitle ""Hotel & Accommodation"", listing 8 English words with their Pashto romanisations.",#SpeakSilq #LearnPashto #Pashto #LanguageLearning #Vocabulary #HotelAccommodation,round1_all33_categories/hotelaccommodation_sample.jpg
06_pashto-sampler/pashto-sampler_26-nature-weather_p1of1_world.png,pashto-sampler_26-nature-weather_p1of1_world.png,Pashto,,Nature & Weather,26,nature-weather,world,1,1,8,rose-quartz,#F7D6D0,#832716,no,,,,,"English vs Pashto — Nature & Weather (part 1 of 1)
Weather = Hawaa · Sun = Lmar · Moon = Spoẓ̌məi
Learn Pashto and 20+ more at Speaksilq.com","Pastel vocabulary card titled ""English vs Pashto"", subtitle ""Nature & Weather"", listing 8 English words with their Pashto romanisations.",#SpeakSilq #LearnPashto #Pashto #LanguageLearning #Vocabulary #NatureWeather,round1_all33_categories/natureweather_sample.jpg
06_pashto-sampler/pashto-sampler_27-animals-birds_p1of1_world.png,pashto-sampler_27-animals-birds_p1of1_world.png,Pashto,,Animals & Birds,27,animals-birds,world,1,1,8,pistachio,#E4F0C4,#556B19,no,,,,,"English vs Pashto — Animals & Birds (part 1 of 1)
Animal = Dzaanwar · Dog = Spai · Cat = Pisho
Learn Pashto and 20+ more at Speaksilq.com","Pastel vocabulary card titled ""English vs Pashto"", subtitle ""Animals & Birds"", listing 8 English words with their Pashto romanisations.",#SpeakSilq #LearnPashto #Pashto #LanguageLearning #Vocabulary #AnimalsBirds,round1_all33_categories/animalsbirds_sample.jpg
06_pashto-sampler/pashto-sampler_28-emergencies-safety_p1of1_world.png,pashto-sampler_28-emergencies-safety_p1of1_world.png,Pashto,,Emergencies & Safety,28,emergencies-safety,world,1,1,8,powder-blue,#D5E4F7,#184681,no,,,,,"English vs Pashto — Emergencies & Safety (part 1 of 1)
Help! = Mrasta! · Danger = Khatar · Emergency = Beṛani haalat
Learn Pashto and 20+ more at Speaksilq.com","Pastel vocabulary card titled ""English vs Pashto"", subtitle ""Emergencies & Safety"", listing 8 English words with their Pashto romanisations.",#SpeakSilq #LearnPashto #Pashto #LanguageLearning #Vocabulary #EmergenciesSafety,round1_all33_categories/emergenciessafety_sample.jpg
06_pashto-sampler/pashto-sampler_29-common-verbs_p1of1_learn.png,pashto-sampler_29-common-verbs_p1of1_learn.png,Pashto,,Common Verbs,29,common-verbs,learn,1,1,8,coral-mist,#FFDCCB,#993200,no,,,,,"English vs Pashto — Common Verbs (part 1 of 1)
To be / become = Kedəl · To do = Kawəl · To go = Tləl
Learn Pashto and 20+ more at Speaksilq.com","Pastel vocabulary card titled ""English vs Pashto"", subtitle ""Common Verbs"", listing 8 English words with their Pashto romanisations.",#SpeakSilq #LearnPashto #Pashto #LanguageLearning #Vocabulary #CommonVerbs,round1_all33_categories/commonverbs_sample.jpg
06_pashto-sampler/pashto-sampler_30-adjectives-opposites_p1of1_learn.png,pashto-sampler_30-adjectives-opposites_p1of1_learn.png,Pashto,,Adjectives & Opposites,30,adjectives-opposites,learn,1,1,8,honeydew,#D9F2D0,#2F6B19,no,,,,,"English vs Pashto — Adjectives & Opposites (part 1 of 1)
Big = Loy · Small = Kuchnai · Long = Užḍ
Learn Pashto and 20+ more at Speaksilq.com","Pastel vocabulary card titled ""English vs Pashto"", subtitle ""Adjectives & Opposites"", listing 8 English words with their Pashto romanisations.",#SpeakSilq #LearnPashto #Pashto #LanguageLearning #Vocabulary #AdjectivesOpposites,round1_all33_categories/adjectivesopposites_sample.jpg
06_pashto-sampler/pashto-sampler_31-work-professions_p1of1_learn.png,pashto-sampler_31-work-professions_p1of1_learn.png,Pashto,,Work & Professions,31,work-professions,learn,1,1,8,periwinkle,#D9DDF7,#1B287E,no,,,,,"English vs Pashto — Work & Professions (part 1 of 1)
Work / job = Kaar · Profession = Kasab · Employee = Karmand
Learn Pashto and 20+ more at Speaksilq.com","Pastel vocabulary card titled ""English vs Pashto"", subtitle ""Work & Professions"", listing 8 English words with their Pashto romanisations.",#SpeakSilq #LearnPashto #Pashto #LanguageLearning #Vocabulary #WorkProfessions,round1_all33_categories/workprofessions_sample.jpg
06_pashto-sampler/pashto-sampler_32-education-school_p1of1_learn.png,pashto-sampler_32-education-school_p1of1_learn.png,Pashto,,Education & School,32,education-school,learn,1,1,8,peach,#FFE3C9,#994A00,no,,,,,"English vs Pashto — Education & School (part 1 of 1)
Education = Zdə kṛa · Book = Kitaab · Notebook = Kitaabcha
Learn Pashto and 20+ more at Speaksilq.com","Pastel vocabulary card titled ""English vs Pashto"", subtitle ""Education & School"", listing 8 English words with their Pashto romanisations.",#SpeakSilq #LearnPashto #Pashto #LanguageLearning #Vocabulary #EducationSchool,round1_all33_categories/educationschool_sample.jpg
06_pashto-sampler/pashto-sampler_33-technology-communication_p1of1_learn.png,pashto-sampler_33-technology-communication_p1of1_learn.png,Pashto,,Technology & Communication,33,technology-communication,learn,1,1,8,sage,#DCE7D5,#356317,no,,,,,"English vs Pashto — Technology & Communication (part 1 of 1)
Phone = Telefun · Mobile phone = Mobaayl · Computer = Kampyuṭar
Learn Pashto and 20+ more at Speaksilq.com","Pastel vocabulary card titled ""English vs Pashto"", subtitle ""Technology & Communication"", listing 8 English words with their Pashto romanisations.",#SpeakSilq #LearnPashto #Pashto #LanguageLearning #Vocabulary #TechnologyCommunication,round1_all33_categories/technologycommunication_sample.jpg
06_pashto-sampler/pashto-sampler_34-sports-leisure_p1of1_learn.png,pashto-sampler_34-sports-leisure_p1of1_learn.png,Pashto,,Sports & Leisure,34,sports-leisure,learn,1,1,8,lavender,#E1D8F5,#3B1D7C,no,,,,,"English vs Pashto — Sports & Leisure (part 1 of 1)
Game / sport = Loba · Football = Fuṭbaal · Cricket = Krikeṭ
Learn Pashto and 20+ more at Speaksilq.com","Pastel vocabulary card titled ""English vs Pashto"", subtitle ""Sports & Leisure"", listing 8 English words with their Pashto romanisations.",#SpeakSilq #LearnPashto #Pashto #LanguageLearning #Vocabulary #SportsLeisure,round1_all33_categories/sportsleisure_sample.jpg
06_pashto-sampler/pashto-sampler_35-religion-culture_p1of1_learn.png,pashto-sampler_35-religion-culture_p1of1_learn.png,Pashto,,Religion & Culture,35,religion-culture,learn,1,1,8,champagne,#F7E7D0,#835616,no,,,,,"English vs Pashto — Religion & Culture (part 1 of 1)
Religion = Din · God = Khudaay · Prayer (salah) = Lmundz
Learn Pashto and 20+ more at Speaksilq.com","Pastel vocabulary card titled ""English vs Pashto"", subtitle ""Religion & Culture"", listing 8 English words with their Pashto romanisations.",#SpeakSilq #LearnPashto #Pashto #LanguageLearning #Vocabulary #ReligionCulture,round1_all33_categories/religionculture_sample.jpg
07_extras/farsi-extra_01-greetings-courtesy_p1of1_social.png,farsi-extra_01-greetings-courtesy_p1of1_social.png,Farsi,,Greetings & Politeness,01,greetings-courtesy,social,1,1,10,blush,#FFD9E1,#990020,no,,,,,"English vs Farsi — Greetings & Politeness (part 1 of 1)
Hello = salâm · Peace be upon you = salâmon alaykom · Good morning = sobh bekheyr
Learn Farsi and 20+ more at Speaksilq.com","Pastel vocabulary card titled ""English vs Farsi"", subtitle ""Greetings & Politeness"", listing 10 English words with their Farsi romanisations.",#SpeakSilq #LearnFarsi #Farsi #LanguageLearning #Vocabulary #GreetingsCourtesy,Farsi Graphics/001_greetings---politeness_1.png
07_extras/pashto-extra_01-greetings-courtesy_p1of1_social.png,pashto-extra_01-greetings-courtesy_p1of1_social.png,Pashto,,Greetings & Courtesy,01,greetings-courtesy,social,1,1,8,blush,#FFD9E1,#990020,no,,,,,"English vs Pashto — Greetings & Courtesy (part 1 of 1)
Peace be upon you (hello) = Assalam alaikum · And peace be upon you (reply) = Wa alaikum assalam · Hello / Hi = Salam
Learn Pashto and 20+ more at Speaksilq.com","Pastel vocabulary card titled ""English vs Pashto"", subtitle ""Greetings & Courtesy"", listing 8 English words with their Pashto romanisations.",#SpeakSilq #LearnPashto #Pashto #LanguageLearning #Vocabulary #GreetingsCourtesy,speaksilq_pashto_graphics_full141/01_greetingscourtesy/greetingscourtesy_01.jpg
