post_at_local,post_date,post_time,account,language,file_path,filename,category,theme,part,parts,palette,caption,alt_text,hashtags
2026-08-17 01:00,2026-08-17,01:00,speaksilq_bengali,Bengali,05_bengali/bengali_02-everyday-phrases_p9of11_social.png,bengali_02-everyday-phrases_p9of11_social.png,Everyday Phrases,social,9,11,blush,"English vs Bengali — Everyday Phrases (part 9 of 11)
Don't do that = eta korben na · It's my fault = eta amar dosh · It's not my fault = eta amar dosh noy
Learn Bengali and 20+ more at Speaksilq.com","Pastel vocabulary card titled ""English vs Bengali"", subtitle ""Everyday Phrases"", listing 12 English words with their Bengali romanisations.",#SpeakSilq #LearnBengali #Bengali #LanguageLearning #Vocabulary #EverydayPhrases
2026-08-17 01:00,2026-08-17,01:00,speaksilq_dari,Dari,03_dari/dari_03-question-words_p2of3_social.png,dari_03-question-words_p2of3_social.png,Question Words & Connectors,social,2,3,blush,"English vs Dari — Question Words & Connectors (part 2 of 3)
And = Wa · Or = Ya · But = Ama
Learn Dari and 20+ more at Speaksilq.com","Pastel vocabulary card titled ""English vs Dari"", subtitle ""Question Words & Connectors"", listing 10 English words with their Dari romanisations.",#SpeakSilq #LearnDari #Dari #LanguageLearning #Vocabulary #QuestionWords
2026-08-17 01:00,2026-08-17,01:00,speaksilq_farsi,Farsi,02_farsi/farsi_29-common-verbs_p7of10_learn.png,farsi_29-common-verbs_p7of10_learn.png,Common Verbs,learn,7,10,blush,"English vs Farsi — Common Verbs (part 7 of 10)
to exit = khârej shodan · to live = zendegi kardan · to die = mordan
Learn Farsi and 20+ more at Speaksilq.com","Pastel vocabulary card titled ""English vs Farsi"", subtitle ""Common Verbs"", listing 11 English words with their Farsi romanisations.",#SpeakSilq #LearnFarsi #Farsi #LanguageLearning #Vocabulary #CommonVerbs
2026-08-17 01:00,2026-08-17,01:00,speaksilq_pashto,Pashto,01_pashto/pashto_11-emotions-feelings_p1of3_people.png,pashto_11-emotions-feelings_p1of3_people.png,Emotions & Feelings,people,1,3,blush,"English vs Pashto — Emotions & Feelings (part 1 of 3)
Happiness = Khushaali · Sadness = Khapagaan · Love = Meena
Learn Pashto and 20+ more at Speaksilq.com","Pastel vocabulary card titled ""English vs Pashto"", subtitle ""Emotions & Feelings"", listing 10 English words with their Pashto romanisations.",#SpeakSilq #LearnPashto #Pashto #LanguageLearning #Vocabulary #EmotionsFeelings
2026-08-17 01:00,2026-08-17,01:00,speaksilq_urdu,Urdu,04_urdu/urdu_15-fruits-vegetables_p2of2_food.png,urdu_15-fruits-vegetables_p2of2_food.png,Fruits & Vegetables,food,2,2,blush,"English vs Urdu — Fruits & Vegetables (part 2 of 2)
Potato = Aloo · Onion = Pyaz · Tomato = Tamatar
Learn Urdu and 20+ more at Speaksilq.com","Pastel vocabulary card titled ""English vs Urdu"", subtitle ""Fruits & Vegetables"", listing 15 English words with their Urdu romanisations.",#SpeakSilq #LearnUrdu #Urdu #LanguageLearning #Vocabulary #FruitsVegetables
2026-08-17 13:00,2026-08-17,13:00,speaksilq_bengali,Bengali,05_bengali/bengali_32-education-school_p3of3_learn.png,bengali_32-education-school_p3of3_learn.png,Education & School,learn,3,3,lemon-ice,"English vs Bengali — Education & School (part 3 of 3)
Bengali (language) = Bangla · English (language) = Ingreji · Grammar = bêakoron
Learn Bengali and 20+ more at Speaksilq.com","Pastel vocabulary card titled ""English vs Bengali"", subtitle ""Education & School"", listing 13 English words with their Bengali romanisations.",#SpeakSilq #LearnBengali #Bengali #LanguageLearning #Vocabulary #EducationSchool
2026-08-17 13:00,2026-08-17,13:00,speaksilq_dari,Dari,03_dari/dari_34-sports-leisure_p1of2_learn.png,dari_34-sports-leisure_p1of2_learn.png,Sports & Leisure,learn,1,2,lemon-ice,"English vs Dari — Sports & Leisure (part 1 of 2)
Game / sport = Bazi · Football = Futbal · Cricket = Kriket
Learn Dari and 20+ more at Speaksilq.com","Pastel vocabulary card titled ""English vs Dari"", subtitle ""Sports & Leisure"", listing 10 English words with their Dari romanisations.",#SpeakSilq #LearnDari #Dari #LanguageLearning #Vocabulary #SportsLeisure
2026-08-17 13:00,2026-08-17,13:00,speaksilq_farsi,Farsi,02_farsi/farsi_14-food-drink_p8of8_food.png,farsi_14-food-drink_p8of8_food.png,Food & Drink,food,8,8,lemon-ice,"English vs Farsi — Food & Drink (part 8 of 8)
Waiter = gârson · Delicious = khoshmaze · Spicy = tond
Learn Farsi and 20+ more at Speaksilq.com","Pastel vocabulary card titled ""English vs Farsi"", subtitle ""Food & Drink"", listing 10 English words with their Farsi romanisations.",#SpeakSilq #LearnFarsi #Farsi #LanguageLearning #Vocabulary #FoodDrink
2026-08-17 13:00,2026-08-17,13:00,speaksilq_pashto,Pashto,01_pashto/pashto_14-food-drink_p1of4_food.png,pashto_14-food-drink_p1of4_food.png,Food & Drink,food,1,4,lemon-ice,"English vs Pashto — Food & Drink (part 1 of 4)
Food = Khwara · Bread / meal = Dodai · Water = Oba
Learn Pashto and 20+ more at Speaksilq.com","Pastel vocabulary card titled ""English vs Pashto"", subtitle ""Food & Drink"", listing 10 English words with their Pashto romanisations.",#SpeakSilq #LearnPashto #Pashto #LanguageLearning #Vocabulary #FoodDrink
2026-08-17 13:00,2026-08-17,13:00,speaksilq_urdu,Urdu,04_urdu/urdu_10-family-relationships_p3of3_people.png,urdu_10-family-relationships_p3of3_people.png,Family & Relationships,people,3,3,lemon-ice,"English vs Urdu — Family & Relationships (part 3 of 3)
Granddaughter = Poti · Father-in-law = Susar · Mother-in-law = Saas
Learn Urdu and 20+ more at Speaksilq.com","Pastel vocabulary card titled ""English vs Urdu"", subtitle ""Family & Relationships"", listing 11 English words with their Urdu romanisations.",#SpeakSilq #LearnUrdu #Urdu #LanguageLearning #Vocabulary #FamilyRelationships
2026-08-18 01:00,2026-08-18,01:00,speaksilq_bengali,Bengali,05_bengali/bengali_14-food-drink_p5of6_food.png,bengali_14-food-drink_p5of6_food.png,Food & Drink,food,5,6,sky,"English vs Bengali — Food & Drink (part 5 of 6)
Tea = cha · Coffee = kofi · Juice = rosh
Learn Bengali and 20+ more at Speaksilq.com","Pastel vocabulary card titled ""English vs Bengali"", subtitle ""Food & Drink"", listing 13 English words with their Bengali romanisations.",#SpeakSilq #LearnBengali #Bengali #LanguageLearning #Vocabulary #FoodDrink
2026-08-18 01:00,2026-08-18,01:00,speaksilq_dari,Dari,03_dari/dari_11-emotions-feelings_p1of3_people.png,dari_11-emotions-feelings_p1of3_people.png,Emotions & Feelings,people,1,3,sky,"English vs Dari — Emotions & Feelings (part 1 of 3)
Happiness = Khushi · Sadness = Ghamgini · Love = Muhabbat
Learn Dari and 20+ more at Speaksilq.com","Pastel vocabulary card titled ""English vs Dari"", subtitle ""Emotions & Feelings"", listing 10 English words with their Dari romanisations.",#SpeakSilq #LearnDari #Dari #LanguageLearning #Vocabulary #EmotionsFeelings
2026-08-18 01:00,2026-08-18,01:00,speaksilq_farsi,Farsi,02_farsi/farsi_02-everyday-phrases_p1of7_social.png,farsi_02-everyday-phrases_p1of7_social.png,Everyday Phrases,social,1,7,sky,"English vs Farsi — Everyday Phrases (part 1 of 7)
What is your name? = esm-e shomâ chist? · My name is ... = esm-e man ... ast · Where are you from? = ahl-e kojâ hastid?
Learn Farsi and 20+ more at Speaksilq.com","Pastel vocabulary card titled ""English vs Farsi"", subtitle ""Everyday Phrases"", listing 12 English words with their Farsi romanisations.",#SpeakSilq #LearnFarsi #Farsi #LanguageLearning #Vocabulary #EverydayPhrases
2026-08-18 01:00,2026-08-18,01:00,speaksilq_pashto,Pashto,01_pashto/pashto_22-travel-transport_p3of3_travel.png,pashto_22-travel-transport_p3of3_travel.png,Travel & Transport,travel,3,3,sky,"English vs Pashto — Travel & Transport (part 3 of 3)
Traffic = Terafik · Delay = Dzand · Arrival = Raatag
Learn Pashto and 20+ more at Speaksilq.com","Pastel vocabulary card titled ""English vs Pashto"", subtitle ""Travel & Transport"", listing 11 English words with their Pashto romanisations.",#SpeakSilq #LearnPashto #Pashto #LanguageLearning #Vocabulary #TravelTransport
2026-08-18 01:00,2026-08-18,01:00,speaksilq_urdu,Urdu,04_urdu/urdu_03-question-words_p2of2_social.png,urdu_03-question-words_p2of2_social.png,Question Words & Connectors,social,2,2,sky,"English vs Urdu — Question Words & Connectors (part 2 of 2)
Then / again = Phir · Also / too = Bhi · Only = Sirf
Learn Urdu and 20+ more at Speaksilq.com","Pastel vocabulary card titled ""English vs Urdu"", subtitle ""Question Words & Connectors"", listing 15 English words with their Urdu romanisations.",#SpeakSilq #LearnUrdu #Urdu #LanguageLearning #Vocabulary #QuestionWords
2026-08-18 13:00,2026-08-18,13:00,speaksilq_bengali,Bengali,05_bengali/bengali_21-colours_p2of2_home.png,bengali_21-colours_p2of2_home.png,Colours & Shapes,home,2,2,rose-quartz,"English vs Bengali — Colours & Shapes (part 2 of 2)
Silver = rupali · Light (shade) = halka · Dark (shade) = gaaro
Learn Bengali and 20+ more at Speaksilq.com","Pastel vocabulary card titled ""English vs Bengali"", subtitle ""Colours & Shapes"", listing 13 English words with their Bengali romanisations.",#SpeakSilq #LearnBengali #Bengali #LanguageLearning #Vocabulary #Colours
2026-08-18 13:00,2026-08-18,13:00,speaksilq_dari,Dari,03_dari/dari_14-food-drink_p1of4_food.png,dari_14-food-drink_p1of4_food.png,Food & Drink,food,1,4,rose-quartz,"English vs Dari — Food & Drink (part 1 of 4)
Food = Ghiza · Bread = Nan · Water = Ab
Learn Dari and 20+ more at Speaksilq.com","Pastel vocabulary card titled ""English vs Dari"", subtitle ""Food & Drink"", listing 10 English words with their Dari romanisations.",#SpeakSilq #LearnDari #Dari #LanguageLearning #Vocabulary #FoodDrink
2026-08-18 13:00,2026-08-18,13:00,speaksilq_farsi,Farsi,02_farsi/farsi_18-home-household_p3of5_home.png,farsi_18-home-household_p3of5_home.png,Home & Household,home,3,5,rose-quartz,"English vs Farsi — Home & Household (part 3 of 5)
Table = miz · Chair = sandali · Sofa = mobl
Learn Farsi and 20+ more at Speaksilq.com","Pastel vocabulary card titled ""English vs Farsi"", subtitle ""Home & Household"", listing 10 English words with their Farsi romanisations.",#SpeakSilq #LearnFarsi #Farsi #LanguageLearning #Vocabulary #HomeHousehold
2026-08-18 13:00,2026-08-18,13:00,speaksilq_pashto,Pashto,01_pashto/pashto_34-sports-leisure_p1of2_learn.png,pashto_34-sports-leisure_p1of2_learn.png,Sports & Leisure,learn,1,2,rose-quartz,"English vs Pashto — Sports & Leisure (part 1 of 2)
Game / sport = Loba · Football = Futbaal · Cricket = Kriket
Learn Pashto and 20+ more at Speaksilq.com","Pastel vocabulary card titled ""English vs Pashto"", subtitle ""Sports & Leisure"", listing 10 English words with their Pashto romanisations.",#SpeakSilq #LearnPashto #Pashto #LanguageLearning #Vocabulary #SportsLeisure
2026-08-18 13:00,2026-08-18,13:00,speaksilq_urdu,Urdu,04_urdu/urdu_31-work-professions_p2of2_learn.png,urdu_31-work-professions_p2of2_learn.png,Work & Professions,learn,2,2,rose-quartz,"English vs Urdu — Work & Professions (part 2 of 2)
Barber = Naai · Carpenter = Barhai · Blacksmith = Lohaar
Learn Urdu and 20+ more at Speaksilq.com","Pastel vocabulary card titled ""English vs Urdu"", subtitle ""Work & Professions"", listing 12 English words with their Urdu romanisations.",#SpeakSilq #LearnUrdu #Urdu #LanguageLearning #Vocabulary #WorkProfessions
2026-08-19 01:00,2026-08-19,01:00,speaksilq_bengali,Bengali,05_bengali/bengali_07-time-frequency_p6of6_time.png,bengali_07-time-frequency_p6of6_time.png,Time & Calendar,time,6,6,pistachio,"English vs Bengali — Time & Calendar (part 6 of 6)
Kartik (7th Bengali month) = Kartik · Ogrohayon (8th Bengali month) = Ogrohayon · Poush (9th Bengali month) = Poush
Learn Bengali and 20+ more at Speaksilq.com","Pastel vocabulary card titled ""English vs Bengali"", subtitle ""Time & Calendar"", listing 12 English words with their Bengali romanisations.",#SpeakSilq #LearnBengali #Bengali #LanguageLearning #Vocabulary #TimeFrequency
2026-08-19 01:00,2026-08-19,01:00,speaksilq_dari,Dari,03_dari/dari_22-travel-transport_p3of3_travel.png,dari_22-travel-transport_p3of3_travel.png,Travel & Transport,travel,3,3,pistachio,"English vs Dari — Travel & Transport (part 3 of 3)
Traffic = Terafik · Delay = Ta'khir · Arrival = Wurud
Learn Dari and 20+ more at Speaksilq.com","Pastel vocabulary card titled ""English vs Dari"", subtitle ""Travel & Transport"", listing 11 English words with their Dari romanisations.",#SpeakSilq #LearnDari #Dari #LanguageLearning #Vocabulary #TravelTransport
2026-08-19 01:00,2026-08-19,01:00,speaksilq_farsi,Farsi,02_farsi/farsi_31-work-professions_p4of4_learn.png,farsi_31-work-professions_p4of4_learn.png,Work & Professions,learn,4,4,pistachio,"English vs Farsi — Work & Professions (part 4 of 4)
Musician = navâzande · Singer = khânande · Actor = bâzigar
Learn Farsi and 20+ more at Speaksilq.com","Pastel vocabulary card titled ""English vs Farsi"", subtitle ""Work & Professions"", listing 11 English words with their Farsi romanisations.",#SpeakSilq #LearnFarsi #Farsi #LanguageLearning #Vocabulary #WorkProfessions
2026-08-19 01:00,2026-08-19,01:00,speaksilq_pashto,Pashto,01_pashto/pashto_03-question-words_p2of3_social.png,pashto_03-question-words_p2of3_social.png,Question Words & Connectors,social,2,3,pistachio,"English vs Pashto — Question Words & Connectors (part 2 of 3)
And = Aw · Or = Yaa · But = Kho
Learn Pashto and 20+ more at Speaksilq.com","Pastel vocabulary card titled ""English vs Pashto"", subtitle ""Question Words & Connectors"", listing 10 English words with their Pashto romanisations.",#SpeakSilq #LearnPashto #Pashto #LanguageLearning #Vocabulary #QuestionWords
2026-08-19 01:00,2026-08-19,01:00,speaksilq_urdu,Urdu,04_urdu/urdu_09-daily-routine_p3of3_time.png,urdu_09-daily-routine_p3of3_time.png,Daily Routine & Habits,time,3,3,pistachio,"English vs Urdu — Daily Routine & Habits (part 3 of 3)
Every morning = Har subah · Usually = Aam taur par · First of all = Sab se pehle
Learn Urdu and 20+ more at Speaksilq.com","Pastel vocabulary card titled ""English vs Urdu"", subtitle ""Daily Routine & Habits"", listing 11 English words with their Urdu romanisations.",#SpeakSilq #LearnUrdu #Urdu #LanguageLearning #Vocabulary #DailyRoutine
2026-08-19 13:00,2026-08-19,13:00,speaksilq_bengali,Bengali,05_bengali/bengali_31-work-professions_p4of4_learn.png,bengali_31-work-professions_p4of4_learn.png,Work & Occupations,learn,4,4,powder-blue,"English vs Bengali — Work & Occupations (part 4 of 4)
Writer = lekhok · Poet = kobi · Singer = shilpi
Learn Bengali and 20+ more at Speaksilq.com","Pastel vocabulary card titled ""English vs Bengali"", subtitle ""Work & Occupations"", listing 10 English words with their Bengali romanisations.",#SpeakSilq #LearnBengali #Bengali #LanguageLearning #Vocabulary #WorkProfessions
2026-08-19 13:00,2026-08-19,13:00,speaksilq_dari,Dari,03_dari/dari_29-common-verbs_p5of5_learn.png,dari_29-common-verbs_p5of5_learn.png,Common Verbs,learn,5,5,powder-blue,"English vs Dari — Common Verbs (part 5 of 5)
To like = Pasand kardan · To bring = Awurdan · To send = Rawan kardan
Learn Dari and 20+ more at Speaksilq.com","Pastel vocabulary card titled ""English vs Dari"", subtitle ""Common Verbs"", listing 11 English words with their Dari romanisations.",#SpeakSilq #LearnDari #Dari #LanguageLearning #Vocabulary #CommonVerbs
2026-08-19 13:00,2026-08-19,13:00,speaksilq_farsi,Farsi,02_farsi/farsi_26-nature-weather_p1of5_world.png,farsi_26-nature-weather_p1of5_world.png,Nature & Weather,world,1,5,powder-blue,"English vs Farsi — Nature & Weather (part 1 of 5)
Nature = tabi'at · Sky = âsemân · Sun = khorshid
Learn Farsi and 20+ more at Speaksilq.com","Pastel vocabulary card titled ""English vs Farsi"", subtitle ""Nature & Weather"", listing 11 English words with their Farsi romanisations.",#SpeakSilq #LearnFarsi #Farsi #LanguageLearning #Vocabulary #NatureWeather
2026-08-19 13:00,2026-08-19,13:00,speaksilq_pashto,Pashto,01_pashto/pashto_20-shopping-money_p1of3_home.png,pashto_20-shopping-money_p1of3_home.png,Shopping & Money,home,1,3,powder-blue,"English vs Pashto — Shopping & Money (part 1 of 3)
Shop = Dukaan · Shopkeeper = Dukaandaar · Market = Baazaar
Learn Pashto and 20+ more at Speaksilq.com","Pastel vocabulary card titled ""English vs Pashto"", subtitle ""Shopping & Money"", listing 10 English words with their Pashto romanisations.",#SpeakSilq #LearnPashto #Pashto #LanguageLearning #Vocabulary #ShoppingMoney
2026-08-19 13:00,2026-08-19,13:00,speaksilq_urdu,Urdu,04_urdu/urdu_25-hotel-accommodation_p1of2_travel.png,urdu_25-hotel-accommodation_p1of2_travel.png,Hotel & Accommodation,travel,1,2,powder-blue,"English vs Urdu — Hotel & Accommodation (part 1 of 2)
Hotel = Hotel · Reception = Istaqbaliya · Booking = Booking
Learn Urdu and 20+ more at Speaksilq.com","Pastel vocabulary card titled ""English vs Urdu"", subtitle ""Hotel & Accommodation"", listing 13 English words with their Urdu romanisations.",#SpeakSilq #LearnUrdu #Urdu #LanguageLearning #Vocabulary #HotelAccommodation
2026-08-20 01:00,2026-08-20,01:00,speaksilq_bengali,Bengali,05_bengali/bengali_02-everyday-phrases_p8of11_social.png,bengali_02-everyday-phrases_p8of11_social.png,Everyday Phrases,social,8,11,coral-mist,"English vs Bengali — Everyday Phrases (part 8 of 11)
Thank God = Alhamdulillah · Help! = bãchao! · Danger! = bipod!
Learn Bengali and 20+ more at Speaksilq.com","Pastel vocabulary card titled ""English vs Bengali"", subtitle ""Everyday Phrases"", listing 12 English words with their Bengali romanisations.",#SpeakSilq #LearnBengali #Bengali #LanguageLearning #Vocabulary #EverydayPhrases
2026-08-20 01:00,2026-08-20,01:00,speaksilq_dari,Dari,03_dari/dari_10-family-relationships_p2of3_people.png,dari_10-family-relationships_p2of3_people.png,Family & Relationships,people,2,3,coral-mist,"English vs Dari — Family & Relationships (part 2 of 3)
Wife = Khanum · Grandfather = Bab-e kalan · Grandmother = Bibi
Learn Dari and 20+ more at Speaksilq.com","Pastel vocabulary card titled ""English vs Dari"", subtitle ""Family & Relationships"", listing 12 English words with their Dari romanisations.",#SpeakSilq #LearnDari #Dari #LanguageLearning #Vocabulary #FamilyRelationships
2026-08-20 01:00,2026-08-20,01:00,speaksilq_farsi,Farsi,02_farsi/farsi_04-people-pronouns_p1of3_social.png,farsi_04-people-pronouns_p1of3_social.png,Pronouns & Demonstratives,social,1,3,coral-mist,"English vs Farsi — Pronouns & Demonstratives (part 1 of 3)
I = man · You (singular) = to · He / She = u
Learn Farsi and 20+ more at Speaksilq.com","Pastel vocabulary card titled ""English vs Farsi"", subtitle ""Pronouns & Demonstratives"", listing 10 English words with their Farsi romanisations.",#SpeakSilq #LearnFarsi #Farsi #LanguageLearning #Vocabulary #PeoplePronouns
2026-08-20 01:00,2026-08-20,01:00,speaksilq_pashto,Pashto,01_pashto/pashto_10-family-relationships_p2of3_people.png,pashto_10-family-relationships_p2of3_people.png,Family & Relationships,people,2,3,coral-mist,"English vs Pashto — Family & Relationships (part 2 of 3)
Wife = Shaza · Grandfather = Nika · Grandmother = Anaa
Learn Pashto and 20+ more at Speaksilq.com","Pastel vocabulary card titled ""English vs Pashto"", subtitle ""Family & Relationships"", listing 12 English words with their Pashto romanisations.",#SpeakSilq #LearnPashto #Pashto #LanguageLearning #Vocabulary #FamilyRelationships
2026-08-20 01:00,2026-08-20,01:00,speaksilq_urdu,Urdu,04_urdu/urdu_26-nature-weather_p2of2_world.png,urdu_26-nature-weather_p2of2_world.png,Nature & Weather,world,2,2,coral-mist,"English vs Urdu — Nature & Weather (part 2 of 2)
Mountain = Pahaar · River = Darya · Sea = Samandar
Learn Urdu and 20+ more at Speaksilq.com","Pastel vocabulary card titled ""English vs Urdu"", subtitle ""Nature & Weather"", listing 15 English words with their Urdu romanisations.",#SpeakSilq #LearnUrdu #Urdu #LanguageLearning #Vocabulary #NatureWeather
2026-08-20 13:00,2026-08-20,13:00,speaksilq_bengali,Bengali,05_bengali/bengali_22-travel-transport_p4of4_travel.png,bengali_22-travel-transport_p4of4_travel.png,Travel & Transport,travel,4,4,honeydew,"English vs Bengali — Travel & Transport (part 4 of 4)
Please stop here = ekhane thamun · I want to go to Dhaka = ami Dhaka jete chai · When does the bus leave? = bash kokhon charbe?
Learn Bengali and 20+ more at Speaksilq.com","Pastel vocabulary card titled ""English vs Bengali"", subtitle ""Travel & Transport"", listing 12 English words with their Bengali romanisations.",#SpeakSilq #LearnBengali #Bengali #LanguageLearning #Vocabulary #TravelTransport
2026-08-20 13:00,2026-08-20,13:00,speaksilq_dari,Dari,03_dari/dari_20-shopping-money_p1of3_home.png,dari_20-shopping-money_p1of3_home.png,Shopping & Money,home,1,3,honeydew,"English vs Dari — Shopping & Money (part 1 of 3)
Shop = Dukan · Shopkeeper = Dukandar · Market = Bazar
Learn Dari and 20+ more at Speaksilq.com","Pastel vocabulary card titled ""English vs Dari"", subtitle ""Shopping & Money"", listing 10 English words with their Dari romanisations.",#SpeakSilq #LearnDari #Dari #LanguageLearning #Vocabulary #ShoppingMoney
2026-08-20 13:00,2026-08-20,13:00,speaksilq_farsi,Farsi,02_farsi/farsi_24-city-places_p4of4_travel.png,farsi_24-city-places_p4of4_travel.png,City & Places,travel,4,4,honeydew,"English vs Farsi — City & Places (part 4 of 4)
Farm = mazra'e · Building = sâkhtemân · Tower = borj
Learn Farsi and 20+ more at Speaksilq.com","Pastel vocabulary card titled ""English vs Farsi"", subtitle ""City & Places"", listing 11 English words with their Farsi romanisations.",#SpeakSilq #LearnFarsi #Farsi #LanguageLearning #Vocabulary #CityPlaces
2026-08-20 13:00,2026-08-20,13:00,speaksilq_pashto,Pashto,01_pashto/pashto_29-common-verbs_p5of5_learn.png,pashto_29-common-verbs_p5of5_learn.png,Common Verbs,learn,5,5,honeydew,"English vs Pashto — Common Verbs (part 5 of 5)
To like = Khwashedal · To bring = Raawral · To send = Lejal
Learn Pashto and 20+ more at Speaksilq.com","Pastel vocabulary card titled ""English vs Pashto"", subtitle ""Common Verbs"", listing 11 English words with their Pashto romanisations.",#SpeakSilq #LearnPashto #Pashto #LanguageLearning #Vocabulary #CommonVerbs
2026-08-20 13:00,2026-08-20,13:00,speaksilq_urdu,Urdu,04_urdu/urdu_18-home-household_p1of2_home.png,urdu_18-home-household_p1of2_home.png,Home & Household,home,1,2,honeydew,"English vs Urdu — Home & Household (part 1 of 2)
House = Ghar · Room = Kamra · Bedroom = Sone ka kamra
Learn Urdu and 20+ more at Speaksilq.com","Pastel vocabulary card titled ""English vs Urdu"", subtitle ""Home & Household"", listing 15 English words with their Urdu romanisations.",#SpeakSilq #LearnUrdu #Urdu #LanguageLearning #Vocabulary #HomeHousehold
2026-08-21 01:00,2026-08-21,01:00,speaksilq_bengali,Bengali,05_bengali/bengali_10-family-relationships_p4of5_people.png,bengali_10-family-relationships_p4of5_people.png,Family & People,people,4,5,periwinkle,"English vs Bengali — Family & People (part 4 of 5)
Daughter-in-law = putrobodhu · Relative = attiyo · Friend = bondhu
Learn Bengali and 20+ more at Speaksilq.com","Pastel vocabulary card titled ""English vs Bengali"", subtitle ""Family & People"", listing 10 English words with their Bengali romanisations.",#SpeakSilq #LearnBengali #Bengali #LanguageLearning #Vocabulary #FamilyRelationships
2026-08-21 01:00,2026-08-21,01:00,speaksilq_dari,Dari,03_dari/dari_01-greetings-courtesy_p1of3_social.png,dari_01-greetings-courtesy_p1of3_social.png,Greetings & Courtesy,social,1,3,periwinkle,"English vs Dari — Greetings & Courtesy (part 1 of 3)
Peace be upon you (hello) = Assalam alaikum · And peace be upon you (reply) = Wa alaikum assalam · Hello / Hi = Salam
Learn Dari and 20+ more at Speaksilq.com","Pastel vocabulary card titled ""English vs Dari"", subtitle ""Greetings & Courtesy"", listing 12 English words with their Dari romanisations.",#SpeakSilq #LearnDari #Dari #LanguageLearning #Vocabulary #GreetingsCourtesy
2026-08-21 01:00,2026-08-21,01:00,speaksilq_farsi,Farsi,02_farsi/farsi_30-adjectives-opposites_p3of8_learn.png,farsi_30-adjectives-opposites_p3of8_learn.png,Adjectives & Descriptions,learn,3,8,periwinkle,"English vs Farsi — Adjectives & Descriptions (part 3 of 8)
Slow = kond · Strong = qavi · Weak = za'if
Learn Farsi and 20+ more at Speaksilq.com","Pastel vocabulary card titled ""English vs Farsi"", subtitle ""Adjectives & Descriptions"", listing 12 English words with their Farsi romanisations.",#SpeakSilq #LearnFarsi #Farsi #LanguageLearning #Vocabulary #AdjectivesOpposites
2026-08-21 01:00,2026-08-21,01:00,speaksilq_pashto,Pashto,01_pashto/pashto_01-greetings-courtesy_p1of3_social.png,pashto_01-greetings-courtesy_p1of3_social.png,Greetings & Courtesy,social,1,3,periwinkle,"English vs Pashto — Greetings & Courtesy (part 1 of 3)
Peace be upon you (hello) = Assalam alaikum · And peace be upon you (reply) = Wa alaikum assalam · Hello / Hi = Salam
Learn Pashto and 20+ more at Speaksilq.com","Pastel vocabulary card titled ""English vs Pashto"", subtitle ""Greetings & Courtesy"", listing 12 English words with their Pashto romanisations.",#SpeakSilq #LearnPashto #Pashto #LanguageLearning #Vocabulary #GreetingsCourtesy
2026-08-21 01:00,2026-08-21,01:00,speaksilq_urdu,Urdu,04_urdu/urdu_34-sports-leisure_p2of2_learn.png,urdu_34-sports-leisure_p2of2_learn.png,Sports & Leisure,learn,2,2,periwinkle,"English vs Urdu — Sports & Leisure (part 2 of 2)
Swimming = Tairaki · Running = Daur · Music = Mausiqi
Learn Urdu and 20+ more at Speaksilq.com","Pastel vocabulary card titled ""English vs Urdu"", subtitle ""Sports & Leisure"", listing 10 English words with their Urdu romanisations.",#SpeakSilq #LearnUrdu #Urdu #LanguageLearning #Vocabulary #SportsLeisure
2026-08-21 13:00,2026-08-21,13:00,speaksilq_bengali,Bengali,05_bengali/bengali_29-common-verbs_p6of7_learn.png,bengali_29-common-verbs_p6of7_learn.png,Common Verbs,learn,6,7,peach,"English vs Bengali — Common Verbs (part 6 of 7)
To build / make = toiri kora · To wear = pora · To drive = gari chalano
Learn Bengali and 20+ more at Speaksilq.com","Pastel vocabulary card titled ""English vs Bengali"", subtitle ""Common Verbs"", listing 13 English words with their Bengali romanisations.",#SpeakSilq #LearnBengali #Bengali #LanguageLearning #Vocabulary #CommonVerbs
2026-08-21 13:00,2026-08-21,13:00,speaksilq_dari,Dari,03_dari/dari_30-adjectives-opposites_p3of4_learn.png,dari_30-adjectives-opposites_p3of4_learn.png,Adjectives & Opposites,learn,3,4,peach,"English vs Dari — Adjectives & Opposites (part 3 of 4)
Light (in weight) = Sabuk · Strong = qawi · Weak = Kamzor
Learn Dari and 20+ more at Speaksilq.com","Pastel vocabulary card titled ""English vs Dari"", subtitle ""Adjectives & Opposites"", listing 11 English words with their Dari romanisations.",#SpeakSilq #LearnDari #Dari #LanguageLearning #Vocabulary #AdjectivesOpposites
2026-08-21 13:00,2026-08-21,13:00,speaksilq_farsi,Farsi,02_farsi/farsi_11-emotions-feelings_p3of4_people.png,farsi_11-emotions-feelings_p3of4_people.png,Emotions & Feelings,people,3,4,peach,"English vs Farsi — Emotions & Feelings (part 3 of 4)
Joy = shâdi · Sorrow = gham · Laughter = khande
Learn Farsi and 20+ more at Speaksilq.com","Pastel vocabulary card titled ""English vs Farsi"", subtitle ""Emotions & Feelings"", listing 11 English words with their Farsi romanisations.",#SpeakSilq #LearnFarsi #Farsi #LanguageLearning #Vocabulary #EmotionsFeelings
2026-08-21 13:00,2026-08-21,13:00,speaksilq_pashto,Pashto,01_pashto/pashto_09-daily-routine_p1of3_time.png,pashto_09-daily-routine_p1of3_time.png,Daily Routine & Habits,time,1,3,peach,"English vs Pashto — Daily Routine & Habits (part 1 of 3)
Daily routine = Wradzani kaaruna · To get up = Paatsedal · To wash the face = Mukh winzal
Learn Pashto and 20+ more at Speaksilq.com","Pastel vocabulary card titled ""English vs Pashto"", subtitle ""Daily Routine & Habits"", listing 12 English words with their Pashto romanisations.",#SpeakSilq #LearnPashto #Pashto #LanguageLearning #Vocabulary #DailyRoutine
2026-08-21 13:00,2026-08-21,13:00,speaksilq_urdu,Urdu,04_urdu/urdu_12-body-parts_p2of2_people.png,urdu_12-body-parts_p2of2_people.png,Body Parts,people,2,2,peach,"English vs Urdu — Body Parts (part 2 of 2)
Finger = Ungli · Nail = Nakhun · Chest = Seena
Learn Urdu and 20+ more at Speaksilq.com","Pastel vocabulary card titled ""English vs Urdu"", subtitle ""Body Parts"", listing 15 English words with their Urdu romanisations.",#SpeakSilq #LearnUrdu #Urdu #LanguageLearning #Vocabulary #BodyParts
2026-08-22 01:00,2026-08-22,01:00,speaksilq_bengali,Bengali,05_bengali/bengali_03-question-words_p1of4_social.png,bengali_03-question-words_p1of4_social.png,Pronouns & Questions,social,1,4,sage,"English vs Bengali — Pronouns & Questions (part 1 of 4)
I = ami · We = amra · You (formal) = apni
Learn Bengali and 20+ more at Speaksilq.com","Pastel vocabulary card titled ""English vs Bengali"", subtitle ""Pronouns & Questions"", listing 11 English words with their Bengali romanisations.",#SpeakSilq #LearnBengali #Bengali #LanguageLearning #Vocabulary #QuestionWords
2026-08-22 01:00,2026-08-22,01:00,speaksilq_dari,Dari,03_dari/dari_26-nature-weather_p3of3_world.png,dari_26-nature-weather_p3of3_world.png,Nature & Weather,world,3,3,sage,"English vs Dari — Nature & Weather (part 3 of 3)
Forest = Jangal · Tree = Derakht · Flower = Gul
Learn Dari and 20+ more at Speaksilq.com","Pastel vocabulary card titled ""English vs Dari"", subtitle ""Nature & Weather"", listing 10 English words with their Dari romanisations.",#SpeakSilq #LearnDari #Dari #LanguageLearning #Vocabulary #NatureWeather
2026-08-22 01:00,2026-08-22,01:00,speaksilq_farsi,Farsi,02_farsi/farsi_01-greetings-courtesy_p1of5_social.png,farsi_01-greetings-courtesy_p1of5_social.png,Greetings & Politeness,social,1,5,sage,"English vs Farsi — Greetings & Politeness (part 1 of 5)
Hello = salâm · Peace be upon you = salâmon alaykom · Good morning = sobh bekheyr
Learn Farsi and 20+ more at Speaksilq.com","Pastel vocabulary card titled ""English vs Farsi"", subtitle ""Greetings & Politeness"", listing 11 English words with their Farsi romanisations.",#SpeakSilq #LearnFarsi #Farsi #LanguageLearning #Vocabulary #GreetingsCourtesy
2026-08-22 01:00,2026-08-22,01:00,speaksilq_pashto,Pashto,01_pashto/pashto_21-colours_p1of2_home.png,pashto_21-colours_p1of2_home.png,Colours,home,1,2,sage,"English vs Pashto — Colours (part 1 of 2)
Colour = Rang · Red = Sur · Blue = Aasmaani
Learn Pashto and 20+ more at Speaksilq.com","Pastel vocabulary card titled ""English vs Pashto"", subtitle ""Colours"", listing 10 English words with their Pashto romanisations.",#SpeakSilq #LearnPashto #Pashto #LanguageLearning #Vocabulary #Colours
2026-08-22 01:00,2026-08-22,01:00,speaksilq_urdu,Urdu,04_urdu/urdu_27-animals-birds_p1of2_world.png,urdu_27-animals-birds_p1of2_world.png,Animals & Birds,world,1,2,sage,"English vs Urdu — Animals & Birds (part 1 of 2)
Animal = Jaanwar · Dog = Kutta · Cat = Billi
Learn Urdu and 20+ more at Speaksilq.com","Pastel vocabulary card titled ""English vs Urdu"", subtitle ""Animals & Birds"", listing 13 English words with their Urdu romanisations.",#SpeakSilq #LearnUrdu #Urdu #LanguageLearning #Vocabulary #AnimalsBirds
2026-08-22 13:00,2026-08-22,13:00,speaksilq_bengali,Bengali,05_bengali/bengali_06-numbers_p3of6_time.png,bengali_06-numbers_p3of6_time.png,Numbers & Counting,time,3,6,lavender,"English vs Bengali — Numbers & Counting (part 3 of 6)
Twenty-four = chobbish · Twenty-five = põchish · Twenty-six = chhabbish
Learn Bengali and 20+ more at Speaksilq.com","Pastel vocabulary card titled ""English vs Bengali"", subtitle ""Numbers & Counting"", listing 12 English words with their Bengali romanisations.",#SpeakSilq #LearnBengali #Bengali #LanguageLearning #Vocabulary #Numbers
2026-08-22 13:00,2026-08-22,13:00,speaksilq_dari,Dari,03_dari/dari_09-daily-routine_p1of3_time.png,dari_09-daily-routine_p1of3_time.png,Daily Routine & Habits,time,1,3,lavender,"English vs Dari — Daily Routine & Habits (part 1 of 3)
Daily routine = Karhaye rozmarra · To get up = kheystan · To wash the face = Roy shustan
Learn Dari and 20+ more at Speaksilq.com","Pastel vocabulary card titled ""English vs Dari"", subtitle ""Daily Routine & Habits"", listing 12 English words with their Dari romanisations.",#SpeakSilq #LearnDari #Dari #LanguageLearning #Vocabulary #DailyRoutine
2026-08-22 13:00,2026-08-22,13:00,speaksilq_farsi,Farsi,02_farsi/farsi_19-clothing-accessories_p1of3_home.png,farsi_19-clothing-accessories_p1of3_home.png,Clothing & Accessories,home,1,3,lavender,"English vs Farsi — Clothing & Accessories (part 1 of 3)
Clothes = lebâs · Shirt = pirâhan · T-shirt = tishert
Learn Farsi and 20+ more at Speaksilq.com","Pastel vocabulary card titled ""English vs Farsi"", subtitle ""Clothing & Accessories"", listing 10 English words with their Farsi romanisations.",#SpeakSilq #LearnFarsi #Farsi #LanguageLearning #Vocabulary #ClothingAccessories
2026-08-22 13:00,2026-08-22,13:00,speaksilq_pashto,Pashto,01_pashto/pashto_30-adjectives-opposites_p3of4_learn.png,pashto_30-adjectives-opposites_p3of4_learn.png,Adjectives & Opposites,learn,3,4,lavender,"English vs Pashto — Adjectives & Opposites (part 3 of 4)
Light (in weight) = Spak · Strong = Zorwar · Weak = Kamzorai
Learn Pashto and 20+ more at Speaksilq.com","Pastel vocabulary card titled ""English vs Pashto"", subtitle ""Adjectives & Opposites"", listing 11 English words with their Pashto romanisations.",#SpeakSilq #LearnPashto #Pashto #LanguageLearning #Vocabulary #AdjectivesOpposites
2026-08-22 13:00,2026-08-22,13:00,speaksilq_urdu,Urdu,04_urdu/urdu_17-restaurant-ordering_p2of2_food.png,urdu_17-restaurant-ordering_p2of2_food.png,Restaurant & Ordering,food,2,2,lavender,"English vs Urdu — Restaurant & Ordering (part 2 of 2)
Not too spicy, please = Zyada teekha na ho · Without meat = Gosht ke baghair · A glass of water, please = Ek glass paani dijiye
Learn Urdu and 20+ more at Speaksilq.com","Pastel vocabulary card titled ""English vs Urdu"", subtitle ""Restaurant & Ordering"", listing 15 English words with their Urdu romanisations.",#SpeakSilq #LearnUrdu #Urdu #LanguageLearning #Vocabulary #RestaurantOrdering
2026-08-23 01:00,2026-08-23,01:00,speaksilq_bengali,Bengali,05_bengali/bengali_12-body-parts_p3of5_people.png,bengali_12-body-parts_p3of5_people.png,Body & Health,people,3,5,champagne,"English vs Bengali — Body & Health (part 3 of 5)
Skin = chamra · Brain = mostishko · Health = shastho
Learn Bengali and 20+ more at Speaksilq.com","Pastel vocabulary card titled ""English vs Bengali"", subtitle ""Body & Health"", listing 13 English words with their Bengali romanisations.",#SpeakSilq #LearnBengali #Bengali #LanguageLearning #Vocabulary #BodyParts
2026-08-23 01:00,2026-08-23,01:00,speaksilq_dari,Dari,03_dari/dari_21-colours_p1of2_home.png,dari_21-colours_p1of2_home.png,Colours,home,1,2,champagne,"English vs Dari — Colours (part 1 of 2)
Colour = Rang · Red = Surkh · Blue = Abi
Learn Dari and 20+ more at Speaksilq.com","Pastel vocabulary card titled ""English vs Dari"", subtitle ""Colours"", listing 10 English words with their Dari romanisations.",#SpeakSilq #LearnDari #Dari #LanguageLearning #Vocabulary #Colours
2026-08-23 01:00,2026-08-23,01:00,speaksilq_farsi,Farsi,02_farsi/farsi_33-technology-communication_p3of3_learn.png,farsi_33-technology-communication_p3of3_learn.png,Technology & Media,learn,3,3,champagne,"English vs Farsi — Technology & Media (part 3 of 3)
Charger = shârzher · App = barnâme-ye kârbordi · Download = dânlud
Learn Farsi and 20+ more at Speaksilq.com","Pastel vocabulary card titled ""English vs Farsi"", subtitle ""Technology & Media"", listing 11 English words with their Farsi romanisations.",#SpeakSilq #LearnFarsi #Farsi #LanguageLearning #Vocabulary #TechnologyCommunication
2026-08-23 01:00,2026-08-23,01:00,speaksilq_pashto,Pashto,01_pashto/pashto_26-nature-weather_p3of3_world.png,pashto_26-nature-weather_p3of3_world.png,Nature & Weather,world,3,3,champagne,"English vs Pashto — Nature & Weather (part 3 of 3)
Forest = Dzangal · Tree = Wana · Flower = Gul
Learn Pashto and 20+ more at Speaksilq.com","Pastel vocabulary card titled ""English vs Pashto"", subtitle ""Nature & Weather"", listing 10 English words with their Pashto romanisations.",#SpeakSilq #LearnPashto #Pashto #LanguageLearning #Vocabulary #NatureWeather
2026-08-23 01:00,2026-08-23,01:00,speaksilq_urdu,Urdu,04_urdu/urdu_01-greetings-courtesy_p3of3_social.png,urdu_01-greetings-courtesy_p3of3_social.png,Greetings & Courtesy,social,3,3,champagne,"English vs Urdu — Greetings & Courtesy (part 3 of 3)
Happy birthday = Salgirah mubarak · Best wishes = Nek tamannayen · Nice to meet you = Aap se mil kar khushi hui
Learn Urdu and 20+ more at Speaksilq.com","Pastel vocabulary card titled ""English vs Urdu"", subtitle ""Greetings & Courtesy"", listing 11 English words with their Urdu romanisations.",#SpeakSilq #LearnUrdu #Urdu #LanguageLearning #Vocabulary #GreetingsCourtesy
2026-08-23 13:00,2026-08-23,13:00,speaksilq_bengali,Bengali,05_bengali/bengali_30-adjectives-opposites_p6of7_learn.png,bengali_30-adjectives-opposites_p6of7_learn.png,Adjectives & Opposites,learn,6,7,mint,"English vs Bengali — Adjectives & Opposites (part 6 of 7)
Same = eki · Different = alada · Sweet = misti
Learn Bengali and 20+ more at Speaksilq.com","Pastel vocabulary card titled ""English vs Bengali"", subtitle ""Adjectives & Opposites"", listing 11 English words with their Bengali romanisations.",#SpeakSilq #LearnBengali #Bengali #LanguageLearning #Vocabulary #AdjectivesOpposites
2026-08-23 13:00,2026-08-23,13:00,speaksilq_dari,Dari,03_dari/dari_17-restaurant-ordering_p2of3_food.png,dari_17-restaurant-ordering_p2of3_food.png,Restaurant & Ordering,food,2,3,mint,"English vs Dari — Restaurant & Ordering (part 2 of 3)
May I see the menu? = Menu ra dida metanum? · What do you recommend? = Shoma chi tawsiya mekunin? · I would like ... = Man ... mekhaham
Learn Dari and 20+ more at Speaksilq.com","Pastel vocabulary card titled ""English vs Dari"", subtitle ""Restaurant & Ordering"", listing 10 English words with their Dari romanisations.",#SpeakSilq #LearnDari #Dari #LanguageLearning #Vocabulary #RestaurantOrdering
2026-08-23 13:00,2026-08-23,13:00,speaksilq_farsi,Farsi,02_farsi/farsi_14-food-drink_p4of8_food.png,farsi_14-food-drink_p4of8_food.png,Food & Drink,food,4,8,mint,"English vs Farsi — Food & Drink (part 4 of 8)
Cherry = gilâs · Fig = anjir · Date (fruit) = khormâ
Learn Farsi and 20+ more at Speaksilq.com","Pastel vocabulary card titled ""English vs Farsi"", subtitle ""Food & Drink"", listing 10 English words with their Farsi romanisations.",#SpeakSilq #LearnFarsi #Farsi #LanguageLearning #Vocabulary #FoodDrink
2026-08-23 13:00,2026-08-23,13:00,speaksilq_pashto,Pashto,01_pashto/pashto_04-people-pronouns_p1of3_social.png,pashto_04-people-pronouns_p1of3_social.png,People & Pronouns,social,1,3,mint,"English vs Pashto — People & Pronouns (part 1 of 3)
I = Za · You (formal / plural) = Taaso · You (informal) = Ta
Learn Pashto and 20+ more at Speaksilq.com","Pastel vocabulary card titled ""English vs Pashto"", subtitle ""People & Pronouns"", listing 10 English words with their Pashto romanisations.",#SpeakSilq #LearnPashto #Pashto #LanguageLearning #Vocabulary #PeoplePronouns
2026-08-23 13:00,2026-08-23,13:00,speaksilq_urdu,Urdu,04_urdu/urdu_29-common-verbs_p2of4_learn.png,urdu_29-common-verbs_p2of4_learn.png,Common Verbs,learn,2,4,mint,"English vs Urdu — Common Verbs (part 2 of 4)
To learn = Seekhna · To teach = Sikhana · To understand = Samajhna
Learn Urdu and 20+ more at Speaksilq.com","Pastel vocabulary card titled ""English vs Urdu"", subtitle ""Common Verbs"", listing 14 English words with their Urdu romanisations.",#SpeakSilq #LearnUrdu #Urdu #LanguageLearning #Vocabulary #CommonVerbs
2026-08-24 01:00,2026-08-24,01:00,speaksilq_bengali,Bengali,05_bengali/bengali_27-animals-birds_p1of5_world.png,bengali_27-animals-birds_p1of5_world.png,Animals & Nature,world,1,5,lilac,"English vs Bengali — Animals & Nature (part 1 of 5)
Animal = prani · Dog = kukur · Cat = biral
Learn Bengali and 20+ more at Speaksilq.com","Pastel vocabulary card titled ""English vs Bengali"", subtitle ""Animals & Nature"", listing 12 English words with their Bengali romanisations.",#SpeakSilq #LearnBengali #Bengali #LanguageLearning #Vocabulary #AnimalsBirds
2026-08-24 01:00,2026-08-24,01:00,speaksilq_dari,Dari,03_dari/dari_34-sports-leisure_p2of2_learn.png,dari_34-sports-leisure_p2of2_learn.png,Sports & Leisure,learn,2,2,lilac,"English vs Dari — Sports & Leisure (part 2 of 2)
Victory = Piruzi · Defeat = Shikast · Swimming = Aabbazi
Learn Dari and 20+ more at Speaksilq.com","Pastel vocabulary card titled ""English vs Dari"", subtitle ""Sports & Leisure"", listing 10 English words with their Dari romanisations.",#SpeakSilq #LearnDari #Dari #LanguageLearning #Vocabulary #SportsLeisure
2026-08-24 01:00,2026-08-24,01:00,speaksilq_farsi,Farsi,02_farsi/farsi_02-everyday-phrases_p4of7_social.png,farsi_02-everyday-phrases_p4of7_social.png,Everyday Phrases,social,4,7,lilac,"English vs Farsi — Everyday Phrases (part 4 of 7)
Come here = biâ injâ · Please sit down = lotfan beneshinid · I agree = movâfeqam
Learn Farsi and 20+ more at Speaksilq.com","Pastel vocabulary card titled ""English vs Farsi"", subtitle ""Everyday Phrases"", listing 12 English words with their Farsi romanisations.",#SpeakSilq #LearnFarsi #Farsi #LanguageLearning #Vocabulary #EverydayPhrases
2026-08-24 01:00,2026-08-24,01:00,speaksilq_pashto,Pashto,01_pashto/pashto_34-sports-leisure_p2of2_learn.png,pashto_34-sports-leisure_p2of2_learn.png,Sports & Leisure,learn,2,2,lilac,"English vs Pashto — Sports & Leisure (part 2 of 2)
Victory = Bariyaalitob · Defeat = Maate · Swimming = Laambo wahal
Learn Pashto and 20+ more at Speaksilq.com","Pastel vocabulary card titled ""English vs Pashto"", subtitle ""Sports & Leisure"", listing 10 English words with their Pashto romanisations.",#SpeakSilq #LearnPashto #Pashto #LanguageLearning #Vocabulary #SportsLeisure
2026-08-24 01:00,2026-08-24,01:00,speaksilq_urdu,Urdu,04_urdu/urdu_20-shopping-money_p2of2_home.png,urdu_20-shopping-money_p2of2_home.png,Shopping & Money,home,2,2,lilac,"English vs Urdu — Shopping & Money (part 2 of 2)
Profit = Munafa · Loss = Nuqsan · Tax = Tax
Learn Urdu and 20+ more at Speaksilq.com","Pastel vocabulary card titled ""English vs Urdu"", subtitle ""Shopping & Money"", listing 15 English words with their Urdu romanisations.",#SpeakSilq #LearnUrdu #Urdu #LanguageLearning #Vocabulary #ShoppingMoney
2026-08-24 13:00,2026-08-24,13:00,speaksilq_bengali,Bengali,05_bengali/bengali_14-food-drink_p6of6_food.png,bengali_14-food-drink_p6of6_food.png,Food & Drink,food,6,6,sand,"English vs Bengali — Food & Drink (part 6 of 6)
Plate = plet · Glass = glash · Spoon = chamoch
Learn Bengali and 20+ more at Speaksilq.com","Pastel vocabulary card titled ""English vs Bengali"", subtitle ""Food & Drink"", listing 13 English words with their Bengali romanisations.",#SpeakSilq #LearnBengali #Bengali #LanguageLearning #Vocabulary #FoodDrink
2026-08-24 13:00,2026-08-24,13:00,speaksilq_dari,Dari,03_dari/dari_04-people-pronouns_p1of3_social.png,dari_04-people-pronouns_p1of3_social.png,People & Pronouns,social,1,3,sand,"English vs Dari — People & Pronouns (part 1 of 3)
I = Man · You (formal / plural) = Shoma · You (informal) = Tu
Learn Dari and 20+ more at Speaksilq.com","Pastel vocabulary card titled ""English vs Dari"", subtitle ""People & Pronouns"", listing 10 English words with their Dari romanisations.",#SpeakSilq #LearnDari #Dari #LanguageLearning #Vocabulary #PeoplePronouns
2026-08-24 13:00,2026-08-24,13:00,speaksilq_farsi,Farsi,02_farsi/farsi_29-common-verbs_p2of10_learn.png,farsi_29-common-verbs_p2of10_learn.png,Common Verbs,learn,2,10,sand,"English vs Farsi — Common Verbs (part 2 of 10)
to hear = shenidan · to listen = gush dâdan · to speak = sohbat kardan
Learn Farsi and 20+ more at Speaksilq.com","Pastel vocabulary card titled ""English vs Farsi"", subtitle ""Common Verbs"", listing 12 English words with their Farsi romanisations.",#SpeakSilq #LearnFarsi #Farsi #LanguageLearning #Vocabulary #CommonVerbs
2026-08-24 13:00,2026-08-24,13:00,speaksilq_pashto,Pashto,01_pashto/pashto_17-restaurant-ordering_p2of3_food.png,pashto_17-restaurant-ordering_p2of3_food.png,Restaurant & Ordering,food,2,3,sand,"English vs Pashto — Restaurant & Ordering (part 2 of 3)
May I see the menu? = Menu katalay sham? · What do you recommend? = Taaso tsa wraandiz kaway? · I would like ... = Za ... ghwaaram
Learn Pashto and 20+ more at Speaksilq.com","Pastel vocabulary card titled ""English vs Pashto"", subtitle ""Restaurant & Ordering"", listing 10 English words with their Pashto romanisations.",#SpeakSilq #LearnPashto #Pashto #LanguageLearning #Vocabulary #RestaurantOrdering
2026-08-24 13:00,2026-08-24,13:00,speaksilq_urdu,Urdu,04_urdu/urdu_22-travel-transport_p2of3_travel.png,urdu_22-travel-transport_p2of3_travel.png,Travel & Transport,travel,2,3,sand,"English vs Urdu — Travel & Transport (part 2 of 3)
Railway station = Station · Bus stop = Bus stop · Ticket = Ticket
Learn Urdu and 20+ more at Speaksilq.com","Pastel vocabulary card titled ""English vs Urdu"", subtitle ""Travel & Transport"", listing 12 English words with their Urdu romanisations.",#SpeakSilq #LearnUrdu #Urdu #LanguageLearning #Vocabulary #TravelTransport
2026-08-25 01:00,2026-08-25,01:00,speaksilq_bengali,Bengali,05_bengali/bengali_02-everyday-phrases_p3of11_social.png,bengali_02-everyday-phrases_p3of11_social.png,Everyday Phrases,social,3,11,seafoam,"English vs Bengali — Everyday Phrases (part 3 of 11)
May I ask something? = ekta kotha jiggesh korte pari? · Of course you may = obosshoi paren · I have a question = amar ekta proshno achhe
Learn Bengali and 20+ more at Speaksilq.com","Pastel vocabulary card titled ""English vs Bengali"", subtitle ""Everyday Phrases"", listing 12 English words with their Bengali romanisations.",#SpeakSilq #LearnBengali #Bengali #LanguageLearning #Vocabulary #EverydayPhrases
2026-08-25 01:00,2026-08-25,01:00,speaksilq_dari,Dari,03_dari/dari_07-time-frequency_p3of3_time.png,dari_07-time-frequency_p3of3_time.png,Time & Frequency,time,3,3,seafoam,"English vs Dari — Time & Frequency (part 3 of 3)
Month = Mah · Year = Sal · Century = Qarn
Learn Dari and 20+ more at Speaksilq.com","Pastel vocabulary card titled ""English vs Dari"", subtitle ""Time & Frequency"", listing 11 English words with their Dari romanisations.",#SpeakSilq #LearnDari #Dari #LanguageLearning #Vocabulary #TimeFrequency
2026-08-25 01:00,2026-08-25,01:00,speaksilq_farsi,Farsi,02_farsi/farsi_06-numbers_p4of5_time.png,farsi_06-numbers_p4of5_time.png,Numbers,time,4,5,seafoam,"English vs Farsi — Numbers (part 4 of 5)
Ten thousand = dah hezâr · One million = yek milyun · Billion = milyârd
Learn Farsi and 20+ more at Speaksilq.com","Pastel vocabulary card titled ""English vs Farsi"", subtitle ""Numbers"", listing 10 English words with their Farsi romanisations.",#SpeakSilq #LearnFarsi #Farsi #LanguageLearning #Vocabulary #Numbers
2026-08-25 01:00,2026-08-25,01:00,speaksilq_pashto,Pashto,01_pashto/pashto_13-health-medical_p1of3_people.png,pashto_13-health-medical_p1of3_people.png,Health & Medical,people,1,3,seafoam,"English vs Pashto — Health & Medical (part 1 of 3)
Health = Roghtiyaa · Doctor = Daaktar · Hospital = Roghtun
Learn Pashto and 20+ more at Speaksilq.com","Pastel vocabulary card titled ""English vs Pashto"", subtitle ""Health & Medical"", listing 10 English words with their Pashto romanisations.",#SpeakSilq #LearnPashto #Pashto #LanguageLearning #Vocabulary #HealthMedical
2026-08-25 01:00,2026-08-25,01:00,speaksilq_urdu,Urdu,04_urdu/urdu_13-health-medical_p2of2_people.png,urdu_13-health-medical_p2of2_people.png,Health & Medical,people,2,2,seafoam,"English vs Urdu — Health & Medical (part 2 of 2)
Wound = Zakhm · Blood pressure = Blood pressure · Diabetes = Zeyabetes
Learn Urdu and 20+ more at Speaksilq.com","Pastel vocabulary card titled ""English vs Urdu"", subtitle ""Health & Medical"", listing 15 English words with their Urdu romanisations.",#SpeakSilq #LearnUrdu #Urdu #LanguageLearning #Vocabulary #HealthMedical
2026-08-25 13:00,2026-08-25,13:00,speaksilq_bengali,Bengali,05_bengali/bengali_33-technology-communication_p1of3_learn.png,bengali_33-technology-communication_p1of3_learn.png,Technology & Communication,learn,1,3,orchid,"English vs Bengali — Technology & Communication (part 1 of 3)
Telephone = telifon · Mobile phone = mobail · Computer = kompiutar
Learn Bengali and 20+ more at Speaksilq.com","Pastel vocabulary card titled ""English vs Bengali"", subtitle ""Technology & Communication"", listing 10 English words with their Bengali romanisations.",#SpeakSilq #LearnBengali #Bengali #LanguageLearning #Vocabulary #TechnologyCommunication
2026-08-25 13:00,2026-08-25,13:00,speaksilq_dari,Dari,03_dari/dari_19-clothing-accessories_p2of2_home.png,dari_19-clothing-accessories_p2of2_home.png,Clothing & Accessories,home,2,2,orchid,"English vs Dari — Clothing & Accessories (part 2 of 2)
Turban = Lungi · Belt = Kamarband · Watch = Sa'at
Learn Dari and 20+ more at Speaksilq.com","Pastel vocabulary card titled ""English vs Dari"", subtitle ""Clothing & Accessories"", listing 12 English words with their Dari romanisations.",#SpeakSilq #LearnDari #Dari #LanguageLearning #Vocabulary #ClothingAccessories
2026-08-25 13:00,2026-08-25,13:00,speaksilq_farsi,Farsi,02_farsi/farsi_18-home-household_p5of5_home.png,farsi_18-home-household_p5of5_home.png,Home & Household,home,5,5,orchid,"English vs Farsi — Home & Household (part 5 of 5)
Fork = changâl · Knife = châqu · Pot = qâblame
Learn Farsi and 20+ more at Speaksilq.com","Pastel vocabulary card titled ""English vs Farsi"", subtitle ""Home & Household"", listing 10 English words with their Farsi romanisations.",#SpeakSilq #LearnFarsi #Farsi #LanguageLearning #Vocabulary #HomeHousehold
2026-08-25 13:00,2026-08-25,13:00,speaksilq_pashto,Pashto,01_pashto/pashto_02-everyday-phrases_p2of4_social.png,pashto_02-everyday-phrases_p2of4_social.png,Everyday Phrases,social,2,4,orchid,"English vs Pashto — Everyday Phrases (part 2 of 4)
Speak slowly, please = Wro khabare wukrey · What does this mean? = Daa tsa manaa lari? · How do you say this in Pashto? = Pa Pashto ke dey ta tsa waayi?
Learn Pashto and 20+ more at Speaksilq.com","Pastel vocabulary card titled ""English vs Pashto"", subtitle ""Everyday Phrases"", listing 10 English words with their Pashto romanisations.",#SpeakSilq #LearnPashto #Pashto #LanguageLearning #Vocabulary #EverydayPhrases
2026-08-25 13:00,2026-08-25,13:00,speaksilq_urdu,Urdu,04_urdu/urdu_04-people-pronouns_p2of2_social.png,urdu_04-people-pronouns_p2of2_social.png,People & Pronouns,social,2,2,orchid,"English vs Urdu — People & Pronouns (part 2 of 2)
Old man = Boorha · Old woman = Boorhi · Stranger = Ajnabi
Learn Urdu and 20+ more at Speaksilq.com","Pastel vocabulary card titled ""English vs Urdu"", subtitle ""People & Pronouns"", listing 15 English words with their Urdu romanisations.",#SpeakSilq #LearnUrdu #Urdu #LanguageLearning #Vocabulary #PeoplePronouns
2026-08-26 01:00,2026-08-26,01:00,speaksilq_bengali,Bengali,05_bengali/bengali_23-directions-places_p2of4_travel.png,bengali_23-directions-places_p2of4_travel.png,Places & Directions,travel,2,4,butter,"English vs Bengali — Places & Directions (part 2 of 4)
Mosque = moshjid · Temple = mondir · Church = girja
Learn Bengali and 20+ more at Speaksilq.com","Pastel vocabulary card titled ""English vs Bengali"", subtitle ""Places & Directions"", listing 13 English words with their Bengali romanisations.",#SpeakSilq #LearnBengali #Bengali #LanguageLearning #Vocabulary #DirectionsPlaces
2026-08-26 01:00,2026-08-26,01:00,speaksilq_dari,Dari,03_dari/dari_13-health-medical_p1of3_people.png,dari_13-health-medical_p1of3_people.png,Health & Medical,people,1,3,butter,"English vs Dari — Health & Medical (part 1 of 3)
Health = Sehat · Doctor = Daktar · Hospital = Shafakhana
Learn Dari and 20+ more at Speaksilq.com","Pastel vocabulary card titled ""English vs Dari"", subtitle ""Health & Medical"", listing 10 English words with their Dari romanisations.",#SpeakSilq #LearnDari #Dari #LanguageLearning #Vocabulary #HealthMedical
2026-08-26 01:00,2026-08-26,01:00,speaksilq_farsi,Farsi,02_farsi/farsi_34-sports-leisure_p2of3_learn.png,farsi_34-sports-leisure_p2of3_learn.png,Sports & Leisure,learn,2,3,butter,"English vs Farsi — Sports & Leisure (part 2 of 3)
Ball = tup · Goal (score) = gol · To win = bordan
Learn Farsi and 20+ more at Speaksilq.com","Pastel vocabulary card titled ""English vs Farsi"", subtitle ""Sports & Leisure"", listing 10 English words with their Farsi romanisations.",#SpeakSilq #LearnFarsi #Farsi #LanguageLearning #Vocabulary #SportsLeisure
2026-08-26 01:00,2026-08-26,01:00,speaksilq_pashto,Pashto,01_pashto/pashto_07-time-frequency_p3of3_time.png,pashto_07-time-frequency_p3of3_time.png,Time & Frequency,time,3,3,butter,"English vs Pashto — Time & Frequency (part 3 of 3)
Month = Miaasht · Year = Kaal · Century = Perai
Learn Pashto and 20+ more at Speaksilq.com","Pastel vocabulary card titled ""English vs Pashto"", subtitle ""Time & Frequency"", listing 11 English words with their Pashto romanisations.",#SpeakSilq #LearnPashto #Pashto #LanguageLearning #Vocabulary #TimeFrequency
2026-08-26 01:00,2026-08-26,01:00,speaksilq_urdu,Urdu,04_urdu/urdu_33-technology-communication_p1of2_learn.png,urdu_33-technology-communication_p1of2_learn.png,Technology & Communication,learn,1,2,butter,"English vs Urdu — Technology & Communication (part 1 of 2)
Phone = Phone · Mobile phone = Mobile · Computer = Computer
Learn Urdu and 20+ more at Speaksilq.com","Pastel vocabulary card titled ""English vs Urdu"", subtitle ""Technology & Communication"", listing 13 English words with their Urdu romanisations.",#SpeakSilq #LearnUrdu #Urdu #LanguageLearning #Vocabulary #TechnologyCommunication
2026-08-26 13:00,2026-08-26,13:00,speaksilq_bengali,Bengali,05_bengali/bengali_11-emotions-feelings_p2of3_people.png,bengali_11-emotions-feelings_p2of3_people.png,Emotions & Feelings,people,2,3,aqua-mist,"English vs Bengali — Emotions & Feelings (part 2 of 3)
Proud = gorbito · Jealous = hingshute · Lonely = eka
Learn Bengali and 20+ more at Speaksilq.com","Pastel vocabulary card titled ""English vs Bengali"", subtitle ""Emotions & Feelings"", listing 12 English words with their Bengali romanisations.",#SpeakSilq #LearnBengali #Bengali #LanguageLearning #Vocabulary #EmotionsFeelings
2026-08-26 13:00,2026-08-26,13:00,speaksilq_dari,Dari,03_dari/dari_02-everyday-phrases_p2of4_social.png,dari_02-everyday-phrases_p2of4_social.png,Everyday Phrases,social,2,4,aqua-mist,"English vs Dari — Everyday Phrases (part 2 of 4)
Speak slowly, please = Ahesta gap bizanin · What does this mean? = Ee chi ma'na dara? · How do you say this in Dari? = Ba Dari ee ra chi megoyan?
Learn Dari and 20+ more at Speaksilq.com","Pastel vocabulary card titled ""English vs Dari"", subtitle ""Everyday Phrases"", listing 10 English words with their Dari romanisations.",#SpeakSilq #LearnDari #Dari #LanguageLearning #Vocabulary #EverydayPhrases
2026-08-26 13:00,2026-08-26,13:00,speaksilq_farsi,Farsi,02_farsi/farsi_10-family-relationships_p1of5_people.png,farsi_10-family-relationships_p1of5_people.png,Family & People,people,1,5,aqua-mist,"English vs Farsi — Family & People (part 1 of 5)
Family = khânevâde · Father = pedar · Mother = mâdar
Learn Farsi and 20+ more at Speaksilq.com","Pastel vocabulary card titled ""English vs Farsi"", subtitle ""Family & People"", listing 11 English words with their Farsi romanisations.",#SpeakSilq #LearnFarsi #Farsi #LanguageLearning #Vocabulary #FamilyRelationships
2026-08-26 13:00,2026-08-26,13:00,speaksilq_pashto,Pashto,01_pashto/pashto_19-clothing-accessories_p2of2_home.png,pashto_19-clothing-accessories_p2of2_home.png,Clothing & Accessories,home,2,2,aqua-mist,"English vs Pashto — Clothing & Accessories (part 2 of 2)
Turban = Pagrai · Belt = Kamarband · Watch = Saat
Learn Pashto and 20+ more at Speaksilq.com","Pastel vocabulary card titled ""English vs Pashto"", subtitle ""Clothing & Accessories"", listing 12 English words with their Pashto romanisations.",#SpeakSilq #LearnPashto #Pashto #LanguageLearning #Vocabulary #ClothingAccessories
2026-08-26 13:00,2026-08-26,13:00,speaksilq_urdu,Urdu,04_urdu/urdu_19-clothing-accessories_p2of2_home.png,urdu_19-clothing-accessories_p2of2_home.png,Clothing & Accessories,home,2,2,aqua-mist,"English vs Urdu — Clothing & Accessories (part 2 of 2)
Belt = Belt · Watch = Ghadi · Ring = Anguthi
Learn Urdu and 20+ more at Speaksilq.com","Pastel vocabulary card titled ""English vs Urdu"", subtitle ""Clothing & Accessories"", listing 12 English words with their Urdu romanisations.",#SpeakSilq #LearnUrdu #Urdu #LanguageLearning #Vocabulary #ClothingAccessories
2026-08-27 01:00,2026-08-27,01:00,speaksilq_bengali,Bengali,05_bengali/bengali_19-clothing-accessories_p3of3_home.png,bengali_19-clothing-accessories_p3of3_home.png,Clothing & Personal Items,home,3,3,blush,"English vs Bengali — Clothing & Personal Items (part 3 of 3)
Necklace = har · Bangle = churi · Earring = kaner dul
Learn Bengali and 20+ more at Speaksilq.com","Pastel vocabulary card titled ""English vs Bengali"", subtitle ""Clothing & Personal Items"", listing 9 English words with their Bengali romanisations.",#SpeakSilq #LearnBengali #Bengali #LanguageLearning #Vocabulary #ClothingAccessories
2026-08-27 01:00,2026-08-27,01:00,speaksilq_dari,Dari,03_dari/dari_29-common-verbs_p3of5_learn.png,dari_29-common-verbs_p3of5_learn.png,Common Verbs,learn,3,5,blush,"English vs Dari — Common Verbs (part 3 of 5)
To buy = Kharidan · To sell = Forokhtan · To work = Kar kardan
Learn Dari and 20+ more at Speaksilq.com","Pastel vocabulary card titled ""English vs Dari"", subtitle ""Common Verbs"", listing 11 English words with their Dari romanisations.",#SpeakSilq #LearnDari #Dari #LanguageLearning #Vocabulary #CommonVerbs
2026-08-27 01:00,2026-08-27,01:00,speaksilq_farsi,Farsi,02_farsi/farsi_05-connectors-prepositions_p2of4_social.png,farsi_05-connectors-prepositions_p2of4_social.png,Connectors & Prepositions,social,2,4,blush,"English vs Farsi — Connectors & Prepositions (part 2 of 4)
Even = hattâ · Although = agarche · However = bâ in hâl
Learn Farsi and 20+ more at Speaksilq.com","Pastel vocabulary card titled ""English vs Farsi"", subtitle ""Connectors & Prepositions"", listing 12 English words with their Farsi romanisations.",#SpeakSilq #LearnFarsi #Farsi #LanguageLearning #Vocabulary #ConnectorsPrepositions
2026-08-27 01:00,2026-08-27,01:00,speaksilq_pashto,Pashto,01_pashto/pashto_29-common-verbs_p3of5_learn.png,pashto_29-common-verbs_p3of5_learn.png,Common Verbs,learn,3,5,blush,"English vs Pashto — Common Verbs (part 3 of 5)
To buy = Perodal · To sell = Khartsawal · To work = Kaar kawal
Learn Pashto and 20+ more at Speaksilq.com","Pastel vocabulary card titled ""English vs Pashto"", subtitle ""Common Verbs"", listing 11 English words with their Pashto romanisations.",#SpeakSilq #LearnPashto #Pashto #LanguageLearning #Vocabulary #CommonVerbs
2026-08-27 01:00,2026-08-27,01:00,speaksilq_urdu,Urdu,04_urdu/urdu_07-time-frequency_p1of3_time.png,urdu_07-time-frequency_p1of3_time.png,Time & Frequency,time,1,3,blush,"English vs Urdu — Time & Frequency (part 1 of 3)
Time = Waqt · Hour = Ghanta · Minute = Minute
Learn Urdu and 20+ more at Speaksilq.com","Pastel vocabulary card titled ""English vs Urdu"", subtitle ""Time & Frequency"", listing 12 English words with their Urdu romanisations.",#SpeakSilq #LearnUrdu #Urdu #LanguageLearning #Vocabulary #TimeFrequency
2026-08-27 13:00,2026-08-27,13:00,speaksilq_bengali,Bengali,05_bengali/bengali_26-nature-weather_p3of3_world.png,bengali_26-nature-weather_p3of3_world.png,Weather & Seasons,world,3,3,lemon-ice,"English vs Bengali — Weather & Seasons (part 3 of 3)
Dew = shishir · Snow = tushar · Ice = borof
Learn Bengali and 20+ more at Speaksilq.com","Pastel vocabulary card titled ""English vs Bengali"", subtitle ""Weather & Seasons"", listing 10 English words with their Bengali romanisations.",#SpeakSilq #LearnBengali #Bengali #LanguageLearning #Vocabulary #NatureWeather
2026-08-27 13:00,2026-08-27,13:00,speaksilq_dari,Dari,03_dari/dari_16-cooking-kitchen_p2of3_food.png,dari_16-cooking-kitchen_p2of3_food.png,Cooking & Kitchen,food,2,3,lemon-ice,"English vs Dari — Cooking & Kitchen (part 2 of 3)
Spoon = Qashuq · Fork = Panja · Knife = Kard
Learn Dari and 20+ more at Speaksilq.com","Pastel vocabulary card titled ""English vs Dari"", subtitle ""Cooking & Kitchen"", listing 10 English words with their Dari romanisations.",#SpeakSilq #LearnDari #Dari #LanguageLearning #Vocabulary #CookingKitchen
2026-08-27 13:00,2026-08-27,13:00,speaksilq_farsi,Farsi,02_farsi/farsi_30-adjectives-opposites_p2of8_learn.png,farsi_30-adjectives-opposites_p2of8_learn.png,Adjectives & Descriptions,learn,2,8,lemon-ice,"English vs Farsi — Adjectives & Descriptions (part 2 of 8)
Worn out / old (thing) = kohne · Old (aged) = pir · Good = khub
Learn Farsi and 20+ more at Speaksilq.com","Pastel vocabulary card titled ""English vs Farsi"", subtitle ""Adjectives & Descriptions"", listing 12 English words with their Farsi romanisations.",#SpeakSilq #LearnFarsi #Farsi #LanguageLearning #Vocabulary #AdjectivesOpposites
2026-08-27 13:00,2026-08-27,13:00,speaksilq_pashto,Pashto,01_pashto/pashto_16-cooking-kitchen_p2of3_food.png,pashto_16-cooking-kitchen_p2of3_food.png,Cooking & Kitchen,food,2,3,lemon-ice,"English vs Pashto — Cooking & Kitchen (part 2 of 3)
Spoon = Kaachugha · Fork = Panja · Knife = Chaara
Learn Pashto and 20+ more at Speaksilq.com","Pastel vocabulary card titled ""English vs Pashto"", subtitle ""Cooking & Kitchen"", listing 10 English words with their Pashto romanisations.",#SpeakSilq #LearnPashto #Pashto #LanguageLearning #Vocabulary #CookingKitchen
2026-08-27 13:00,2026-08-27,13:00,speaksilq_urdu,Urdu,04_urdu/urdu_24-city-places_p1of2_travel.png,urdu_24-city-places_p1of2_travel.png,City & Places,travel,1,2,lemon-ice,"English vs Urdu — City & Places (part 1 of 2)
City = Sheher · Village = Gaon · Country = Mulk
Learn Urdu and 20+ more at Speaksilq.com","Pastel vocabulary card titled ""English vs Urdu"", subtitle ""City & Places"", listing 13 English words with their Urdu romanisations.",#SpeakSilq #LearnUrdu #Urdu #LanguageLearning #Vocabulary #CityPlaces
2026-08-28 01:00,2026-08-28,01:00,speaksilq_bengali,Bengali,05_bengali/bengali_07-time-frequency_p4of6_time.png,bengali_07-time-frequency_p4of6_time.png,Time & Calendar,time,4,6,sky,"English vs Bengali — Time & Calendar (part 4 of 6)
Monday = Shombar · Tuesday = Monggolbar · Wednesday = Budhbar
Learn Bengali and 20+ more at Speaksilq.com","Pastel vocabulary card titled ""English vs Bengali"", subtitle ""Time & Calendar"", listing 12 English words with their Bengali romanisations.",#SpeakSilq #LearnBengali #Bengali #LanguageLearning #Vocabulary #TimeFrequency
2026-08-28 01:00,2026-08-28,01:00,speaksilq_dari,Dari,03_dari/dari_10-family-relationships_p3of3_people.png,dari_10-family-relationships_p3of3_people.png,Family & Relationships,people,3,3,sky,"English vs Dari — Family & Relationships (part 3 of 3)
Father-in-law = Khusur · Mother-in-law = Khushu · Son-in-law = Damad
Learn Dari and 20+ more at Speaksilq.com","Pastel vocabulary card titled ""English vs Dari"", subtitle ""Family & Relationships"", listing 11 English words with their Dari romanisations.",#SpeakSilq #LearnDari #Dari #LanguageLearning #Vocabulary #FamilyRelationships
2026-08-28 01:00,2026-08-28,01:00,speaksilq_farsi,Farsi,02_farsi/farsi_26-nature-weather_p4of5_world.png,farsi_26-nature-weather_p4of5_world.png,Nature & Weather,world,4,5,sky,"English vs Farsi — Nature & Weather (part 4 of 5)
Root = rishe · River = rudkhâne · Lake = daryâche
Learn Farsi and 20+ more at Speaksilq.com","Pastel vocabulary card titled ""English vs Farsi"", subtitle ""Nature & Weather"", listing 10 English words with their Farsi romanisations.",#SpeakSilq #LearnFarsi #Farsi #LanguageLearning #Vocabulary #NatureWeather
2026-08-28 01:00,2026-08-28,01:00,speaksilq_pashto,Pashto,01_pashto/pashto_33-technology-communication_p1of2_learn.png,pashto_33-technology-communication_p1of2_learn.png,Technology & Communication,learn,1,2,sky,"English vs Pashto — Technology & Communication (part 1 of 2)
Phone = Telefun · Mobile phone = Mobaayl · Computer = Kampyutar
Learn Pashto and 20+ more at Speaksilq.com","Pastel vocabulary card titled ""English vs Pashto"", subtitle ""Technology & Communication"", listing 13 English words with their Pashto romanisations.",#SpeakSilq #LearnPashto #Pashto #LanguageLearning #Vocabulary #TechnologyCommunication
2026-08-28 01:00,2026-08-28,01:00,speaksilq_urdu,Urdu,04_urdu/urdu_11-emotions-feelings_p2of2_people.png,urdu_11-emotions-feelings_p2of2_people.png,Emotions & Feelings,people,2,2,sky,"English vs Urdu — Emotions & Feelings (part 2 of 2)
Courage = Himmat · Trust = Bharosa · Respect = Izzat
Learn Urdu and 20+ more at Speaksilq.com","Pastel vocabulary card titled ""English vs Urdu"", subtitle ""Emotions & Feelings"", listing 15 English words with their Urdu romanisations.",#SpeakSilq #LearnUrdu #Urdu #LanguageLearning #Vocabulary #EmotionsFeelings
2026-08-28 13:00,2026-08-28,13:00,speaksilq_bengali,Bengali,05_bengali/bengali_22-travel-transport_p2of4_travel.png,bengali_22-travel-transport_p2of4_travel.png,Travel & Transport,travel,2,4,rose-quartz,"English vs Bengali — Travel & Transport (part 2 of 4)
Truck = trak · Bus stop = bash stêand · Railway station = rel steshon
Learn Bengali and 20+ more at Speaksilq.com","Pastel vocabulary card titled ""English vs Bengali"", subtitle ""Travel & Transport"", listing 13 English words with their Bengali romanisations.",#SpeakSilq #LearnBengali #Bengali #LanguageLearning #Vocabulary #TravelTransport
2026-08-28 13:00,2026-08-28,13:00,speaksilq_dari,Dari,03_dari/dari_24-city-places_p2of2_travel.png,dari_24-city-places_p2of2_travel.png,City & Places,travel,2,2,rose-quartz,"English vs Dari — City & Places (part 2 of 2)
Bakery = Nanwayi · Park = Park · Museum = Muzem
Learn Dari and 20+ more at Speaksilq.com","Pastel vocabulary card titled ""English vs Dari"", subtitle ""City & Places"", listing 12 English words with their Dari romanisations.",#SpeakSilq #LearnDari #Dari #LanguageLearning #Vocabulary #CityPlaces
2026-08-28 13:00,2026-08-28,13:00,speaksilq_farsi,Farsi,02_farsi/farsi_07-time-frequency_p2of6_time.png,farsi_07-time-frequency_p2of6_time.png,Time & Calendar,time,2,6,rose-quartz,"English vs Farsi — Time & Calendar (part 2 of 6)
Today = emruz · Tomorrow = fardâ · Yesterday = diruz
Learn Farsi and 20+ more at Speaksilq.com","Pastel vocabulary card titled ""English vs Farsi"", subtitle ""Time & Calendar"", listing 11 English words with their Farsi romanisations.",#SpeakSilq #LearnFarsi #Farsi #LanguageLearning #Vocabulary #TimeFrequency
2026-08-28 13:00,2026-08-28,13:00,speaksilq_pashto,Pashto,01_pashto/pashto_08-days-months-seasons_p3of3_time.png,pashto_08-days-months-seasons_p3of3_time.png,"Days, Months & Seasons",time,3,3,rose-quartz,"English vs Pashto — Days, Months & Seasons (part 3 of 3)
Summer = Orai · Autumn = Manai · Winter = Zhamai
Learn Pashto and 20+ more at Speaksilq.com","Pastel vocabulary card titled ""English vs Pashto"", subtitle ""Days, Months & Seasons"", listing 10 English words with their Pashto romanisations.",#SpeakSilq #LearnPashto #Pashto #LanguageLearning #Vocabulary #DaysMonthsSeasons
2026-08-28 13:00,2026-08-28,13:00,speaksilq_urdu,Urdu,04_urdu/urdu_18-home-household_p2of2_home.png,urdu_18-home-household_p2of2_home.png,Home & Household,home,2,2,rose-quartz,"English vs Urdu — Home & Household (part 2 of 2)
Blanket = Kambal · Sheet = Chadar · Cupboard = Almari
Learn Urdu and 20+ more at Speaksilq.com","Pastel vocabulary card titled ""English vs Urdu"", subtitle ""Home & Household"", listing 15 English words with their Urdu romanisations.",#SpeakSilq #LearnUrdu #Urdu #LanguageLearning #Vocabulary #HomeHousehold
2026-08-29 01:00,2026-08-29,01:00,speaksilq_bengali,Bengali,05_bengali/bengali_02-everyday-phrases_p7of11_social.png,bengali_02-everyday-phrases_p7of11_social.png,Everyday Phrases,social,7,11,pistachio,"English vs Bengali — Everyday Phrases (part 7 of 11)
See you tomorrow = kal dêkha hobe · Give my regards to your family = barite shobaike shalam janaben · It was nice talking to you = apnar shathe kotha bole bhalo laglo
Learn Bengali and 20+ more at Speaksilq.com","Pastel vocabulary card titled ""English vs Bengali"", subtitle ""Everyday Phrases"", listing 12 English words with their Bengali romanisations.",#SpeakSilq #LearnBengali #Bengali #LanguageLearning #Vocabulary #EverydayPhrases
2026-08-29 01:00,2026-08-29,01:00,speaksilq_dari,Dari,03_dari/dari_33-technology-communication_p1of2_learn.png,dari_33-technology-communication_p1of2_learn.png,Technology & Communication,learn,1,2,pistachio,"English vs Dari — Technology & Communication (part 1 of 2)
Phone = Telefon · Mobile phone = Mobayl · Computer = Kampyutar
Learn Dari and 20+ more at Speaksilq.com","Pastel vocabulary card titled ""English vs Dari"", subtitle ""Technology & Communication"", listing 13 English words with their Dari romanisations.",#SpeakSilq #LearnDari #Dari #LanguageLearning #Vocabulary #TechnologyCommunication
2026-08-29 01:00,2026-08-29,01:00,speaksilq_farsi,Farsi,02_farsi/farsi_22-travel-transport_p2of4_travel.png,farsi_22-travel-transport_p2of4_travel.png,Travel & Transport,travel,2,4,pistachio,"English vs Farsi — Travel & Transport (part 2 of 4)
Bus = otobus · Bus stop = istgâh-e otobus · Taxi = tâksi
Learn Farsi and 20+ more at Speaksilq.com","Pastel vocabulary card titled ""English vs Farsi"", subtitle ""Travel & Transport"", listing 12 English words with their Farsi romanisations.",#SpeakSilq #LearnFarsi #Farsi #LanguageLearning #Vocabulary #TravelTransport
2026-08-29 01:00,2026-08-29,01:00,speaksilq_pashto,Pashto,01_pashto/pashto_10-family-relationships_p3of3_people.png,pashto_10-family-relationships_p3of3_people.png,Family & Relationships,people,3,3,pistachio,"English vs Pashto — Family & Relationships (part 3 of 3)
Father-in-law = Sakhar · Mother-in-law = Khwaashe · Son-in-law = Zum
Learn Pashto and 20+ more at Speaksilq.com","Pastel vocabulary card titled ""English vs Pashto"", subtitle ""Family & Relationships"", listing 11 English words with their Pashto romanisations.",#SpeakSilq #LearnPashto #Pashto #LanguageLearning #Vocabulary #FamilyRelationships
2026-08-29 01:00,2026-08-29,01:00,speaksilq_urdu,Urdu,04_urdu/urdu_35-religion-culture_p1of2_learn.png,urdu_35-religion-culture_p1of2_learn.png,Religion & Culture,learn,1,2,pistachio,"English vs Urdu — Religion & Culture (part 1 of 2)
Religion = Mazhab · God = Allah · Prayer (salah) = Namaz
Learn Urdu and 20+ more at Speaksilq.com","Pastel vocabulary card titled ""English vs Urdu"", subtitle ""Religion & Culture"", listing 10 English words with their Urdu romanisations.",#SpeakSilq #LearnUrdu #Urdu #LanguageLearning #Vocabulary #ReligionCulture
2026-08-29 13:00,2026-08-29,13:00,speaksilq_bengali,Bengali,05_bengali/bengali_30-adjectives-opposites_p5of7_learn.png,bengali_30-adjectives-opposites_p5of7_learn.png,Adjectives & Opposites,learn,5,7,powder-blue,"English vs Bengali — Adjectives & Opposites (part 5 of 7)
Blunt = bõta · Loud = jore · Quiet = chupchap
Learn Bengali and 20+ more at Speaksilq.com","Pastel vocabulary card titled ""English vs Bengali"", subtitle ""Adjectives & Opposites"", listing 11 English words with their Bengali romanisations.",#SpeakSilq #LearnBengali #Bengali #LanguageLearning #Vocabulary #AdjectivesOpposites
2026-08-29 13:00,2026-08-29,13:00,speaksilq_dari,Dari,03_dari/dari_08-days-months-seasons_p3of3_time.png,dari_08-days-months-seasons_p3of3_time.png,"Days, Months & Seasons",time,3,3,powder-blue,"English vs Dari — Days, Months & Seasons (part 3 of 3)
Summer = Tabestan · Autumn = Khazan · Winter = Zemestan
Learn Dari and 20+ more at Speaksilq.com","Pastel vocabulary card titled ""English vs Dari"", subtitle ""Days, Months & Seasons"", listing 10 English words with their Dari romanisations.",#SpeakSilq #LearnDari #Dari #LanguageLearning #Vocabulary #DaysMonthsSeasons
2026-08-29 13:00,2026-08-29,13:00,speaksilq_farsi,Farsi,02_farsi/farsi_20-shopping-money_p2of4_home.png,farsi_20-shopping-money_p2of4_home.png,Shopping & Money,home,2,4,powder-blue,"English vs Farsi — Shopping & Money (part 2 of 4)
Credit card = kârt-e e'tebâri · Change (money back) = baqiye-ye pul · Receipt = resid
Learn Farsi and 20+ more at Speaksilq.com","Pastel vocabulary card titled ""English vs Farsi"", subtitle ""Shopping & Money"", listing 11 English words with their Farsi romanisations.",#SpeakSilq #LearnFarsi #Farsi #LanguageLearning #Vocabulary #ShoppingMoney
2026-08-29 13:00,2026-08-29,13:00,speaksilq_pashto,Pashto,01_pashto/pashto_24-city-places_p2of2_travel.png,pashto_24-city-places_p2of2_travel.png,City & Places,travel,2,2,powder-blue,"English vs Pashto — City & Places (part 2 of 2)
Bakery = Naanwaayi · Park = Paark · Museum = Muzem
Learn Pashto and 20+ more at Speaksilq.com","Pastel vocabulary card titled ""English vs Pashto"", subtitle ""City & Places"", listing 12 English words with their Pashto romanisations.",#SpeakSilq #LearnPashto #Pashto #LanguageLearning #Vocabulary #CityPlaces
2026-08-29 13:00,2026-08-29,13:00,speaksilq_urdu,Urdu,04_urdu/urdu_08-days-months-seasons_p2of2_time.png,urdu_08-days-months-seasons_p2of2_time.png,"Days, Months & Seasons",time,2,2,powder-blue,"English vs Urdu — Days, Months & Seasons (part 2 of 2)
September = Sitambar · October = Aktoobar · November = Navambar
Learn Urdu and 20+ more at Speaksilq.com","Pastel vocabulary card titled ""English vs Urdu"", subtitle ""Days, Months & Seasons"", listing 15 English words with their Urdu romanisations.",#SpeakSilq #LearnUrdu #Urdu #LanguageLearning #Vocabulary #DaysMonthsSeasons
2026-08-30 01:00,2026-08-30,01:00,speaksilq_bengali,Bengali,05_bengali/bengali_10-family-relationships_p3of5_people.png,bengali_10-family-relationships_p3of5_people.png,Family & People,people,3,5,coral-mist,"English vs Bengali — Family & People (part 3 of 5)
Paternal aunt = fufu · Maternal aunt = khala · Aunt (uncle's wife) = chachi
Learn Bengali and 20+ more at Speaksilq.com","Pastel vocabulary card titled ""English vs Bengali"", subtitle ""Family & People"", listing 11 English words with their Bengali romanisations.",#SpeakSilq #LearnBengali #Bengali #LanguageLearning #Vocabulary #FamilyRelationships
2026-08-30 01:00,2026-08-30,01:00,speaksilq_dari,Dari,03_dari/dari_15-fruits-vegetables_p1of3_food.png,dari_15-fruits-vegetables_p1of3_food.png,Fruits & Vegetables,food,1,3,coral-mist,"English vs Dari — Fruits & Vegetables (part 1 of 3)
Fruit = Mewa · Apple = Seb · Banana = Kela
Learn Dari and 20+ more at Speaksilq.com","Pastel vocabulary card titled ""English vs Dari"", subtitle ""Fruits & Vegetables"", listing 10 English words with their Dari romanisations.",#SpeakSilq #LearnDari #Dari #LanguageLearning #Vocabulary #FruitsVegetables
2026-08-30 01:00,2026-08-30,01:00,speaksilq_farsi,Farsi,02_farsi/farsi_31-work-professions_p2of4_learn.png,farsi_31-work-professions_p2of4_learn.png,Work & Professions,learn,2,4,coral-mist,"English vs Farsi — Work & Professions (part 2 of 4)
Contract = qarârdâd · Interview = mosâhebe · Résumé = rezume
Learn Farsi and 20+ more at Speaksilq.com","Pastel vocabulary card titled ""English vs Farsi"", subtitle ""Work & Professions"", listing 11 English words with their Farsi romanisations.",#SpeakSilq #LearnFarsi #Farsi #LanguageLearning #Vocabulary #WorkProfessions
2026-08-30 01:00,2026-08-30,01:00,speaksilq_pashto,Pashto,01_pashto/pashto_35-religion-culture_p1of2_learn.png,pashto_35-religion-culture_p1of2_learn.png,Religion & Culture,learn,1,2,coral-mist,"English vs Pashto — Religion & Culture (part 1 of 2)
Religion = Din · God = Khudaay · Prayer (salah) = Lmundz
Learn Pashto and 20+ more at Speaksilq.com","Pastel vocabulary card titled ""English vs Pashto"", subtitle ""Religion & Culture"", listing 10 English words with their Pashto romanisations.",#SpeakSilq #LearnPashto #Pashto #LanguageLearning #Vocabulary #ReligionCulture
2026-08-30 01:00,2026-08-30,01:00,speaksilq_urdu,Urdu,04_urdu/urdu_14-food-drink_p1of3_food.png,urdu_14-food-drink_p1of3_food.png,Food & Drink,food,1,3,coral-mist,"English vs Urdu — Food & Drink (part 1 of 3)
Food = Khana · Water = Paani · Bread / flatbread = Roti
Learn Urdu and 20+ more at Speaksilq.com","Pastel vocabulary card titled ""English vs Urdu"", subtitle ""Food & Drink"", listing 14 English words with their Urdu romanisations.",#SpeakSilq #LearnUrdu #Urdu #LanguageLearning #Vocabulary #FoodDrink
2026-08-30 13:00,2026-08-30,13:00,speaksilq_bengali,Bengali,05_bengali/bengali_18-home-household_p1of4_home.png,bengali_18-home-household_p1of4_home.png,Home & Household,home,1,4,honeydew,"English vs Bengali — Home & Household (part 1 of 4)
House / home = bari · Room = ghor · Bedroom = shoyonkokkho
Learn Bengali and 20+ more at Speaksilq.com","Pastel vocabulary card titled ""English vs Bengali"", subtitle ""Home & Household"", listing 13 English words with their Bengali romanisations.",#SpeakSilq #LearnBengali #Bengali #LanguageLearning #Vocabulary #HomeHousehold
2026-08-30 13:00,2026-08-30,13:00,speaksilq_dari,Dari,03_dari/dari_12-body-parts_p3of3_people.png,dari_12-body-parts_p3of3_people.png,Body Parts,people,3,3,honeydew,"English vs Dari — Body Parts (part 3 of 3)
Heart = Dil · Leg = Pa · Knee = Zanu
Learn Dari and 20+ more at Speaksilq.com","Pastel vocabulary card titled ""English vs Dari"", subtitle ""Body Parts"", listing 10 English words with their Dari romanisations.",#SpeakSilq #LearnDari #Dari #LanguageLearning #Vocabulary #BodyParts
2026-08-30 13:00,2026-08-30,13:00,speaksilq_farsi,Farsi,02_farsi/farsi_12-body-parts_p3of5_people.png,farsi_12-body-parts_p3of5_people.png,Body & Health,people,3,5,honeydew,"English vs Farsi — Body & Health (part 3 of 5)
Bone = ostokhân · Skin = pust · Brain = maghz
Learn Farsi and 20+ more at Speaksilq.com","Pastel vocabulary card titled ""English vs Farsi"", subtitle ""Body & Health"", listing 11 English words with their Farsi romanisations.",#SpeakSilq #LearnFarsi #Farsi #LanguageLearning #Vocabulary #BodyParts
2026-08-30 13:00,2026-08-30,13:00,speaksilq_pashto,Pashto,01_pashto/pashto_03-question-words_p3of3_social.png,pashto_03-question-words_p3of3_social.png,Question Words & Connectors,social,3,3,honeydew,"English vs Pashto — Question Words & Connectors (part 3 of 3)
With = Sara · Without = Bagher la · For = Depaara
Learn Pashto and 20+ more at Speaksilq.com","Pastel vocabulary card titled ""English vs Pashto"", subtitle ""Question Words & Connectors"", listing 10 English words with their Pashto romanisations.",#SpeakSilq #LearnPashto #Pashto #LanguageLearning #Vocabulary #QuestionWords
2026-08-30 13:00,2026-08-30,13:00,speaksilq_urdu,Urdu,04_urdu/urdu_21-colours_p2of2_home.png,urdu_21-colours_p2of2_home.png,Colours,home,2,2,honeydew,"English vs Urdu — Colours (part 2 of 2)
Brown = Bhoora · Grey = Sulaiti · Golden = Sunehra
Learn Urdu and 20+ more at Speaksilq.com","Pastel vocabulary card titled ""English vs Urdu"", subtitle ""Colours"", listing 10 English words with their Urdu romanisations.",#SpeakSilq #LearnUrdu #Urdu #LanguageLearning #Vocabulary #Colours
2026-08-31 01:00,2026-08-31,01:00,speaksilq_bengali,Bengali,05_bengali/bengali_14-food-drink_p3of6_food.png,bengali_14-food-drink_p3of6_food.png,Food & Drink,food,3,6,periwinkle,"English vs Bengali — Food & Drink (part 3 of 6)
Onion = peyaj · Potato = alu · Tomato = tometo
Learn Bengali and 20+ more at Speaksilq.com","Pastel vocabulary card titled ""English vs Bengali"", subtitle ""Food & Drink"", listing 13 English words with their Bengali romanisations.",#SpeakSilq #LearnBengali #Bengali #LanguageLearning #Vocabulary #FoodDrink
2026-08-31 01:00,2026-08-31,01:00,speaksilq_dari,Dari,03_dari/dari_35-religion-culture_p1of2_learn.png,dari_35-religion-culture_p1of2_learn.png,Religion & Culture,learn,1,2,periwinkle,"English vs Dari — Religion & Culture (part 1 of 2)
Religion = Din · God = Khuda · Prayer (salah) = Namaz
Learn Dari and 20+ more at Speaksilq.com","Pastel vocabulary card titled ""English vs Dari"", subtitle ""Religion & Culture"", listing 10 English words with their Dari romanisations.",#SpeakSilq #LearnDari #Dari #LanguageLearning #Vocabulary #ReligionCulture
2026-08-31 01:00,2026-08-31,01:00,speaksilq_farsi,Farsi,02_farsi/farsi_02-everyday-phrases_p6of7_social.png,farsi_02-everyday-phrases_p6of7_social.png,Everyday Phrases,social,6,7,periwinkle,"English vs Farsi — Everyday Phrases (part 6 of 7)
I'm ready = âmâde'am · Not yet = hanuz na · Again = dobâre
Learn Farsi and 20+ more at Speaksilq.com","Pastel vocabulary card titled ""English vs Farsi"", subtitle ""Everyday Phrases"", listing 11 English words with their Farsi romanisations.",#SpeakSilq #LearnFarsi #Farsi #LanguageLearning #Vocabulary #EverydayPhrases
2026-08-31 01:00,2026-08-31,01:00,speaksilq_pashto,Pashto,01_pashto/pashto_15-fruits-vegetables_p1of3_food.png,pashto_15-fruits-vegetables_p1of3_food.png,Fruits & Vegetables,food,1,3,periwinkle,"English vs Pashto — Fruits & Vegetables (part 1 of 3)
Fruit = Mewa · Apple = Mana · Banana = Kela
Learn Pashto and 20+ more at Speaksilq.com","Pastel vocabulary card titled ""English vs Pashto"", subtitle ""Fruits & Vegetables"", listing 10 English words with their Pashto romanisations.",#SpeakSilq #LearnPashto #Pashto #LanguageLearning #Vocabulary #FruitsVegetables
2026-08-31 01:00,2026-08-31,01:00,speaksilq_urdu,Urdu,04_urdu/urdu_34-sports-leisure_p1of2_learn.png,urdu_34-sports-leisure_p1of2_learn.png,Sports & Leisure,learn,1,2,periwinkle,"English vs Urdu — Sports & Leisure (part 1 of 2)
Game / sport = Khel · Cricket = Cricket · Football = Football
Learn Urdu and 20+ more at Speaksilq.com","Pastel vocabulary card titled ""English vs Urdu"", subtitle ""Sports & Leisure"", listing 10 English words with their Urdu romanisations.",#SpeakSilq #LearnUrdu #Urdu #LanguageLearning #Vocabulary #SportsLeisure
2026-08-31 13:00,2026-08-31,13:00,speaksilq_bengali,Bengali,05_bengali/bengali_29-common-verbs_p1of7_learn.png,bengali_29-common-verbs_p1of7_learn.png,Common Verbs,learn,1,7,peach,"English vs Bengali — Common Verbs (part 1 of 7)
To be / to exist = thaka · To do = kora · To go = jaowa
Learn Bengali and 20+ more at Speaksilq.com","Pastel vocabulary card titled ""English vs Bengali"", subtitle ""Common Verbs"", listing 13 English words with their Bengali romanisations.",#SpeakSilq #LearnBengali #Bengali #LanguageLearning #Vocabulary #CommonVerbs
2026-08-31 13:00,2026-08-31,13:00,speaksilq_dari,Dari,03_dari/dari_18-home-household_p2of3_home.png,dari_18-home-household_p2of3_home.png,Home & Household,home,2,3,peach,"English vs Dari — Home & Household (part 2 of 3)
Stairs = Zina · Key = Kelid · Lock = Qufl
Learn Dari and 20+ more at Speaksilq.com","Pastel vocabulary card titled ""English vs Dari"", subtitle ""Home & Household"", listing 10 English words with their Dari romanisations.",#SpeakSilq #LearnDari #Dari #LanguageLearning #Vocabulary #HomeHousehold
2026-08-31 13:00,2026-08-31,13:00,speaksilq_farsi,Farsi,02_farsi/farsi_06-numbers_p5of5_time.png,farsi_06-numbers_p5of5_time.png,Numbers,time,5,5,peach,"English vs Farsi — Numbers (part 5 of 5)
Fifth = panjom · Last = âkhar · Number (digit) = adad
Learn Farsi and 20+ more at Speaksilq.com","Pastel vocabulary card titled ""English vs Farsi"", subtitle ""Numbers"", listing 10 English words with their Farsi romanisations.",#SpeakSilq #LearnFarsi #Farsi #LanguageLearning #Vocabulary #Numbers
2026-08-31 13:00,2026-08-31,13:00,speaksilq_pashto,Pashto,01_pashto/pashto_18-home-household_p2of3_home.png,pashto_18-home-household_p2of3_home.png,Home & Household,home,2,3,peach,"English vs Pashto — Home & Household (part 2 of 3)
Stairs = Zina · Key = Kilai · Lock = Qufl
Learn Pashto and 20+ more at Speaksilq.com","Pastel vocabulary card titled ""English vs Pashto"", subtitle ""Home & Household"", listing 10 English words with their Pashto romanisations.",#SpeakSilq #LearnPashto #Pashto #LanguageLearning #Vocabulary #HomeHousehold
2026-08-31 13:00,2026-08-31,13:00,speaksilq_urdu,Urdu,04_urdu/urdu_10-family-relationships_p2of3_people.png,urdu_10-family-relationships_p2of3_people.png,Family & Relationships,people,2,3,peach,"English vs Urdu — Family & Relationships (part 2 of 3)
Wife = Biwi · Grandfather (paternal) = Dada · Grandmother (paternal) = Dadi
Learn Urdu and 20+ more at Speaksilq.com","Pastel vocabulary card titled ""English vs Urdu"", subtitle ""Family & Relationships"", listing 12 English words with their Urdu romanisations.",#SpeakSilq #LearnUrdu #Urdu #LanguageLearning #Vocabulary #FamilyRelationships
2026-09-01 01:00,2026-09-01,01:00,speaksilq_bengali,Bengali,05_bengali/bengali_06-numbers_p1of6_time.png,bengali_06-numbers_p1of6_time.png,Numbers & Counting,time,1,6,sage,"English vs Bengali — Numbers & Counting (part 1 of 6)
Zero = shunno · One = ek · Two = dui
Learn Bengali and 20+ more at Speaksilq.com","Pastel vocabulary card titled ""English vs Bengali"", subtitle ""Numbers & Counting"", listing 12 English words with their Bengali romanisations.",#SpeakSilq #LearnBengali #Bengali #LanguageLearning #Vocabulary #Numbers
2026-09-01 01:00,2026-09-01,01:00,speaksilq_dari,Dari,03_dari/dari_03-question-words_p3of3_social.png,dari_03-question-words_p3of3_social.png,Question Words & Connectors,social,3,3,sage,"English vs Dari — Question Words & Connectors (part 3 of 3)
With = Ba · Without = Bedun-e · For = Baray-e
Learn Dari and 20+ more at Speaksilq.com","Pastel vocabulary card titled ""English vs Dari"", subtitle ""Question Words & Connectors"", listing 10 English words with their Dari romanisations.",#SpeakSilq #LearnDari #Dari #LanguageLearning #Vocabulary #QuestionWords
2026-09-01 01:00,2026-09-01,01:00,speaksilq_farsi,Farsi,02_farsi/farsi_29-common-verbs_p8of10_learn.png,farsi_29-common-verbs_p8of10_learn.png,Common Verbs,learn,8,10,sage,"English vs Farsi — Common Verbs (part 8 of 10)
to cook = pokhtan · to cut = boridan · to carry = haml kardan
Learn Farsi and 20+ more at Speaksilq.com","Pastel vocabulary card titled ""English vs Farsi"", subtitle ""Common Verbs"", listing 11 English words with their Farsi romanisations.",#SpeakSilq #LearnFarsi #Farsi #LanguageLearning #Vocabulary #CommonVerbs
2026-09-01 01:00,2026-09-01,01:00,speaksilq_pashto,Pashto,01_pashto/pashto_12-body-parts_p3of3_people.png,pashto_12-body-parts_p3of3_people.png,Body Parts,people,3,3,sage,"English vs Pashto — Body Parts (part 3 of 3)
Heart = Zra · Leg / foot = Psha · Knee = Zangun
Learn Pashto and 20+ more at Speaksilq.com","Pastel vocabulary card titled ""English vs Pashto"", subtitle ""Body Parts"", listing 10 English words with their Pashto romanisations.",#SpeakSilq #LearnPashto #Pashto #LanguageLearning #Vocabulary #BodyParts
2026-09-01 01:00,2026-09-01,01:00,speaksilq_urdu,Urdu,04_urdu/urdu_02-everyday-phrases_p1of3_social.png,urdu_02-everyday-phrases_p1of3_social.png,Everyday Phrases,social,1,3,sage,"English vs Urdu — Everyday Phrases (part 1 of 3)
How is everything? = Sab kaisa chal raha hai? · Everything is fine = Sab theek hai · Long time no see = Bohot arse baad mile
Learn Urdu and 20+ more at Speaksilq.com","Pastel vocabulary card titled ""English vs Urdu"", subtitle ""Everyday Phrases"", listing 14 English words with their Urdu romanisations.",#SpeakSilq #LearnUrdu #Urdu #LanguageLearning #Vocabulary #EverydayPhrases
2026-09-01 13:00,2026-09-01,13:00,speaksilq_bengali,Bengali,05_bengali/bengali_01-greetings-courtesy_p5of5_social.png,bengali_01-greetings-courtesy_p5of5_social.png,Greetings & Courtesy,social,5,5,lavender,"English vs Bengali — Greetings & Courtesy (part 5 of 5)
Happy new year = shubho noboborsho · Eid Mubarak = Eid Mubarak · Get well soon = taratari shustho hoye uthun
Learn Bengali and 20+ more at Speaksilq.com","Pastel vocabulary card titled ""English vs Bengali"", subtitle ""Greetings & Courtesy"", listing 11 English words with their Bengali romanisations.",#SpeakSilq #LearnBengali #Bengali #LanguageLearning #Vocabulary #GreetingsCourtesy
2026-09-01 13:00,2026-09-01,13:00,speaksilq_dari,Dari,03_dari/dari_14-food-drink_p2of4_food.png,dari_14-food-drink_p2of4_food.png,Food & Drink,food,2,4,lavender,"English vs Dari — Food & Drink (part 2 of 4)
Fish = Mahi · Egg = Tukhm · Milk = Shir
Learn Dari and 20+ more at Speaksilq.com","Pastel vocabulary card titled ""English vs Dari"", subtitle ""Food & Drink"", listing 10 English words with their Dari romanisations.",#SpeakSilq #LearnDari #Dari #LanguageLearning #Vocabulary #FoodDrink
2026-09-01 13:00,2026-09-01,13:00,speaksilq_farsi,Farsi,02_farsi/farsi_27-animals-birds_p1of3_world.png,farsi_27-animals-birds_p1of3_world.png,Animals,world,1,3,lavender,"English vs Farsi — Animals (part 1 of 3)
Animal = heyvân · Dog = sag · Cat = gorbe
Learn Farsi and 20+ more at Speaksilq.com","Pastel vocabulary card titled ""English vs Farsi"", subtitle ""Animals"", listing 13 English words with their Farsi romanisations.",#SpeakSilq #LearnFarsi #Farsi #LanguageLearning #Vocabulary #AnimalsBirds
2026-09-01 13:00,2026-09-01,13:00,speaksilq_pashto,Pashto,01_pashto/pashto_29-common-verbs_p1of5_learn.png,pashto_29-common-verbs_p1of5_learn.png,Common Verbs,learn,1,5,lavender,"English vs Pashto — Common Verbs (part 1 of 5)
To be / become = Kedal · To do = Kawal · To go = Tlal
Learn Pashto and 20+ more at Speaksilq.com","Pastel vocabulary card titled ""English vs Pashto"", subtitle ""Common Verbs"", listing 11 English words with their Pashto romanisations.",#SpeakSilq #LearnPashto #Pashto #LanguageLearning #Vocabulary #CommonVerbs
2026-09-01 13:00,2026-09-01,13:00,speaksilq_urdu,Urdu,04_urdu/urdu_17-restaurant-ordering_p1of2_food.png,urdu_17-restaurant-ordering_p1of2_food.png,Restaurant & Ordering,food,1,2,lavender,"English vs Urdu — Restaurant & Ordering (part 1 of 2)
Restaurant = Restaurant · Hotel / eatery = Hotel · Menu = Menu
Learn Urdu and 20+ more at Speaksilq.com","Pastel vocabulary card titled ""English vs Urdu"", subtitle ""Restaurant & Ordering"", listing 15 English words with their Urdu romanisations.",#SpeakSilq #LearnUrdu #Urdu #LanguageLearning #Vocabulary #RestaurantOrdering
2026-09-02 01:00,2026-09-02,01:00,speaksilq_bengali,Bengali,05_bengali/bengali_11-emotions-feelings_p1of3_people.png,bengali_11-emotions-feelings_p1of3_people.png,Emotions & Feelings,people,1,3,champagne,"English vs Bengali — Emotions & Feelings (part 1 of 3)
Feeling = onubhuti · Happy = khushi · Sad = mon kharap
Learn Bengali and 20+ more at Speaksilq.com","Pastel vocabulary card titled ""English vs Bengali"", subtitle ""Emotions & Feelings"", listing 12 English words with their Bengali romanisations.",#SpeakSilq #LearnBengali #Bengali #LanguageLearning #Vocabulary #EmotionsFeelings
2026-09-02 01:00,2026-09-02,01:00,speaksilq_dari,Dari,03_dari/dari_27-animals-birds_p1of2_world.png,dari_27-animals-birds_p1of2_world.png,Animals & Birds,world,1,2,champagne,"English vs Dari — Animals & Birds (part 1 of 2)
Animal = Haywan · Dog = Sag · Cat = Peshak
Learn Dari and 20+ more at Speaksilq.com","Pastel vocabulary card titled ""English vs Dari"", subtitle ""Animals & Birds"", listing 13 English words with their Dari romanisations.",#SpeakSilq #LearnDari #Dari #LanguageLearning #Vocabulary #AnimalsBirds
2026-09-02 01:00,2026-09-02,01:00,speaksilq_farsi,Farsi,02_farsi/farsi_32-education-school_p3of3_learn.png,farsi_32-education-school_p3of3_learn.png,Education & Language,learn,3,3,champagne,"English vs Farsi — Education & Language (part 3 of 3)
Language = zabân-e fârsi · Translation = tarjome · Story = dâstân
Learn Farsi and 20+ more at Speaksilq.com","Pastel vocabulary card titled ""English vs Farsi"", subtitle ""Education & Language"", listing 12 English words with their Farsi romanisations.",#SpeakSilq #LearnFarsi #Farsi #LanguageLearning #Vocabulary #EducationSchool
2026-09-02 01:00,2026-09-02,01:00,speaksilq_pashto,Pashto,01_pashto/pashto_27-animals-birds_p1of2_world.png,pashto_27-animals-birds_p1of2_world.png,Animals & Birds,world,1,2,champagne,"English vs Pashto — Animals & Birds (part 1 of 2)
Animal = Dzaanwar · Dog = Spai · Cat = Pisho
Learn Pashto and 20+ more at Speaksilq.com","Pastel vocabulary card titled ""English vs Pashto"", subtitle ""Animals & Birds"", listing 13 English words with their Pashto romanisations.",#SpeakSilq #LearnPashto #Pashto #LanguageLearning #Vocabulary #AnimalsBirds
2026-09-02 01:00,2026-09-02,01:00,speaksilq_urdu,Urdu,04_urdu/urdu_30-adjectives-opposites_p2of3_learn.png,urdu_30-adjectives-opposites_p2of3_learn.png,Adjectives & Opposites,learn,2,3,champagne,"English vs Urdu — Adjectives & Opposites (part 2 of 3)
Slow = Aahista · Hot = Garam · Cold = Thanda
Learn Urdu and 20+ more at Speaksilq.com","Pastel vocabulary card titled ""English vs Urdu"", subtitle ""Adjectives & Opposites"", listing 15 English words with their Urdu romanisations.",#SpeakSilq #LearnUrdu #Urdu #LanguageLearning #Vocabulary #AdjectivesOpposites
2026-09-02 13:00,2026-09-02,13:00,speaksilq_bengali,Bengali,05_bengali/bengali_33-technology-communication_p3of3_learn.png,bengali_33-technology-communication_p3of3_learn.png,Technology & Communication,learn,3,3,mint,"English vs Bengali — Technology & Communication (part 3 of 3)
Signal / network = netwark · Software = softoyêar · File = fail
Learn Bengali and 20+ more at Speaksilq.com","Pastel vocabulary card titled ""English vs Bengali"", subtitle ""Technology & Communication"", listing 10 English words with their Bengali romanisations.",#SpeakSilq #LearnBengali #Bengali #LanguageLearning #Vocabulary #TechnologyCommunication
2026-09-02 13:00,2026-09-02,13:00,speaksilq_dari,Dari,03_dari/dari_29-common-verbs_p1of5_learn.png,dari_29-common-verbs_p1of5_learn.png,Common Verbs,learn,1,5,mint,"English vs Dari — Common Verbs (part 1 of 5)
To be = Budan · To do = Kardan · To go = Raftan
Learn Dari and 20+ more at Speaksilq.com","Pastel vocabulary card titled ""English vs Dari"", subtitle ""Common Verbs"", listing 11 English words with their Dari romanisations.",#SpeakSilq #LearnDari #Dari #LanguageLearning #Vocabulary #CommonVerbs
2026-09-02 13:00,2026-09-02,13:00,speaksilq_farsi,Farsi,02_farsi/farsi_19-clothing-accessories_p2of3_home.png,farsi_19-clothing-accessories_p2of3_home.png,Clothing & Accessories,home,2,3,mint,"English vs Farsi — Clothing & Accessories (part 2 of 3)
Headscarf = rusari · Hat = kolâh · Shoes = kafsh
Learn Farsi and 20+ more at Speaksilq.com","Pastel vocabulary card titled ""English vs Farsi"", subtitle ""Clothing & Accessories"", listing 10 English words with their Farsi romanisations.",#SpeakSilq #LearnFarsi #Farsi #LanguageLearning #Vocabulary #ClothingAccessories
2026-09-02 13:00,2026-09-02,13:00,speaksilq_pashto,Pashto,01_pashto/pashto_14-food-drink_p2of4_food.png,pashto_14-food-drink_p2of4_food.png,Food & Drink,food,2,4,mint,"English vs Pashto — Food & Drink (part 2 of 4)
Fish = Kab · Egg = Hagai · Milk = Shide
Learn Pashto and 20+ more at Speaksilq.com","Pastel vocabulary card titled ""English vs Pashto"", subtitle ""Food & Drink"", listing 10 English words with their Pashto romanisations.",#SpeakSilq #LearnPashto #Pashto #LanguageLearning #Vocabulary #FoodDrink
2026-09-02 13:00,2026-09-02,13:00,speaksilq_urdu,Urdu,04_urdu/urdu_07-time-frequency_p2of3_time.png,urdu_07-time-frequency_p2of3_time.png,Time & Frequency,time,2,3,mint,"English vs Urdu — Time & Frequency (part 2 of 3)
Yesterday = Guzra kal · Day after tomorrow = Parson · Now = Abhi
Learn Urdu and 20+ more at Speaksilq.com","Pastel vocabulary card titled ""English vs Urdu"", subtitle ""Time & Frequency"", listing 12 English words with their Urdu romanisations.",#SpeakSilq #LearnUrdu #Urdu #LanguageLearning #Vocabulary #TimeFrequency
2026-09-03 01:00,2026-09-03,01:00,speaksilq_bengali,Bengali,05_bengali/bengali_23-directions-places_p1of4_travel.png,bengali_23-directions-places_p1of4_travel.png,Places & Directions,travel,1,4,lilac,"English vs Bengali — Places & Directions (part 1 of 4)
Place = jayga · Country = desh · Bangladesh = Bangladesh
Learn Bengali and 20+ more at Speaksilq.com","Pastel vocabulary card titled ""English vs Bengali"", subtitle ""Places & Directions"", listing 13 English words with their Bengali romanisations.",#SpeakSilq #LearnBengali #Bengali #LanguageLearning #Vocabulary #DirectionsPlaces
2026-09-03 01:00,2026-09-03,01:00,speaksilq_dari,Dari,03_dari/dari_10-family-relationships_p1of3_people.png,dari_10-family-relationships_p1of3_people.png,Family & Relationships,people,1,3,lilac,"English vs Dari — Family & Relationships (part 1 of 3)
Family = Khanawada · Father = Padar · Mother = Madar
Learn Dari and 20+ more at Speaksilq.com","Pastel vocabulary card titled ""English vs Dari"", subtitle ""Family & Relationships"", listing 12 English words with their Dari romanisations.",#SpeakSilq #LearnDari #Dari #LanguageLearning #Vocabulary #FamilyRelationships
2026-09-03 01:00,2026-09-03,01:00,speaksilq_farsi,Farsi,02_farsi/farsi_11-emotions-feelings_p2of4_people.png,farsi_11-emotions-feelings_p2of4_people.png,Emotions & Feelings,people,2,4,lilac,"English vs Farsi — Emotions & Feelings (part 2 of 4)
Bored = bi-howsele · Surprised = mota'ajjeb · Confused = gij
Learn Farsi and 20+ more at Speaksilq.com","Pastel vocabulary card titled ""English vs Farsi"", subtitle ""Emotions & Feelings"", listing 11 English words with their Farsi romanisations.",#SpeakSilq #LearnFarsi #Farsi #LanguageLearning #Vocabulary #EmotionsFeelings
2026-09-03 01:00,2026-09-03,01:00,speaksilq_pashto,Pashto,01_pashto/pashto_09-daily-routine_p3of3_time.png,pashto_09-daily-routine_p3of3_time.png,Daily Routine & Habits,time,3,3,lilac,"English vs Pashto — Daily Routine & Habits (part 3 of 3)
Every morning = Har sahar · Usually = Umuman · First of all = Lumrai
Learn Pashto and 20+ more at Speaksilq.com","Pastel vocabulary card titled ""English vs Pashto"", subtitle ""Daily Routine & Habits"", listing 11 English words with their Pashto romanisations.",#SpeakSilq #LearnPashto #Pashto #LanguageLearning #Vocabulary #DailyRoutine
2026-09-03 01:00,2026-09-03,01:00,speaksilq_urdu,Urdu,04_urdu/urdu_01-greetings-courtesy_p1of3_social.png,urdu_01-greetings-courtesy_p1of3_social.png,Greetings & Courtesy,social,1,3,lilac,"English vs Urdu — Greetings & Courtesy (part 1 of 3)
Peace be upon you (hello) = Assalam-o-Alaikum · And peace be upon you (reply) = Wa Alaikum Assalam · Hello / Hi = Salam
Learn Urdu and 20+ more at Speaksilq.com","Pastel vocabulary card titled ""English vs Urdu"", subtitle ""Greetings & Courtesy"", listing 12 English words with their Urdu romanisations.",#SpeakSilq #LearnUrdu #Urdu #LanguageLearning #Vocabulary #GreetingsCourtesy
2026-09-03 13:00,2026-09-03,13:00,speaksilq_bengali,Bengali,05_bengali/bengali_02-everyday-phrases_p4of11_social.png,bengali_02-everyday-phrases_p4of11_social.png,Everyday Phrases,social,4,11,sand,"English vs Bengali — Everyday Phrases (part 4 of 11)
I disagree = ami ekmot noi · I think so = amar tai mone hoy · In my opinion = amar mote
Learn Bengali and 20+ more at Speaksilq.com","Pastel vocabulary card titled ""English vs Bengali"", subtitle ""Everyday Phrases"", listing 12 English words with their Bengali romanisations.",#SpeakSilq #LearnBengali #Bengali #LanguageLearning #Vocabulary #EverydayPhrases
2026-09-03 13:00,2026-09-03,13:00,speaksilq_dari,Dari,03_dari/dari_22-travel-transport_p1of3_travel.png,dari_22-travel-transport_p1of3_travel.png,Travel & Transport,travel,1,3,sand,"English vs Dari — Travel & Transport (part 1 of 3)
Journey / travel = Safar · Traveller = Musafir · Car = Motar
Learn Dari and 20+ more at Speaksilq.com","Pastel vocabulary card titled ""English vs Dari"", subtitle ""Travel & Transport"", listing 12 English words with their Dari romanisations.",#SpeakSilq #LearnDari #Dari #LanguageLearning #Vocabulary #TravelTransport
2026-09-03 13:00,2026-09-03,13:00,speaksilq_farsi,Farsi,02_farsi/farsi_01-greetings-courtesy_p3of5_social.png,farsi_01-greetings-courtesy_p3of5_social.png,Greetings & Politeness,social,3,5,sand,"English vs Farsi — Greetings & Politeness (part 3 of 5)
Don't mention it = qâbeli nadârad · No problem = moshkeli nist · Excuse me = bebakhshid
Learn Farsi and 20+ more at Speaksilq.com","Pastel vocabulary card titled ""English vs Farsi"", subtitle ""Greetings & Politeness"", listing 11 English words with their Farsi romanisations.",#SpeakSilq #LearnFarsi #Farsi #LanguageLearning #Vocabulary #GreetingsCourtesy
2026-09-03 13:00,2026-09-03,13:00,speaksilq_pashto,Pashto,01_pashto/pashto_22-travel-transport_p1of3_travel.png,pashto_22-travel-transport_p1of3_travel.png,Travel & Transport,travel,1,3,sand,"English vs Pashto — Travel & Transport (part 1 of 3)
Journey / travel = Safar · Traveller = Musaafir · Car = Motar
Learn Pashto and 20+ more at Speaksilq.com","Pastel vocabulary card titled ""English vs Pashto"", subtitle ""Travel & Transport"", listing 12 English words with their Pashto romanisations.",#SpeakSilq #LearnPashto #Pashto #LanguageLearning #Vocabulary #TravelTransport
2026-09-03 13:00,2026-09-03,13:00,speaksilq_urdu,Urdu,04_urdu/urdu_16-cooking-kitchen_p1of2_food.png,urdu_16-cooking-kitchen_p1of2_food.png,Cooking & Kitchen,food,1,2,sand,"English vs Urdu — Cooking & Kitchen (part 1 of 2)
Kitchen = Bawarchi khana · Cook (person) = Bawarchi · Stove = Chulha
Learn Urdu and 20+ more at Speaksilq.com","Pastel vocabulary card titled ""English vs Urdu"", subtitle ""Cooking & Kitchen"", listing 15 English words with their Urdu romanisations.",#SpeakSilq #LearnUrdu #Urdu #LanguageLearning #Vocabulary #CookingKitchen
2026-09-04 01:00,2026-09-04,01:00,speaksilq_bengali,Bengali,05_bengali/bengali_07-time-frequency_p5of6_time.png,bengali_07-time-frequency_p5of6_time.png,Time & Calendar,time,5,6,seafoam,"English vs Bengali — Time & Calendar (part 5 of 6)
July = Julai · August = Agost · September = September
Learn Bengali and 20+ more at Speaksilq.com","Pastel vocabulary card titled ""English vs Bengali"", subtitle ""Time & Calendar"", listing 12 English words with their Bengali romanisations.",#SpeakSilq #LearnBengali #Bengali #LanguageLearning #Vocabulary #TimeFrequency
2026-09-04 01:00,2026-09-04,01:00,speaksilq_dari,Dari,03_dari/dari_09-daily-routine_p3of3_time.png,dari_09-daily-routine_p3of3_time.png,Daily Routine & Habits,time,3,3,seafoam,"English vs Dari — Daily Routine & Habits (part 3 of 3)
Every morning = Har sob · Usually = Ma'mulan · First of all = Awwal az hama
Learn Dari and 20+ more at Speaksilq.com","Pastel vocabulary card titled ""English vs Dari"", subtitle ""Daily Routine & Habits"", listing 11 English words with their Dari romanisations.",#SpeakSilq #LearnDari #Dari #LanguageLearning #Vocabulary #DailyRoutine
2026-09-04 01:00,2026-09-04,01:00,speaksilq_farsi,Farsi,02_farsi/farsi_30-adjectives-opposites_p5of8_learn.png,farsi_30-adjectives-opposites_p5of8_learn.png,Adjectives & Descriptions,learn,5,8,seafoam,"English vs Farsi — Adjectives & Descriptions (part 5 of 8)
Sharp = tiz · Deep = amiq · Shallow = kam-omq
Learn Farsi and 20+ more at Speaksilq.com","Pastel vocabulary card titled ""English vs Farsi"", subtitle ""Adjectives & Descriptions"", listing 12 English words with their Farsi romanisations.",#SpeakSilq #LearnFarsi #Farsi #LanguageLearning #Vocabulary #AdjectivesOpposites
2026-09-04 01:00,2026-09-04,01:00,speaksilq_pashto,Pashto,01_pashto/pashto_10-family-relationships_p1of3_people.png,pashto_10-family-relationships_p1of3_people.png,Family & Relationships,people,1,3,seafoam,"English vs Pashto — Family & Relationships (part 1 of 3)
Family = Kornai · Father = Plaar · Mother = Mor
Learn Pashto and 20+ more at Speaksilq.com","Pastel vocabulary card titled ""English vs Pashto"", subtitle ""Family & Relationships"", listing 12 English words with their Pashto romanisations.",#SpeakSilq #LearnPashto #Pashto #LanguageLearning #Vocabulary #FamilyRelationships
2026-09-04 01:00,2026-09-04,01:00,speaksilq_urdu,Urdu,04_urdu/urdu_33-technology-communication_p2of2_learn.png,urdu_33-technology-communication_p2of2_learn.png,Technology & Communication,learn,2,2,seafoam,"English vs Urdu — Technology & Communication (part 2 of 2)
Video = Video · Application = App · Website = Website
Learn Urdu and 20+ more at Speaksilq.com","Pastel vocabulary card titled ""English vs Urdu"", subtitle ""Technology & Communication"", listing 12 English words with their Urdu romanisations.",#SpeakSilq #LearnUrdu #Urdu #LanguageLearning #Vocabulary #TechnologyCommunication
2026-09-04 13:00,2026-09-04,13:00,speaksilq_bengali,Bengali,05_bengali/bengali_30-adjectives-opposites_p2of7_learn.png,bengali_30-adjectives-opposites_p2of7_learn.png,Adjectives & Opposites,learn,2,7,orchid,"English vs Bengali — Adjectives & Opposites (part 2 of 7)
Cold = thanda · Warm = usnho · Fast = druto
Learn Bengali and 20+ more at Speaksilq.com","Pastel vocabulary card titled ""English vs Bengali"", subtitle ""Adjectives & Opposites"", listing 12 English words with their Bengali romanisations.",#SpeakSilq #LearnBengali #Bengali #LanguageLearning #Vocabulary #AdjectivesOpposites
2026-09-04 13:00,2026-09-04,13:00,speaksilq_dari,Dari,03_dari/dari_30-adjectives-opposites_p2of4_learn.png,dari_30-adjectives-opposites_p2of4_learn.png,Adjectives & Opposites,learn,2,4,orchid,"English vs Dari — Adjectives & Opposites (part 2 of 4)
Easy = Asan · Difficult = Moshkel · Fast = Tez
Learn Dari and 20+ more at Speaksilq.com","Pastel vocabulary card titled ""English vs Dari"", subtitle ""Adjectives & Opposites"", listing 11 English words with their Dari romanisations.",#SpeakSilq #LearnDari #Dari #LanguageLearning #Vocabulary #AdjectivesOpposites
2026-09-04 13:00,2026-09-04,13:00,speaksilq_farsi,Farsi,02_farsi/farsi_20-shopping-money_p3of4_home.png,farsi_20-shopping-money_p3of4_home.png,Shopping & Money,home,3,4,orchid,"English vs Farsi — Shopping & Money (part 3 of 4)
Debt = bedehi · Interest (bank) = sud · Tax = mâliyât
Learn Farsi and 20+ more at Speaksilq.com","Pastel vocabulary card titled ""English vs Farsi"", subtitle ""Shopping & Money"", listing 11 English words with their Farsi romanisations.",#SpeakSilq #LearnFarsi #Farsi #LanguageLearning #Vocabulary #ShoppingMoney
2026-09-04 13:00,2026-09-04,13:00,speaksilq_pashto,Pashto,01_pashto/pashto_04-people-pronouns_p3of3_social.png,pashto_04-people-pronouns_p3of3_social.png,People & Pronouns,social,3,3,orchid,"English vs Pashto — People & Pronouns (part 3 of 3)
Guest = Melma · Name = Num · Age = Umar
Learn Pashto and 20+ more at Speaksilq.com","Pastel vocabulary card titled ""English vs Pashto"", subtitle ""People & Pronouns"", listing 10 English words with their Pashto romanisations.",#SpeakSilq #LearnPashto #Pashto #LanguageLearning #Vocabulary #PeoplePronouns
2026-09-04 13:00,2026-09-04,13:00,speaksilq_urdu,Urdu,04_urdu/urdu_08-days-months-seasons_p1of2_time.png,urdu_08-days-months-seasons_p1of2_time.png,"Days, Months & Seasons",time,1,2,orchid,"English vs Urdu — Days, Months & Seasons (part 1 of 2)
Monday = Peer · Tuesday = Mangal · Wednesday = Budh
Learn Urdu and 20+ more at Speaksilq.com","Pastel vocabulary card titled ""English vs Urdu"", subtitle ""Days, Months & Seasons"", listing 15 English words with their Urdu romanisations.",#SpeakSilq #LearnUrdu #Urdu #LanguageLearning #Vocabulary #DaysMonthsSeasons
2026-09-05 01:00,2026-09-05,01:00,speaksilq_bengali,Bengali,05_bengali/bengali_22-travel-transport_p3of4_travel.png,bengali_22-travel-transport_p3of4_travel.png,Travel & Transport,travel,3,4,butter,"English vs Bengali — Travel & Transport (part 3 of 4)
Bridge = shetu · Traffic = trafik · Traffic jam = jêam
Learn Bengali and 20+ more at Speaksilq.com","Pastel vocabulary card titled ""English vs Bengali"", subtitle ""Travel & Transport"", listing 12 English words with their Bengali romanisations.",#SpeakSilq #LearnBengali #Bengali #LanguageLearning #Vocabulary #TravelTransport
2026-09-05 01:00,2026-09-05,01:00,speaksilq_dari,Dari,03_dari/dari_20-shopping-money_p2of3_home.png,dari_20-shopping-money_p2of3_home.png,Shopping & Money,home,2,3,butter,"English vs Dari — Shopping & Money (part 2 of 3)
Card = Kart · Bank = Bank · Account = Hisab
Learn Dari and 20+ more at Speaksilq.com","Pastel vocabulary card titled ""English vs Dari"", subtitle ""Shopping & Money"", listing 10 English words with their Dari romanisations.",#SpeakSilq #LearnDari #Dari #LanguageLearning #Vocabulary #ShoppingMoney
2026-09-05 01:00,2026-09-05,01:00,speaksilq_farsi,Farsi,02_farsi/farsi_14-food-drink_p2of8_food.png,farsi_14-food-drink_p2of8_food.png,Food & Drink,food,2,8,butter,"English vs Farsi — Food & Drink (part 2 of 8)
Cheese = panir · Butter = kare · Yogurt = mâst
Learn Farsi and 20+ more at Speaksilq.com","Pastel vocabulary card titled ""English vs Farsi"", subtitle ""Food & Drink"", listing 11 English words with their Farsi romanisations.",#SpeakSilq #LearnFarsi #Farsi #LanguageLearning #Vocabulary #FoodDrink
2026-09-05 01:00,2026-09-05,01:00,speaksilq_pashto,Pashto,01_pashto/pashto_23-directions-places_p1of2_travel.png,pashto_23-directions-places_p1of2_travel.png,Directions & Places,travel,1,2,butter,"English vs Pashto — Directions & Places (part 1 of 2)
Right = Shai · Left = Kin · Straight ahead = Negh
Learn Pashto and 20+ more at Speaksilq.com","Pastel vocabulary card titled ""English vs Pashto"", subtitle ""Directions & Places"", listing 13 English words with their Pashto romanisations.",#SpeakSilq #LearnPashto #Pashto #LanguageLearning #Vocabulary #DirectionsPlaces
2026-09-05 01:00,2026-09-05,01:00,speaksilq_urdu,Urdu,04_urdu/urdu_20-shopping-money_p1of2_home.png,urdu_20-shopping-money_p1of2_home.png,Shopping & Money,home,1,2,butter,"English vs Urdu — Shopping & Money (part 1 of 2)
Shop = Dukaan · Shopkeeper = Dukaandaar · Market = Bazaar
Learn Urdu and 20+ more at Speaksilq.com","Pastel vocabulary card titled ""English vs Urdu"", subtitle ""Shopping & Money"", listing 15 English words with their Urdu romanisations.",#SpeakSilq #LearnUrdu #Urdu #LanguageLearning #Vocabulary #ShoppingMoney
2026-09-05 13:00,2026-09-05,13:00,speaksilq_bengali,Bengali,05_bengali/bengali_18-home-household_p3of4_home.png,bengali_18-home-household_p3of4_home.png,Home & Household,home,3,4,aqua-mist,"English vs Bengali — Home & Household (part 3 of 4)
Fan = phêan · Air conditioner = esi · Refrigerator = phrij
Learn Bengali and 20+ more at Speaksilq.com","Pastel vocabulary card titled ""English vs Bengali"", subtitle ""Home & Household"", listing 12 English words with their Bengali romanisations.",#SpeakSilq #LearnBengali #Bengali #LanguageLearning #Vocabulary #HomeHousehold
2026-09-05 13:00,2026-09-05,13:00,speaksilq_dari,Dari,03_dari/dari_04-people-pronouns_p3of3_social.png,dari_04-people-pronouns_p3of3_social.png,People & Pronouns,social,3,3,aqua-mist,"English vs Dari — People & Pronouns (part 3 of 3)
Guest = Mehman · Name = Nam · Age = Sen
Learn Dari and 20+ more at Speaksilq.com","Pastel vocabulary card titled ""English vs Dari"", subtitle ""People & Pronouns"", listing 10 English words with their Dari romanisations.",#SpeakSilq #LearnDari #Dari #LanguageLearning #Vocabulary #PeoplePronouns
2026-09-05 13:00,2026-09-05,13:00,speaksilq_farsi,Farsi,02_farsi/farsi_07-time-frequency_p6of6_time.png,farsi_07-time-frequency_p6of6_time.png,Time & Calendar,time,6,6,aqua-mist,"English vs Farsi — Time & Calendar (part 6 of 6)
Next year = sâl-e âyande · The past = gozashte · The future = âyande
Learn Farsi and 20+ more at Speaksilq.com","Pastel vocabulary card titled ""English vs Farsi"", subtitle ""Time & Calendar"", listing 10 English words with their Farsi romanisations.",#SpeakSilq #LearnFarsi #Farsi #LanguageLearning #Vocabulary #TimeFrequency
2026-09-05 13:00,2026-09-05,13:00,speaksilq_pashto,Pashto,01_pashto/pashto_30-adjectives-opposites_p2of4_learn.png,pashto_30-adjectives-opposites_p2of4_learn.png,Adjectives & Opposites,learn,2,4,aqua-mist,"English vs Pashto — Adjectives & Opposites (part 2 of 4)
Easy = Aasaan · Difficult = Sakht · Fast = Chatak
Learn Pashto and 20+ more at Speaksilq.com","Pastel vocabulary card titled ""English vs Pashto"", subtitle ""Adjectives & Opposites"", listing 11 English words with their Pashto romanisations.",#SpeakSilq #LearnPashto #Pashto #LanguageLearning #Vocabulary #AdjectivesOpposites
2026-09-05 13:00,2026-09-05,13:00,speaksilq_urdu,Urdu,04_urdu/urdu_12-body-parts_p1of2_people.png,urdu_12-body-parts_p1of2_people.png,Body Parts,people,1,2,aqua-mist,"English vs Urdu — Body Parts (part 1 of 2)
Body = Jism · Head = Sar · Hair = Baal
Learn Urdu and 20+ more at Speaksilq.com","Pastel vocabulary card titled ""English vs Urdu"", subtitle ""Body Parts"", listing 15 English words with their Urdu romanisations.",#SpeakSilq #LearnUrdu #Urdu #LanguageLearning #Vocabulary #BodyParts
2026-09-06 01:00,2026-09-06,01:00,speaksilq_bengali,Bengali,05_bengali/bengali_12-body-parts_p4of5_people.png,bengali_12-body-parts_p4of5_people.png,Body & Health,people,4,5,blush,"English vs Bengali — Body & Health (part 4 of 5)
Doctor = daktar · Nurse = nars · Hospital = hashpatal
Learn Bengali and 20+ more at Speaksilq.com","Pastel vocabulary card titled ""English vs Bengali"", subtitle ""Body & Health"", listing 12 English words with their Bengali romanisations.",#SpeakSilq #LearnBengali #Bengali #LanguageLearning #Vocabulary #BodyParts
2026-09-06 01:00,2026-09-06,01:00,speaksilq_dari,Dari,03_dari/dari_23-directions-places_p1of2_travel.png,dari_23-directions-places_p1of2_travel.png,Directions & Places,travel,1,2,blush,"English vs Dari — Directions & Places (part 1 of 2)
Right = Rast · Left = Chap · Straight ahead = Mustaqim
Learn Dari and 20+ more at Speaksilq.com","Pastel vocabulary card titled ""English vs Dari"", subtitle ""Directions & Places"", listing 13 English words with their Dari romanisations.",#SpeakSilq #LearnDari #Dari #LanguageLearning #Vocabulary #DirectionsPlaces
2026-09-06 01:00,2026-09-06,01:00,speaksilq_farsi,Farsi,02_farsi/farsi_29-common-verbs_p3of10_learn.png,farsi_29-common-verbs_p3of10_learn.png,Common Verbs,learn,3,10,blush,"English vs Farsi — Common Verbs (part 3 of 10)
to think = fekr kardan · to remember = be yâd âvardan · to forget = farâmush kardan
Learn Farsi and 20+ more at Speaksilq.com","Pastel vocabulary card titled ""English vs Farsi"", subtitle ""Common Verbs"", listing 11 English words with their Farsi romanisations.",#SpeakSilq #LearnFarsi #Farsi #LanguageLearning #Vocabulary #CommonVerbs
2026-09-06 01:00,2026-09-06,01:00,speaksilq_pashto,Pashto,01_pashto/pashto_20-shopping-money_p2of3_home.png,pashto_20-shopping-money_p2of3_home.png,Shopping & Money,home,2,3,blush,"English vs Pashto — Shopping & Money (part 2 of 3)
Card = Kaard · Bank = Baank · Account = Hisaab
Learn Pashto and 20+ more at Speaksilq.com","Pastel vocabulary card titled ""English vs Pashto"", subtitle ""Shopping & Money"", listing 10 English words with their Pashto romanisations.",#SpeakSilq #LearnPashto #Pashto #LanguageLearning #Vocabulary #ShoppingMoney
2026-09-06 01:00,2026-09-06,01:00,speaksilq_urdu,Urdu,04_urdu/urdu_31-work-professions_p1of2_learn.png,urdu_31-work-professions_p1of2_learn.png,Work & Professions,learn,1,2,blush,"English vs Urdu — Work & Professions (part 1 of 2)
Work / job = Kaam · Profession = Pesha · Employee = Mulazim
Learn Urdu and 20+ more at Speaksilq.com","Pastel vocabulary card titled ""English vs Urdu"", subtitle ""Work & Professions"", listing 13 English words with their Urdu romanisations.",#SpeakSilq #LearnUrdu #Urdu #LanguageLearning #Vocabulary #WorkProfessions
2026-09-06 13:00,2026-09-06,13:00,speaksilq_bengali,Bengali,05_bengali/bengali_03-question-words_p2of4_social.png,bengali_03-question-words_p2of4_social.png,Pronouns & Questions,social,2,4,lemon-ice,"English vs Bengali — Pronouns & Questions (part 2 of 4)
This = eta · That = ota · These = egulo
Learn Bengali and 20+ more at Speaksilq.com","Pastel vocabulary card titled ""English vs Bengali"", subtitle ""Pronouns & Questions"", listing 10 English words with their Bengali romanisations.",#SpeakSilq #LearnBengali #Bengali #LanguageLearning #Vocabulary #QuestionWords
2026-09-06 13:00,2026-09-06,13:00,speaksilq_dari,Dari,03_dari/dari_33-technology-communication_p2of2_learn.png,dari_33-technology-communication_p2of2_learn.png,Technology & Communication,learn,2,2,lemon-ice,"English vs Dari — Technology & Communication (part 2 of 2)
Video = Widyo · Application = Aplikeyshan · Website = Waybsayt
Learn Dari and 20+ more at Speaksilq.com","Pastel vocabulary card titled ""English vs Dari"", subtitle ""Technology & Communication"", listing 12 English words with their Dari romanisations.",#SpeakSilq #LearnDari #Dari #LanguageLearning #Vocabulary #TechnologyCommunication
2026-09-06 13:00,2026-09-06,13:00,speaksilq_farsi,Farsi,02_farsi/farsi_26-nature-weather_p2of5_world.png,farsi_26-nature-weather_p2of5_world.png,Nature & Weather,world,2,5,lemon-ice,"English vs Farsi — Nature & Weather (part 2 of 5)
Fog = meh · Rainbow = rangin-kamân · Weather / air = havâ
Learn Farsi and 20+ more at Speaksilq.com","Pastel vocabulary card titled ""English vs Farsi"", subtitle ""Nature & Weather"", listing 11 English words with their Farsi romanisations.",#SpeakSilq #LearnFarsi #Farsi #LanguageLearning #Vocabulary #NatureWeather
2026-09-06 13:00,2026-09-06,13:00,speaksilq_pashto,Pashto,01_pashto/pashto_33-technology-communication_p2of2_learn.png,pashto_33-technology-communication_p2of2_learn.png,Technology & Communication,learn,2,2,lemon-ice,"English vs Pashto — Technology & Communication (part 2 of 2)
Video = Widyo · Application = Apleekayshan · Website = Waybpaana
Learn Pashto and 20+ more at Speaksilq.com","Pastel vocabulary card titled ""English vs Pashto"", subtitle ""Technology & Communication"", listing 12 English words with their Pashto romanisations.",#SpeakSilq #LearnPashto #Pashto #LanguageLearning #Vocabulary #TechnologyCommunication
2026-09-06 13:00,2026-09-06,13:00,speaksilq_urdu,Urdu,04_urdu/urdu_04-people-pronouns_p1of2_social.png,urdu_04-people-pronouns_p1of2_social.png,People & Pronouns,social,1,2,lemon-ice,"English vs Urdu — People & Pronouns (part 1 of 2)
I = Main · You (formal / plural) = Aap · You (informal) = Tum
Learn Urdu and 20+ more at Speaksilq.com","Pastel vocabulary card titled ""English vs Urdu"", subtitle ""People & Pronouns"", listing 15 English words with their Urdu romanisations.",#SpeakSilq #LearnUrdu #Urdu #LanguageLearning #Vocabulary #PeoplePronouns
2026-09-07 01:00,2026-09-07,01:00,speaksilq_bengali,Bengali,05_bengali/bengali_31-work-professions_p3of4_learn.png,bengali_31-work-professions_p3of4_learn.png,Work & Occupations,learn,3,4,sky,"English vs Bengali — Work & Occupations (part 3 of 4)
Soldier = shoinik · Farmer = krishok · Fisherman = jele
Learn Bengali and 20+ more at Speaksilq.com","Pastel vocabulary card titled ""English vs Bengali"", subtitle ""Work & Occupations"", listing 10 English words with their Bengali romanisations.",#SpeakSilq #LearnBengali #Bengali #LanguageLearning #Vocabulary #WorkProfessions
2026-09-07 01:00,2026-09-07,01:00,speaksilq_dari,Dari,03_dari/dari_12-body-parts_p1of3_people.png,dari_12-body-parts_p1of3_people.png,Body Parts,people,1,3,sky,"English vs Dari — Body Parts (part 1 of 3)
Body = Badan · Head = Sar · Hair = Mo
Learn Dari and 20+ more at Speaksilq.com","Pastel vocabulary card titled ""English vs Dari"", subtitle ""Body Parts"", listing 10 English words with their Dari romanisations.",#SpeakSilq #LearnDari #Dari #LanguageLearning #Vocabulary #BodyParts
2026-09-07 01:00,2026-09-07,01:00,speaksilq_farsi,Farsi,02_farsi/farsi_10-family-relationships_p2of5_people.png,farsi_10-family-relationships_p2of5_people.png,Family & People,people,2,5,sky,"English vs Farsi — Family & People (part 2 of 5)
Sister = khâhar · Grandfather = pedarbozorg · Grandmother = mâdarbozorg
Learn Farsi and 20+ more at Speaksilq.com","Pastel vocabulary card titled ""English vs Farsi"", subtitle ""Family & People"", listing 11 English words with their Farsi romanisations.",#SpeakSilq #LearnFarsi #Farsi #LanguageLearning #Vocabulary #FamilyRelationships
2026-09-07 01:00,2026-09-07,01:00,speaksilq_pashto,Pashto,01_pashto/pashto_26-nature-weather_p1of3_world.png,pashto_26-nature-weather_p1of3_world.png,Nature & Weather,world,1,3,sky,"English vs Pashto — Nature & Weather (part 1 of 3)
Weather = Hawaa · Sun = Lmar · Moon = Spozhmai
Learn Pashto and 20+ more at Speaksilq.com","Pastel vocabulary card titled ""English vs Pashto"", subtitle ""Nature & Weather"", listing 10 English words with their Pashto romanisations.",#SpeakSilq #LearnPashto #Pashto #LanguageLearning #Vocabulary #NatureWeather
2026-09-07 01:00,2026-09-07,01:00,speaksilq_urdu,Urdu,04_urdu/urdu_23-directions-places_p1of2_travel.png,urdu_23-directions-places_p1of2_travel.png,Directions & Places,travel,1,2,sky,"English vs Urdu — Directions & Places (part 1 of 2)
Right = Dayen · Left = Bayen · Straight ahead = Seedha
Learn Urdu and 20+ more at Speaksilq.com","Pastel vocabulary card titled ""English vs Urdu"", subtitle ""Directions & Places"", listing 13 English words with their Urdu romanisations.",#SpeakSilq #LearnUrdu #Urdu #LanguageLearning #Vocabulary #DirectionsPlaces
2026-09-07 13:00,2026-09-07,13:00,speaksilq_bengali,Bengali,05_bengali/bengali_21-colours_p1of2_home.png,bengali_21-colours_p1of2_home.png,Colours & Shapes,home,1,2,rose-quartz,"English vs Bengali — Colours & Shapes (part 1 of 2)
Colour = rong · Red = lal · Blue = nil
Learn Bengali and 20+ more at Speaksilq.com","Pastel vocabulary card titled ""English vs Bengali"", subtitle ""Colours & Shapes"", listing 13 English words with their Bengali romanisations.",#SpeakSilq #LearnBengali #Bengali #LanguageLearning #Vocabulary #Colours
2026-09-07 13:00,2026-09-07,13:00,speaksilq_dari,Dari,03_dari/dari_18-home-household_p3of3_home.png,dari_18-home-household_p3of3_home.png,Home & Household,home,3,3,rose-quartz,"English vs Dari — Home & Household (part 3 of 3)
Fan = Panka · Wood stove / heater = Bukhari · Curtain = Parda
Learn Dari and 20+ more at Speaksilq.com","Pastel vocabulary card titled ""English vs Dari"", subtitle ""Home & Household"", listing 10 English words with their Dari romanisations.",#SpeakSilq #LearnDari #Dari #LanguageLearning #Vocabulary #HomeHousehold
2026-09-07 13:00,2026-09-07,13:00,speaksilq_farsi,Farsi,02_farsi/farsi_02-everyday-phrases_p5of7_social.png,farsi_02-everyday-phrases_p5of7_social.png,Everyday Phrases,social,5,7,rose-quartz,"English vs Farsi — Everyday Phrases (part 5 of 7)
I miss you = delam barâyat tang shode · What happened? = che ettefâqi oftâd? · What's wrong? = che shode ast?
Learn Farsi and 20+ more at Speaksilq.com","Pastel vocabulary card titled ""English vs Farsi"", subtitle ""Everyday Phrases"", listing 12 English words with their Farsi romanisations.",#SpeakSilq #LearnFarsi #Farsi #LanguageLearning #Vocabulary #EverydayPhrases
2026-09-07 13:00,2026-09-07,13:00,speaksilq_pashto,Pashto,01_pashto/pashto_16-cooking-kitchen_p1of3_food.png,pashto_16-cooking-kitchen_p1of3_food.png,Cooking & Kitchen,food,1,3,rose-quartz,"English vs Pashto — Cooking & Kitchen (part 1 of 3)
Kitchen = Pakhlandzai · Cook (person) = Aashpaz · Stove = Ojaaq
Learn Pashto and 20+ more at Speaksilq.com","Pastel vocabulary card titled ""English vs Pashto"", subtitle ""Cooking & Kitchen"", listing 10 English words with their Pashto romanisations.",#SpeakSilq #LearnPashto #Pashto #LanguageLearning #Vocabulary #CookingKitchen
2026-09-07 13:00,2026-09-07,13:00,speaksilq_urdu,Urdu,04_urdu/urdu_14-food-drink_p2of3_food.png,urdu_14-food-drink_p2of3_food.png,Food & Drink,food,2,3,rose-quartz,"English vs Urdu — Food & Drink (part 2 of 3)
Butter = Makhan · Clarified butter = Ghee · Oil = Tel
Learn Urdu and 20+ more at Speaksilq.com","Pastel vocabulary card titled ""English vs Urdu"", subtitle ""Food & Drink"", listing 13 English words with their Urdu romanisations.",#SpeakSilq #LearnUrdu #Urdu #LanguageLearning #Vocabulary #FoodDrink
2026-09-08 01:00,2026-09-08,01:00,speaksilq_bengali,Bengali,05_bengali/bengali_10-family-relationships_p2of5_people.png,bengali_10-family-relationships_p2of5_people.png,Family & People,people,2,5,pistachio,"English vs Bengali — Family & People (part 2 of 5)
Daughter = meye · Child = shishu · Children / kids = bachcha
Learn Bengali and 20+ more at Speaksilq.com","Pastel vocabulary card titled ""English vs Bengali"", subtitle ""Family & People"", listing 11 English words with their Bengali romanisations.",#SpeakSilq #LearnBengali #Bengali #LanguageLearning #Vocabulary #FamilyRelationships
2026-09-08 01:00,2026-09-08,01:00,speaksilq_dari,Dari,03_dari/dari_26-nature-weather_p1of3_world.png,dari_26-nature-weather_p1of3_world.png,Nature & Weather,world,1,3,pistachio,"English vs Dari — Nature & Weather (part 1 of 3)
Weather = Hawa · Sun = Aftaw · Moon = Mahtab
Learn Dari and 20+ more at Speaksilq.com","Pastel vocabulary card titled ""English vs Dari"", subtitle ""Nature & Weather"", listing 10 English words with their Dari romanisations.",#SpeakSilq #LearnDari #Dari #LanguageLearning #Vocabulary #NatureWeather
2026-09-08 01:00,2026-09-08,01:00,speaksilq_farsi,Farsi,02_farsi/farsi_31-work-professions_p3of4_learn.png,farsi_31-work-professions_p3of4_learn.png,Work & Professions,learn,3,4,pistachio,"English vs Farsi — Work & Professions (part 3 of 4)
Farmer = keshâvarz · Cook / chef = âshpaz · Tailor = khayyât
Learn Farsi and 20+ more at Speaksilq.com","Pastel vocabulary card titled ""English vs Farsi"", subtitle ""Work & Professions"", listing 11 English words with their Farsi romanisations.",#SpeakSilq #LearnFarsi #Farsi #LanguageLearning #Vocabulary #WorkProfessions
2026-09-08 01:00,2026-09-08,01:00,speaksilq_pashto,Pashto,01_pashto/pashto_12-body-parts_p1of3_people.png,pashto_12-body-parts_p1of3_people.png,Body Parts,people,1,3,pistachio,"English vs Pashto — Body Parts (part 1 of 3)
Body = Badan · Head = Sar · Hair = Weshta
Learn Pashto and 20+ more at Speaksilq.com","Pastel vocabulary card titled ""English vs Pashto"", subtitle ""Body Parts"", listing 10 English words with their Pashto romanisations.",#SpeakSilq #LearnPashto #Pashto #LanguageLearning #Vocabulary #BodyParts
2026-09-08 01:00,2026-09-08,01:00,speaksilq_urdu,Urdu,04_urdu/urdu_29-common-verbs_p4of4_learn.png,urdu_29-common-verbs_p4of4_learn.png,Common Verbs,learn,4,4,pistachio,"English vs Urdu — Common Verbs (part 4 of 4)
To cry = Rona · To love = Mohabbat karna · To like = Pasand karna
Learn Urdu and 20+ more at Speaksilq.com","Pastel vocabulary card titled ""English vs Urdu"", subtitle ""Common Verbs"", listing 13 English words with their Urdu romanisations.",#SpeakSilq #LearnUrdu #Urdu #LanguageLearning #Vocabulary #CommonVerbs
2026-09-08 13:00,2026-09-08,13:00,speaksilq_bengali,Bengali,05_bengali/bengali_06-numbers_p6of6_time.png,bengali_06-numbers_p6of6_time.png,Numbers & Counting,time,6,6,powder-blue,"English vs Bengali — Numbers & Counting (part 6 of 6)
How many? / how much? = koto? · A few / some = kichhu · Many / a lot = onek
Learn Bengali and 20+ more at Speaksilq.com","Pastel vocabulary card titled ""English vs Bengali"", subtitle ""Numbers & Counting"", listing 12 English words with their Bengali romanisations.",#SpeakSilq #LearnBengali #Bengali #LanguageLearning #Vocabulary #Numbers
2026-09-08 13:00,2026-09-08,13:00,speaksilq_dari,Dari,03_dari/dari_16-cooking-kitchen_p1of3_food.png,dari_16-cooking-kitchen_p1of3_food.png,Cooking & Kitchen,food,1,3,powder-blue,"English vs Dari — Cooking & Kitchen (part 1 of 3)
Kitchen = Ashpazkhana · Cook (person) = Ashpaz · Stove = Ojaq
Learn Dari and 20+ more at Speaksilq.com","Pastel vocabulary card titled ""English vs Dari"", subtitle ""Cooking & Kitchen"", listing 10 English words with their Dari romanisations.",#SpeakSilq #LearnDari #Dari #LanguageLearning #Vocabulary #CookingKitchen
2026-09-08 13:00,2026-09-08,13:00,speaksilq_farsi,Farsi,02_farsi/farsi_06-numbers_p2of5_time.png,farsi_06-numbers_p2of5_time.png,Numbers,time,2,5,powder-blue,"English vs Farsi — Numbers (part 2 of 5)
Eleven = yâzdah · Twelve = davâzdah · Thirteen = sizdah
Learn Farsi and 20+ more at Speaksilq.com","Pastel vocabulary card titled ""English vs Farsi"", subtitle ""Numbers"", listing 11 English words with their Farsi romanisations.",#SpeakSilq #LearnFarsi #Farsi #LanguageLearning #Vocabulary #Numbers
2026-09-08 13:00,2026-09-08,13:00,speaksilq_pashto,Pashto,01_pashto/pashto_18-home-household_p3of3_home.png,pashto_18-home-household_p3of3_home.png,Home & Household,home,3,3,powder-blue,"English vs Pashto — Home & Household (part 3 of 3)
Fan = Panka · Wood stove = Bukhaari · Curtain = Parda
Learn Pashto and 20+ more at Speaksilq.com","Pastel vocabulary card titled ""English vs Pashto"", subtitle ""Home & Household"", listing 10 English words with their Pashto romanisations.",#SpeakSilq #LearnPashto #Pashto #LanguageLearning #Vocabulary #HomeHousehold
2026-09-08 13:00,2026-09-08,13:00,speaksilq_urdu,Urdu,04_urdu/urdu_19-clothing-accessories_p1of2_home.png,urdu_19-clothing-accessories_p1of2_home.png,Clothing & Accessories,home,1,2,powder-blue,"English vs Urdu — Clothing & Accessories (part 1 of 2)
Clothes = Kapre · Shirt = Qameez · Trousers = Pajama
Learn Urdu and 20+ more at Speaksilq.com","Pastel vocabulary card titled ""English vs Urdu"", subtitle ""Clothing & Accessories"", listing 13 English words with their Urdu romanisations.",#SpeakSilq #LearnUrdu #Urdu #LanguageLearning #Vocabulary #ClothingAccessories
2026-09-09 01:00,2026-09-09,01:00,speaksilq_bengali,Bengali,05_bengali/bengali_29-common-verbs_p4of7_learn.png,bengali_29-common-verbs_p4of7_learn.png,Common Verbs,learn,4,7,coral-mist,"English vs Bengali — Common Verbs (part 4 of 7)
To stop = thama · To work = kaj kora · To play = khêla
Learn Bengali and 20+ more at Speaksilq.com","Pastel vocabulary card titled ""English vs Bengali"", subtitle ""Common Verbs"", listing 13 English words with their Bengali romanisations.",#SpeakSilq #LearnBengali #Bengali #LanguageLearning #Vocabulary #CommonVerbs
2026-09-09 01:00,2026-09-09,01:00,speaksilq_dari,Dari,03_dari/dari_32-education-school_p1of2_learn.png,dari_32-education-school_p1of2_learn.png,Education & School,learn,1,2,coral-mist,"English vs Dari — Education & School (part 1 of 2)
Education = Ta'lim · Book = Kitab · Notebook = Kitabcha
Learn Dari and 20+ more at Speaksilq.com","Pastel vocabulary card titled ""English vs Dari"", subtitle ""Education & School"", listing 13 English words with their Dari romanisations.",#SpeakSilq #LearnDari #Dari #LanguageLearning #Vocabulary #EducationSchool
2026-09-09 01:00,2026-09-09,01:00,speaksilq_farsi,Farsi,02_farsi/farsi_12-body-parts_p5of5_people.png,farsi_12-body-parts_p5of5_people.png,Body & Health,people,5,5,coral-mist,"English vs Farsi — Body & Health (part 5 of 5)
Hospital = bimârestân · Pharmacy = dârukhâne · Clinic = darmângâh
Learn Farsi and 20+ more at Speaksilq.com","Pastel vocabulary card titled ""English vs Farsi"", subtitle ""Body & Health"", listing 11 English words with their Farsi romanisations.",#SpeakSilq #LearnFarsi #Farsi #LanguageLearning #Vocabulary #BodyParts
2026-09-09 01:00,2026-09-09,01:00,speaksilq_pashto,Pashto,01_pashto/pashto_09-daily-routine_p2of3_time.png,pashto_09-daily-routine_p2of3_time.png,Daily Routine & Habits,time,2,3,coral-mist,"English vs Pashto — Daily Routine & Habits (part 2 of 3)
To have dinner = Da shpe dodai khwaral · To take a nap = Lag wida kedal · To tidy the house = Kor paakawal
Learn Pashto and 20+ more at Speaksilq.com","Pastel vocabulary card titled ""English vs Pashto"", subtitle ""Daily Routine & Habits"", listing 12 English words with their Pashto romanisations.",#SpeakSilq #LearnPashto #Pashto #LanguageLearning #Vocabulary #DailyRoutine
2026-09-09 01:00,2026-09-09,01:00,speaksilq_urdu,Urdu,04_urdu/urdu_22-travel-transport_p3of3_travel.png,urdu_22-travel-transport_p3of3_travel.png,Travel & Transport,travel,3,3,coral-mist,"English vs Urdu — Travel & Transport (part 3 of 3)
Traffic = Traffic · Delay = Taakheer · Arrival = Aamad
Learn Urdu and 20+ more at Speaksilq.com","Pastel vocabulary card titled ""English vs Urdu"", subtitle ""Travel & Transport"", listing 11 English words with their Urdu romanisations.",#SpeakSilq #LearnUrdu #Urdu #LanguageLearning #Vocabulary #TravelTransport
2026-09-09 13:00,2026-09-09,13:00,speaksilq_bengali,Bengali,05_bengali/bengali_02-everyday-phrases_p1of11_social.png,bengali_02-everyday-phrases_p1of11_social.png,Everyday Phrases,social,1,11,honeydew,"English vs Bengali — Everyday Phrases (part 1 of 11)
I don't understand = ami bujhi na · I understand = ami bujhechhi · Please say it again = abar bolun
Learn Bengali and 20+ more at Speaksilq.com","Pastel vocabulary card titled ""English vs Bengali"", subtitle ""Everyday Phrases"", listing 12 English words with their Bengali romanisations.",#SpeakSilq #LearnBengali #Bengali #LanguageLearning #Vocabulary #EverydayPhrases
2026-09-09 13:00,2026-09-09,13:00,speaksilq_dari,Dari,03_dari/dari_02-everyday-phrases_p4of4_social.png,dari_02-everyday-phrases_p4of4_social.png,Everyday Phrases,social,4,4,honeydew,"English vs Dari — Everyday Phrases (part 4 of 4)
I forgot = Faramosh kardum · Can you help me? = Metanin ba man komak kunin? · Of course, with pleasure = Albata, ba khushi
Learn Dari and 20+ more at Speaksilq.com","Pastel vocabulary card titled ""English vs Dari"", subtitle ""Everyday Phrases"", listing 10 English words with their Dari romanisations.",#SpeakSilq #LearnDari #Dari #LanguageLearning #Vocabulary #EverydayPhrases
2026-09-09 13:00,2026-09-09,13:00,speaksilq_farsi,Farsi,02_farsi/farsi_22-travel-transport_p3of4_travel.png,farsi_22-travel-transport_p3of4_travel.png,Travel & Transport,travel,3,4,honeydew,"English vs Farsi — Travel & Transport (part 3 of 4)
Bridge = pol · Traffic = terâfik · Traffic light = cherâgh-e râhnamâyi
Learn Farsi and 20+ more at Speaksilq.com","Pastel vocabulary card titled ""English vs Farsi"", subtitle ""Travel & Transport"", listing 12 English words with their Farsi romanisations.",#SpeakSilq #LearnFarsi #Farsi #LanguageLearning #Vocabulary #TravelTransport
2026-09-09 13:00,2026-09-09,13:00,speaksilq_pashto,Pashto,01_pashto/pashto_15-fruits-vegetables_p2of3_food.png,pashto_15-fruits-vegetables_p2of3_food.png,Fruits & Vegetables,food,2,3,honeydew,"English vs Pashto — Fruits & Vegetables (part 2 of 3)
Date (fruit) = Khurmaa · Almond = Baadaam · Walnut = Ghwaz
Learn Pashto and 20+ more at Speaksilq.com","Pastel vocabulary card titled ""English vs Pashto"", subtitle ""Fruits & Vegetables"", listing 10 English words with their Pashto romanisations.",#SpeakSilq #LearnPashto #Pashto #LanguageLearning #Vocabulary #FruitsVegetables
2026-09-09 13:00,2026-09-09,13:00,speaksilq_urdu,Urdu,04_urdu/urdu_13-health-medical_p1of2_people.png,urdu_13-health-medical_p1of2_people.png,Health & Medical,people,1,2,honeydew,"English vs Urdu — Health & Medical (part 1 of 2)
Health = Sehat · Doctor = Doctor · Hospital = Hospital
Learn Urdu and 20+ more at Speaksilq.com","Pastel vocabulary card titled ""English vs Urdu"", subtitle ""Health & Medical"", listing 15 English words with their Urdu romanisations.",#SpeakSilq #LearnUrdu #Urdu #LanguageLearning #Vocabulary #HealthMedical
2026-09-10 01:00,2026-09-10,01:00,speaksilq_bengali,Bengali,05_bengali/bengali_27-animals-birds_p3of5_world.png,bengali_27-animals-birds_p3of5_world.png,Animals & Nature,world,3,5,periwinkle,"English vs Bengali — Animals & Nature (part 3 of 5)
Fly (insect) = machhi · Ant = pipra · Butterfly = prajapoti
Learn Bengali and 20+ more at Speaksilq.com","Pastel vocabulary card titled ""English vs Bengali"", subtitle ""Animals & Nature"", listing 12 English words with their Bengali romanisations.",#SpeakSilq #LearnBengali #Bengali #LanguageLearning #Vocabulary #AnimalsBirds
2026-09-10 01:00,2026-09-10,01:00,speaksilq_dari,Dari,03_dari/dari_09-daily-routine_p2of3_time.png,dari_09-daily-routine_p2of3_time.png,Daily Routine & Habits,time,2,3,periwinkle,"English vs Dari — Daily Routine & Habits (part 2 of 3)
To have dinner = Nan-e shab khordan · To take a nap = Chort zadan · To tidy the house = Khana pak kardan
Learn Dari and 20+ more at Speaksilq.com","Pastel vocabulary card titled ""English vs Dari"", subtitle ""Daily Routine & Habits"", listing 12 English words with their Dari romanisations.",#SpeakSilq #LearnDari #Dari #LanguageLearning #Vocabulary #DailyRoutine
2026-09-10 01:00,2026-09-10,01:00,speaksilq_farsi,Farsi,02_farsi/farsi_34-sports-leisure_p1of3_learn.png,farsi_34-sports-leisure_p1of3_learn.png,Sports & Leisure,learn,1,3,periwinkle,"English vs Farsi — Sports & Leisure (part 1 of 3)
Game = bâzi · Football (soccer) = futbâl · Volleyball = vâlibâl
Learn Farsi and 20+ more at Speaksilq.com","Pastel vocabulary card titled ""English vs Farsi"", subtitle ""Sports & Leisure"", listing 10 English words with their Farsi romanisations.",#SpeakSilq #LearnFarsi #Farsi #LanguageLearning #Vocabulary #SportsLeisure
2026-09-10 01:00,2026-09-10,01:00,speaksilq_pashto,Pashto,01_pashto/pashto_32-education-school_p1of2_learn.png,pashto_32-education-school_p1of2_learn.png,Education & School,learn,1,2,periwinkle,"English vs Pashto — Education & School (part 1 of 2)
Education = Zda kra · Book = Kitaab · Notebook = Kitaabcha
Learn Pashto and 20+ more at Speaksilq.com","Pastel vocabulary card titled ""English vs Pashto"", subtitle ""Education & School"", listing 13 English words with their Pashto romanisations.",#SpeakSilq #LearnPashto #Pashto #LanguageLearning #Vocabulary #EducationSchool
2026-09-10 01:00,2026-09-10,01:00,speaksilq_urdu,Urdu,04_urdu/urdu_16-cooking-kitchen_p2of2_food.png,urdu_16-cooking-kitchen_p2of2_food.png,Cooking & Kitchen,food,2,2,periwinkle,"English vs Urdu — Cooking & Kitchen (part 2 of 2)
Oven = Oven · Gas = Gas · Fire = Aag
Learn Urdu and 20+ more at Speaksilq.com","Pastel vocabulary card titled ""English vs Urdu"", subtitle ""Cooking & Kitchen"", listing 15 English words with their Urdu romanisations.",#SpeakSilq #LearnUrdu #Urdu #LanguageLearning #Vocabulary #CookingKitchen
2026-09-10 13:00,2026-09-10,13:00,speaksilq_bengali,Bengali,05_bengali/bengali_20-shopping-money_p4of4_home.png,bengali_20-shopping-money_p4of4_home.png,Shopping & Money,home,4,4,peach,"English vs Bengali — Shopping & Money (part 4 of 4)
I'm just looking = ami just dekhchhi · Give me one kilo = ek kejie den · Kilogram = keji
Learn Bengali and 20+ more at Speaksilq.com","Pastel vocabulary card titled ""English vs Bengali"", subtitle ""Shopping & Money"", listing 10 English words with their Bengali romanisations.",#SpeakSilq #LearnBengali #Bengali #LanguageLearning #Vocabulary #ShoppingMoney
2026-09-10 13:00,2026-09-10,13:00,speaksilq_dari,Dari,03_dari/dari_15-fruits-vegetables_p2of3_food.png,dari_15-fruits-vegetables_p2of3_food.png,Fruits & Vegetables,food,2,3,peach,"English vs Dari — Fruits & Vegetables (part 2 of 3)
Date (fruit) = Khurma · Almond = Badam · Walnut = Charmaghz
Learn Dari and 20+ more at Speaksilq.com","Pastel vocabulary card titled ""English vs Dari"", subtitle ""Fruits & Vegetables"", listing 10 English words with their Dari romanisations.",#SpeakSilq #LearnDari #Dari #LanguageLearning #Vocabulary #FruitsVegetables
2026-09-10 13:00,2026-09-10,13:00,speaksilq_farsi,Farsi,02_farsi/farsi_05-connectors-prepositions_p3of4_social.png,farsi_05-connectors-prepositions_p3of4_social.png,Connectors & Prepositions,social,3,4,peach,"English vs Farsi — Connectors & Prepositions (part 3 of 4)
Before = qabl az · During = dar tul-e · Between = beyn
Learn Farsi and 20+ more at Speaksilq.com","Pastel vocabulary card titled ""English vs Farsi"", subtitle ""Connectors & Prepositions"", listing 12 English words with their Farsi romanisations.",#SpeakSilq #LearnFarsi #Farsi #LanguageLearning #Vocabulary #ConnectorsPrepositions
2026-09-10 13:00,2026-09-10,13:00,speaksilq_pashto,Pashto,01_pashto/pashto_02-everyday-phrases_p4of4_social.png,pashto_02-everyday-phrases_p4of4_social.png,Everyday Phrases,social,4,4,peach,"English vs Pashto — Everyday Phrases (part 4 of 4)
I forgot = Maa her kra · Can you help me? = Taaso zmaa sara mrasta kawalay shay? · Of course, with pleasure = Albata, pa khwashai sara
Learn Pashto and 20+ more at Speaksilq.com","Pastel vocabulary card titled ""English vs Pashto"", subtitle ""Everyday Phrases"", listing 10 English words with their Pashto romanisations.",#SpeakSilq #LearnPashto #Pashto #LanguageLearning #Vocabulary #EverydayPhrases
2026-09-10 13:00,2026-09-10,13:00,speaksilq_urdu,Urdu,04_urdu/urdu_30-adjectives-opposites_p3of3_learn.png,urdu_30-adjectives-opposites_p3of3_learn.png,Adjectives & Opposites,learn,3,3,peach,"English vs Urdu — Adjectives & Opposites (part 3 of 3)
Near = Qareeb · Far = Door · Open = Khula
Learn Urdu and 20+ more at Speaksilq.com","Pastel vocabulary card titled ""English vs Urdu"", subtitle ""Adjectives & Opposites"", listing 15 English words with their Urdu romanisations.",#SpeakSilq #LearnUrdu #Urdu #LanguageLearning #Vocabulary #AdjectivesOpposites
2026-09-11 01:00,2026-09-11,01:00,speaksilq_bengali,Bengali,05_bengali/bengali_33-technology-communication_p2of3_learn.png,bengali_33-technology-communication_p2of3_learn.png,Technology & Communication,learn,2,3,sage,"English vs Bengali — Technology & Communication (part 2 of 3)
Battery = bêatari · Screen = porda · Camera = kêamera
Learn Bengali and 20+ more at Speaksilq.com","Pastel vocabulary card titled ""English vs Bengali"", subtitle ""Technology & Communication"", listing 10 English words with their Bengali romanisations.",#SpeakSilq #LearnBengali #Bengali #LanguageLearning #Vocabulary #TechnologyCommunication
2026-09-11 01:00,2026-09-11,01:00,speaksilq_dari,Dari,03_dari/dari_25-hotel-accommodation_p2of2_travel.png,dari_25-hotel-accommodation_p2of2_travel.png,Hotel & Accommodation,travel,2,2,sage,"English vs Dari — Hotel & Accommodation (part 2 of 2)
Lift / elevator = Asansor · Check out = Utaq khali kardan · Do you have a room available? = Utaq-e khali darin?
Learn Dari and 20+ more at Speaksilq.com","Pastel vocabulary card titled ""English vs Dari"", subtitle ""Hotel & Accommodation"", listing 12 English words with their Dari romanisations.",#SpeakSilq #LearnDari #Dari #LanguageLearning #Vocabulary #HotelAccommodation
2026-09-11 01:00,2026-09-11,01:00,speaksilq_farsi,Farsi,02_farsi/farsi_14-food-drink_p5of8_food.png,farsi_14-food-drink_p5of8_food.png,Food & Drink,food,5,8,sage,"English vs Farsi — Food & Drink (part 5 of 8)
Carrot = havij · Cucumber = khiâr · Eggplant = bâdemjân
Learn Farsi and 20+ more at Speaksilq.com","Pastel vocabulary card titled ""English vs Farsi"", subtitle ""Food & Drink"", listing 10 English words with their Farsi romanisations.",#SpeakSilq #LearnFarsi #Farsi #LanguageLearning #Vocabulary #FoodDrink
2026-09-11 01:00,2026-09-11,01:00,speaksilq_pashto,Pashto,01_pashto/pashto_25-hotel-accommodation_p2of2_travel.png,pashto_25-hotel-accommodation_p2of2_travel.png,Hotel & Accommodation,travel,2,2,sage,"English vs Pashto — Hotel & Accommodation (part 2 of 2)
Lift / elevator = Asaansor · Check out = Kota khaali kawal · Do you have a room available? = Khaali kota laray?
Learn Pashto and 20+ more at Speaksilq.com","Pastel vocabulary card titled ""English vs Pashto"", subtitle ""Hotel & Accommodation"", listing 12 English words with their Pashto romanisations.",#SpeakSilq #LearnPashto #Pashto #LanguageLearning #Vocabulary #HotelAccommodation
2026-09-11 01:00,2026-09-11,01:00,speaksilq_urdu,Urdu,04_urdu/urdu_26-nature-weather_p1of2_world.png,urdu_26-nature-weather_p1of2_world.png,Nature & Weather,world,1,2,sage,"English vs Urdu — Nature & Weather (part 1 of 2)
Weather = Mausam · Sun = Sooraj · Moon = Chaand
Learn Urdu and 20+ more at Speaksilq.com","Pastel vocabulary card titled ""English vs Urdu"", subtitle ""Nature & Weather"", listing 15 English words with their Urdu romanisations.",#SpeakSilq #LearnUrdu #Urdu #LanguageLearning #Vocabulary #NatureWeather
2026-09-11 13:00,2026-09-11,13:00,speaksilq_bengali,Bengali,05_bengali/bengali_14-food-drink_p4of6_food.png,bengali_14-food-drink_p4of6_food.png,Food & Drink,food,4,6,lavender,"English vs Bengali — Food & Drink (part 4 of 6)
Fruit = phol · Mango = am · Banana = kola
Learn Bengali and 20+ more at Speaksilq.com","Pastel vocabulary card titled ""English vs Bengali"", subtitle ""Food & Drink"", listing 13 English words with their Bengali romanisations.",#SpeakSilq #LearnBengali #Bengali #LanguageLearning #Vocabulary #FoodDrink
2026-09-11 13:00,2026-09-11,13:00,speaksilq_dari,Dari,03_dari/dari_30-adjectives-opposites_p4of4_learn.png,dari_30-adjectives-opposites_p4of4_learn.png,Adjectives & Opposites,learn,4,4,lavender,"English vs Dari — Adjectives & Opposites (part 4 of 4)
Expensive = Qimat · Cheap = Arzan · Delicious = Mazadar
Learn Dari and 20+ more at Speaksilq.com","Pastel vocabulary card titled ""English vs Dari"", subtitle ""Adjectives & Opposites"", listing 11 English words with their Dari romanisations.",#SpeakSilq #LearnDari #Dari #LanguageLearning #Vocabulary #AdjectivesOpposites
2026-09-11 13:00,2026-09-11,13:00,speaksilq_farsi,Farsi,02_farsi/farsi_30-adjectives-opposites_p4of8_learn.png,farsi_30-adjectives-opposites_p4of8_learn.png,Adjectives & Descriptions,learn,4,8,lavender,"English vs Farsi — Adjectives & Descriptions (part 4 of 8)
Different = motafâvet · Similar = shabih · Important = mohem
Learn Farsi and 20+ more at Speaksilq.com","Pastel vocabulary card titled ""English vs Farsi"", subtitle ""Adjectives & Descriptions"", listing 12 English words with their Farsi romanisations.",#SpeakSilq #LearnFarsi #Farsi #LanguageLearning #Vocabulary #AdjectivesOpposites
2026-09-11 13:00,2026-09-11,13:00,speaksilq_pashto,Pashto,01_pashto/pashto_14-food-drink_p3of4_food.png,pashto_14-food-drink_p3of4_food.png,Food & Drink,food,3,4,lavender,"English vs Pashto — Food & Drink (part 3 of 4)
Flour = Ora · Beans = Loobiyaa · Stew = Qorma
Learn Pashto and 20+ more at Speaksilq.com","Pastel vocabulary card titled ""English vs Pashto"", subtitle ""Food & Drink"", listing 10 English words with their Pashto romanisations.",#SpeakSilq #LearnPashto #Pashto #LanguageLearning #Vocabulary #FoodDrink
2026-09-11 13:00,2026-09-11,13:00,speaksilq_urdu,Urdu,04_urdu/urdu_01-greetings-courtesy_p2of3_social.png,urdu_01-greetings-courtesy_p2of3_social.png,Greetings & Courtesy,social,2,3,lavender,"English vs Urdu — Greetings & Courtesy (part 2 of 3)
Thank you very much = Bohot shukriya · You're welcome = Koi baat nahin · Please (kindly) = Barah-e-karam
Learn Urdu and 20+ more at Speaksilq.com","Pastel vocabulary card titled ""English vs Urdu"", subtitle ""Greetings & Courtesy"", listing 12 English words with their Urdu romanisations.",#SpeakSilq #LearnUrdu #Urdu #LanguageLearning #Vocabulary #GreetingsCourtesy
2026-09-12 01:00,2026-09-12,01:00,speaksilq_bengali,Bengali,05_bengali/bengali_01-greetings-courtesy_p2of5_social.png,bengali_01-greetings-courtesy_p2of5_social.png,Greetings & Courtesy,social,2,5,champagne,"English vs Bengali — Greetings & Courtesy (part 2 of 5)
How are you? (intimate) = tui kemon achhish? · I am well = ami bhalo achhi · I am not well = ami bhalo nei
Learn Bengali and 20+ more at Speaksilq.com","Pastel vocabulary card titled ""English vs Bengali"", subtitle ""Greetings & Courtesy"", listing 11 English words with their Bengali romanisations.",#SpeakSilq #LearnBengali #Bengali #LanguageLearning #Vocabulary #GreetingsCourtesy
2026-09-12 01:00,2026-09-12,01:00,speaksilq_dari,Dari,03_dari/dari_28-emergencies-safety_p1of2_world.png,dari_28-emergencies-safety_p1of2_world.png,Emergencies & Safety,world,1,2,champagne,"English vs Dari — Emergencies & Safety (part 1 of 2)
Help! = Komak! · Danger = Khatar · Emergency = Halat-e izterari
Learn Dari and 20+ more at Speaksilq.com","Pastel vocabulary card titled ""English vs Dari"", subtitle ""Emergencies & Safety"", listing 13 English words with their Dari romanisations.",#SpeakSilq #LearnDari #Dari #LanguageLearning #Vocabulary #EmergenciesSafety
2026-09-12 01:00,2026-09-12,01:00,speaksilq_farsi,Farsi,02_farsi/farsi_01-greetings-courtesy_p5of5_social.png,farsi_01-greetings-courtesy_p5of5_social.png,Greetings & Politeness,social,5,5,champagne,"English vs Farsi — Greetings & Politeness (part 5 of 5)
Nothing much = khabari nist · Take care = movâzeb-e khodet bâsh · Bless you (after a sneeze) = âfiyat bâshad
Learn Farsi and 20+ more at Speaksilq.com","Pastel vocabulary card titled ""English vs Farsi"", subtitle ""Greetings & Politeness"", listing 11 English words with their Farsi romanisations.",#SpeakSilq #LearnFarsi #Farsi #LanguageLearning #Vocabulary #GreetingsCourtesy
2026-09-12 01:00,2026-09-12,01:00,speaksilq_pashto,Pashto,01_pashto/pashto_28-emergencies-safety_p1of2_world.png,pashto_28-emergencies-safety_p1of2_world.png,Emergencies & Safety,world,1,2,champagne,"English vs Pashto — Emergencies & Safety (part 1 of 2)
Help! = Mrasta! · Danger = Khatar · Emergency = Berani haalat
Learn Pashto and 20+ more at Speaksilq.com","Pastel vocabulary card titled ""English vs Pashto"", subtitle ""Emergencies & Safety"", listing 13 English words with their Pashto romanisations.",#SpeakSilq #LearnPashto #Pashto #LanguageLearning #Vocabulary #EmergenciesSafety
2026-09-12 01:00,2026-09-12,01:00,speaksilq_urdu,Urdu,04_urdu/urdu_24-city-places_p2of2_travel.png,urdu_24-city-places_p2of2_travel.png,City & Places,travel,2,2,champagne,"English vs Urdu — City & Places (part 2 of 2)
Bank branch = Bank ki shakh · Park = Park · Museum = Ajaib ghar
Learn Urdu and 20+ more at Speaksilq.com","Pastel vocabulary card titled ""English vs Urdu"", subtitle ""City & Places"", listing 12 English words with their Urdu romanisations.",#SpeakSilq #LearnUrdu #Urdu #LanguageLearning #Vocabulary #CityPlaces
2026-09-12 13:00,2026-09-12,13:00,speaksilq_bengali,Bengali,05_bengali/bengali_22-travel-transport_p1of4_travel.png,bengali_22-travel-transport_p1of4_travel.png,Travel & Transport,travel,1,4,mint,"English vs Bengali — Travel & Transport (part 1 of 4)
Travel / journey = bhromon · Trip = jatra · Vehicle / car = gari
Learn Bengali and 20+ more at Speaksilq.com","Pastel vocabulary card titled ""English vs Bengali"", subtitle ""Travel & Transport"", listing 13 English words with their Bengali romanisations.",#SpeakSilq #LearnBengali #Bengali #LanguageLearning #Vocabulary #TravelTransport
2026-09-12 13:00,2026-09-12,13:00,speaksilq_dari,Dari,03_dari/dari_14-food-drink_p3of4_food.png,dari_14-food-drink_p3of4_food.png,Food & Drink,food,3,4,mint,"English vs Dari — Food & Drink (part 3 of 4)
Flour = Ard · Beans = Lubya · Stew / gravy = Qorma
Learn Dari and 20+ more at Speaksilq.com","Pastel vocabulary card titled ""English vs Dari"", subtitle ""Food & Drink"", listing 10 English words with their Dari romanisations.",#SpeakSilq #LearnDari #Dari #LanguageLearning #Vocabulary #FoodDrink
2026-09-12 13:00,2026-09-12,13:00,speaksilq_farsi,Farsi,02_farsi/farsi_07-time-frequency_p5of6_time.png,farsi_07-time-frequency_p5of6_time.png,Time & Calendar,time,5,6,mint,"English vs Farsi — Time & Calendar (part 5 of 6)
Never = hargez · Sometimes = gâhi · Often = aghlab
Learn Farsi and 20+ more at Speaksilq.com","Pastel vocabulary card titled ""English vs Farsi"", subtitle ""Time & Calendar"", listing 11 English words with their Farsi romanisations.",#SpeakSilq #LearnFarsi #Farsi #LanguageLearning #Vocabulary #TimeFrequency
2026-09-12 13:00,2026-09-12,13:00,speaksilq_pashto,Pashto,01_pashto/pashto_30-adjectives-opposites_p4of4_learn.png,pashto_30-adjectives-opposites_p4of4_learn.png,Adjectives & Opposites,learn,4,4,mint,"English vs Pashto — Adjectives & Opposites (part 4 of 4)
Expensive = Graan · Cheap = Aarzaan · Delicious = Khwandwar
Learn Pashto and 20+ more at Speaksilq.com","Pastel vocabulary card titled ""English vs Pashto"", subtitle ""Adjectives & Opposites"", listing 11 English words with their Pashto romanisations.",#SpeakSilq #LearnPashto #Pashto #LanguageLearning #Vocabulary #AdjectivesOpposites
2026-09-12 13:00,2026-09-12,13:00,speaksilq_urdu,Urdu,04_urdu/urdu_32-education-school_p2of2_learn.png,urdu_32-education-school_p2of2_learn.png,Education & School,learn,2,2,mint,"English vs Urdu — Education & School (part 2 of 2)
Answer = Jawab · Language = Zabaan · Word = Lafz
Learn Urdu and 20+ more at Speaksilq.com","Pastel vocabulary card titled ""English vs Urdu"", subtitle ""Education & School"", listing 12 English words with their Urdu romanisations.",#SpeakSilq #LearnUrdu #Urdu #LanguageLearning #Vocabulary #EducationSchool
2026-09-13 01:00,2026-09-13,01:00,speaksilq_bengali,Bengali,05_bengali/bengali_12-body-parts_p2of5_people.png,bengali_12-body-parts_p2of5_people.png,Body & Health,people,2,5,lilac,"English vs Bengali — Body & Health (part 2 of 5)
Shoulder = kãdh · Arm = bahu · Hand = hat
Learn Bengali and 20+ more at Speaksilq.com","Pastel vocabulary card titled ""English vs Bengali"", subtitle ""Body & Health"", listing 13 English words with their Bengali romanisations.",#SpeakSilq #LearnBengali #Bengali #LanguageLearning #Vocabulary #BodyParts
2026-09-13 01:00,2026-09-13,01:00,speaksilq_dari,Dari,03_dari/dari_13-health-medical_p2of3_people.png,dari_13-health-medical_p2of3_people.png,Health & Medical,people,2,3,lilac,"English vs Dari — Health & Medical (part 2 of 3)
Headache = Sar dardi · Stomach ache = Shekam dardi · Fever = Tab
Learn Dari and 20+ more at Speaksilq.com","Pastel vocabulary card titled ""English vs Dari"", subtitle ""Health & Medical"", listing 10 English words with their Dari romanisations.",#SpeakSilq #LearnDari #Dari #LanguageLearning #Vocabulary #HealthMedical
2026-09-13 01:00,2026-09-13,01:00,speaksilq_farsi,Farsi,02_farsi/farsi_18-home-household_p4of5_home.png,farsi_18-home-household_p4of5_home.png,Home & Household,home,4,5,lilac,"English vs Farsi — Home & Household (part 4 of 5)
Lamp = cherâgh · Refrigerator = yakhchâl · Stove = ojâq-e gâz
Learn Farsi and 20+ more at Speaksilq.com","Pastel vocabulary card titled ""English vs Farsi"", subtitle ""Home & Household"", listing 10 English words with their Farsi romanisations.",#SpeakSilq #LearnFarsi #Farsi #LanguageLearning #Vocabulary #HomeHousehold
2026-09-13 01:00,2026-09-13,01:00,speaksilq_pashto,Pashto,01_pashto/pashto_20-shopping-money_p3of3_home.png,pashto_20-shopping-money_p3of3_home.png,Shopping & Money,home,3,3,lilac,"English vs Pashto — Shopping & Money (part 3 of 3)
That is too expensive = Daa der graan dai · Lower the price a little = Lag kam krey · I will take this = Za daa akhlam
Learn Pashto and 20+ more at Speaksilq.com","Pastel vocabulary card titled ""English vs Pashto"", subtitle ""Shopping & Money"", listing 10 English words with their Pashto romanisations.",#SpeakSilq #LearnPashto #Pashto #LanguageLearning #Vocabulary #ShoppingMoney
2026-09-13 01:00,2026-09-13,01:00,speaksilq_urdu,Urdu,04_urdu/urdu_15-fruits-vegetables_p1of2_food.png,urdu_15-fruits-vegetables_p1of2_food.png,Fruits & Vegetables,food,1,2,lilac,"English vs Urdu — Fruits & Vegetables (part 1 of 2)
Fruit = Phal · Apple = Saib · Banana = Kela
Learn Urdu and 20+ more at Speaksilq.com","Pastel vocabulary card titled ""English vs Urdu"", subtitle ""Fruits & Vegetables"", listing 15 English words with their Urdu romanisations.",#SpeakSilq #LearnUrdu #Urdu #LanguageLearning #Vocabulary #FruitsVegetables
2026-09-13 13:00,2026-09-13,13:00,speaksilq_bengali,Bengali,05_bengali/bengali_30-adjectives-opposites_p4of7_learn.png,bengali_30-adjectives-opposites_p4of7_learn.png,Adjectives & Opposites,learn,4,7,sand,"English vs Bengali — Adjectives & Opposites (part 4 of 7)
Wide = chowra · Narrow = shoru · Deep = gobhir
Learn Bengali and 20+ more at Speaksilq.com","Pastel vocabulary card titled ""English vs Bengali"", subtitle ""Adjectives & Opposites"", listing 11 English words with their Bengali romanisations.",#SpeakSilq #LearnBengali #Bengali #LanguageLearning #Vocabulary #AdjectivesOpposites
2026-09-13 13:00,2026-09-13,13:00,speaksilq_dari,Dari,03_dari/dari_35-religion-culture_p2of2_learn.png,dari_35-religion-culture_p2of2_learn.png,Religion & Culture,learn,2,2,sand,"English vs Dari — Religion & Culture (part 2 of 2)
Blessing = Barakat · Sin = Gunah · Good deed = Sawab
Learn Dari and 20+ more at Speaksilq.com","Pastel vocabulary card titled ""English vs Dari"", subtitle ""Religion & Culture"", listing 10 English words with their Dari romanisations.",#SpeakSilq #LearnDari #Dari #LanguageLearning #Vocabulary #ReligionCulture
2026-09-13 13:00,2026-09-13,13:00,speaksilq_farsi,Farsi,02_farsi/farsi_02-everyday-phrases_p3of7_social.png,farsi_02-everyday-phrases_p3of7_social.png,Everyday Phrases,social,3,7,sand,"English vs Farsi — Everyday Phrases (part 3 of 7)
I'm thirsty = teshne hastam · I'm tired = khaste hastam · I'm sick = mariz hastam
Learn Farsi and 20+ more at Speaksilq.com","Pastel vocabulary card titled ""English vs Farsi"", subtitle ""Everyday Phrases"", listing 12 English words with their Farsi romanisations.",#SpeakSilq #LearnFarsi #Farsi #LanguageLearning #Vocabulary #EverydayPhrases
2026-09-13 13:00,2026-09-13,13:00,speaksilq_pashto,Pashto,01_pashto/pashto_07-time-frequency_p2of3_time.png,pashto_07-time-frequency_p2of3_time.png,Time & Frequency,time,2,3,sand,"English vs Pashto — Time & Frequency (part 2 of 3)
Yesterday = Parun · Day after tomorrow = Bal sabaa · Now = Os
Learn Pashto and 20+ more at Speaksilq.com","Pastel vocabulary card titled ""English vs Pashto"", subtitle ""Time & Frequency"", listing 12 English words with their Pashto romanisations.",#SpeakSilq #LearnPashto #Pashto #LanguageLearning #Vocabulary #TimeFrequency
2026-09-13 13:00,2026-09-13,13:00,speaksilq_urdu,Urdu,04_urdu/urdu_02-everyday-phrases_p3of3_social.png,urdu_02-everyday-phrases_p3of3_social.png,Everyday Phrases,social,3,3,sand,"English vs Urdu — Everyday Phrases (part 3 of 3)
That is true = Yeh sach hai · I don't know = Mujhe nahin pata · Let me think = Mujhe sochne dijiye
Learn Urdu and 20+ more at Speaksilq.com","Pastel vocabulary card titled ""English vs Urdu"", subtitle ""Everyday Phrases"", listing 13 English words with their Urdu romanisations.",#SpeakSilq #LearnUrdu #Urdu #LanguageLearning #Vocabulary #EverydayPhrases
2026-09-14 01:00,2026-09-14,01:00,speaksilq_bengali,Bengali,05_bengali/bengali_07-time-frequency_p3of6_time.png,bengali_07-time-frequency_p3of6_time.png,Time & Calendar,time,3,6,seafoam,"English vs Bengali — Time & Calendar (part 3 of 6)
Quarter to six = poune chhoyta · Early = shokal shokal · Late = deri
Learn Bengali and 20+ more at Speaksilq.com","Pastel vocabulary card titled ""English vs Bengali"", subtitle ""Time & Calendar"", listing 13 English words with their Bengali romanisations.",#SpeakSilq #LearnBengali #Bengali #LanguageLearning #Vocabulary #TimeFrequency
2026-09-14 01:00,2026-09-14,01:00,speaksilq_dari,Dari,03_dari/dari_20-shopping-money_p3of3_home.png,dari_20-shopping-money_p3of3_home.png,Shopping & Money,home,3,3,seafoam,"English vs Dari — Shopping & Money (part 3 of 3)
That is too expensive = Ee besyar qimat ast · Lower the price a little = Kami kam kunen · I will take this = Man ee ra megirum
Learn Dari and 20+ more at Speaksilq.com","Pastel vocabulary card titled ""English vs Dari"", subtitle ""Shopping & Money"", listing 10 English words with their Dari romanisations.",#SpeakSilq #LearnDari #Dari #LanguageLearning #Vocabulary #ShoppingMoney
2026-09-14 01:00,2026-09-14,01:00,speaksilq_farsi,Farsi,02_farsi/farsi_24-city-places_p1of4_travel.png,farsi_24-city-places_p1of4_travel.png,City & Places,travel,1,4,seafoam,"English vs Farsi — City & Places (part 1 of 4)
City = shahr · Village = rustâ · Country = keshvar
Learn Farsi and 20+ more at Speaksilq.com","Pastel vocabulary card titled ""English vs Farsi"", subtitle ""City & Places"", listing 11 English words with their Farsi romanisations.",#SpeakSilq #LearnFarsi #Farsi #LanguageLearning #Vocabulary #CityPlaces
2026-09-14 01:00,2026-09-14,01:00,speaksilq_pashto,Pashto,01_pashto/pashto_13-health-medical_p2of3_people.png,pashto_13-health-medical_p2of3_people.png,Health & Medical,people,2,3,seafoam,"English vs Pashto — Health & Medical (part 2 of 3)
Headache = Sar dard · Stomach ache = Gede dard · Fever = Taba
Learn Pashto and 20+ more at Speaksilq.com","Pastel vocabulary card titled ""English vs Pashto"", subtitle ""Health & Medical"", listing 10 English words with their Pashto romanisations.",#SpeakSilq #LearnPashto #Pashto #LanguageLearning #Vocabulary #HealthMedical
2026-09-14 01:00,2026-09-14,01:00,speaksilq_urdu,Urdu,04_urdu/urdu_28-emergencies-safety_p1of2_world.png,urdu_28-emergencies-safety_p1of2_world.png,Emergencies & Safety,world,1,2,seafoam,"English vs Urdu — Emergencies & Safety (part 1 of 2)
Help! = Madad! · Danger = Khatra · Emergency = Hangami halat
Learn Urdu and 20+ more at Speaksilq.com","Pastel vocabulary card titled ""English vs Urdu"", subtitle ""Emergencies & Safety"", listing 13 English words with their Urdu romanisations.",#SpeakSilq #LearnUrdu #Urdu #LanguageLearning #Vocabulary #EmergenciesSafety
2026-09-14 13:00,2026-09-14,13:00,speaksilq_bengali,Bengali,05_bengali/bengali_19-clothing-accessories_p1of3_home.png,bengali_19-clothing-accessories_p1of3_home.png,Clothing & Personal Items,home,1,3,orchid,"English vs Bengali — Clothing & Personal Items (part 1 of 3)
Clothes = kapor · Shirt = shart · Trousers = pêant
Learn Bengali and 20+ more at Speaksilq.com","Pastel vocabulary card titled ""English vs Bengali"", subtitle ""Clothing & Personal Items"", listing 10 English words with their Bengali romanisations.",#SpeakSilq #LearnBengali #Bengali #LanguageLearning #Vocabulary #ClothingAccessories
2026-09-14 13:00,2026-09-14,13:00,speaksilq_dari,Dari,03_dari/dari_07-time-frequency_p2of3_time.png,dari_07-time-frequency_p2of3_time.png,Time & Frequency,time,2,3,orchid,"English vs Dari — Time & Frequency (part 2 of 3)
Yesterday = Diroz · Day after tomorrow = Pas farda · Now = Hali
Learn Dari and 20+ more at Speaksilq.com","Pastel vocabulary card titled ""English vs Dari"", subtitle ""Time & Frequency"", listing 12 English words with their Dari romanisations.",#SpeakSilq #LearnDari #Dari #LanguageLearning #Vocabulary #TimeFrequency
2026-09-14 13:00,2026-09-14,13:00,speaksilq_farsi,Farsi,02_farsi/farsi_29-common-verbs_p9of10_learn.png,farsi_29-common-verbs_p9of10_learn.png,Common Verbs,learn,9,10,orchid,"English vs Farsi — Common Verbs (part 9 of 10)
to dance = raqsidan · to swim = shenâ kardan · to jump = paridan
Learn Farsi and 20+ more at Speaksilq.com","Pastel vocabulary card titled ""English vs Farsi"", subtitle ""Common Verbs"", listing 11 English words with their Farsi romanisations.",#SpeakSilq #LearnFarsi #Farsi #LanguageLearning #Vocabulary #CommonVerbs
2026-09-14 13:00,2026-09-14,13:00,speaksilq_pashto,Pashto,01_pashto/pashto_35-religion-culture_p2of2_learn.png,pashto_35-religion-culture_p2of2_learn.png,Religion & Culture,learn,2,2,orchid,"English vs Pashto — Religion & Culture (part 2 of 2)
Blessing = Barakat · Sin = Gunaah · Good deed = Sawaab
Learn Pashto and 20+ more at Speaksilq.com","Pastel vocabulary card titled ""English vs Pashto"", subtitle ""Religion & Culture"", listing 10 English words with their Pashto romanisations.",#SpeakSilq #LearnPashto #Pashto #LanguageLearning #Vocabulary #ReligionCulture
2026-09-14 13:00,2026-09-14,13:00,speaksilq_urdu,Urdu,04_urdu/urdu_09-daily-routine_p2of3_time.png,urdu_09-daily-routine_p2of3_time.png,Daily Routine & Habits,time,2,3,orchid,"English vs Urdu — Daily Routine & Habits (part 2 of 3)
To have dinner = Raat ka khana khana · To take a nap = Qailula karna · To tidy the house = Ghar saaf karna
Learn Urdu and 20+ more at Speaksilq.com","Pastel vocabulary card titled ""English vs Urdu"", subtitle ""Daily Routine & Habits"", listing 12 English words with their Urdu romanisations.",#SpeakSilq #LearnUrdu #Urdu #LanguageLearning #Vocabulary #DailyRoutine
2026-09-15 01:00,2026-09-15,01:00,speaksilq_bengali,Bengali,05_bengali/bengali_02-everyday-phrases_p5of11_social.png,bengali_02-everyday-phrases_p5of11_social.png,Everyday Phrases,social,5,11,butter,"English vs Bengali — Everyday Phrases (part 5 of 11)
It's possible = eta shombhob · I want ... = ami ... chai · I don't want it = ami chai na
Learn Bengali and 20+ more at Speaksilq.com","Pastel vocabulary card titled ""English vs Bengali"", subtitle ""Everyday Phrases"", listing 12 English words with their Bengali romanisations.",#SpeakSilq #LearnBengali #Bengali #LanguageLearning #Vocabulary #EverydayPhrases
2026-09-15 01:00,2026-09-15,01:00,speaksilq_dari,Dari,03_dari/dari_16-cooking-kitchen_p3of3_food.png,dari_16-cooking-kitchen_p3of3_food.png,Cooking & Kitchen,food,3,3,butter,"English vs Dari — Cooking & Kitchen (part 3 of 3)
To roast = Beryan kardan · To cut = Buridan · To mix = Makhlut kardan
Learn Dari and 20+ more at Speaksilq.com","Pastel vocabulary card titled ""English vs Dari"", subtitle ""Cooking & Kitchen"", listing 10 English words with their Dari romanisations.",#SpeakSilq #LearnDari #Dari #LanguageLearning #Vocabulary #CookingKitchen
2026-09-15 01:00,2026-09-15,01:00,speaksilq_farsi,Farsi,02_farsi/farsi_10-family-relationships_p4of5_people.png,farsi_10-family-relationships_p4of5_people.png,Family & People,people,4,5,butter,"English vs Farsi — Family & People (part 4 of 5)
Man = mard · Woman = zan · Boy = pesar bachche
Learn Farsi and 20+ more at Speaksilq.com","Pastel vocabulary card titled ""English vs Farsi"", subtitle ""Family & People"", listing 10 English words with their Farsi romanisations.",#SpeakSilq #LearnFarsi #Farsi #LanguageLearning #Vocabulary #FamilyRelationships
2026-09-15 01:00,2026-09-15,01:00,speaksilq_pashto,Pashto,01_pashto/pashto_16-cooking-kitchen_p3of3_food.png,pashto_16-cooking-kitchen_p3of3_food.png,Cooking & Kitchen,food,3,3,butter,"English vs Pashto — Cooking & Kitchen (part 3 of 3)
To roast = Bryaan kawal · To cut = Pre kawal · To mix = Gadawal
Learn Pashto and 20+ more at Speaksilq.com","Pastel vocabulary card titled ""English vs Pashto"", subtitle ""Cooking & Kitchen"", listing 10 English words with their Pashto romanisations.",#SpeakSilq #LearnPashto #Pashto #LanguageLearning #Vocabulary #CookingKitchen
2026-09-15 01:00,2026-09-15,01:00,speaksilq_urdu,Urdu,04_urdu/urdu_29-common-verbs_p3of4_learn.png,urdu_29-common-verbs_p3of4_learn.png,Common Verbs,learn,3,4,butter,"English vs Urdu — Common Verbs (part 3 of 4)
To sit = Baithna · To stand up = Kharra hona · To open = Kholna
Learn Urdu and 20+ more at Speaksilq.com","Pastel vocabulary card titled ""English vs Urdu"", subtitle ""Common Verbs"", listing 14 English words with their Urdu romanisations.",#SpeakSilq #LearnUrdu #Urdu #LanguageLearning #Vocabulary #CommonVerbs
2026-09-15 13:00,2026-09-15,13:00,speaksilq_bengali,Bengali,05_bengali/bengali_32-education-school_p1of3_learn.png,bengali_32-education-school_p1of3_learn.png,Education & School,learn,1,3,aqua-mist,"English vs Bengali — Education & School (part 1 of 3)
Education = shikkha · College = kolej · Class = klash
Learn Bengali and 20+ more at Speaksilq.com","Pastel vocabulary card titled ""English vs Bengali"", subtitle ""Education & School"", listing 13 English words with their Bengali romanisations.",#SpeakSilq #LearnBengali #Bengali #LanguageLearning #Vocabulary #EducationSchool
2026-09-15 13:00,2026-09-15,13:00,speaksilq_dari,Dari,03_dari/dari_02-everyday-phrases_p3of4_social.png,dari_02-everyday-phrases_p3of4_social.png,Everyday Phrases,social,3,4,aqua-mist,"English vs Dari — Everyday Phrases (part 3 of 4)
Wait for me = Ma ra intezar bikashin · I am busy right now = Man hali masruf astum · I am ready = Man tayyar astum
Learn Dari and 20+ more at Speaksilq.com","Pastel vocabulary card titled ""English vs Dari"", subtitle ""Everyday Phrases"", listing 10 English words with their Dari romanisations.",#SpeakSilq #LearnDari #Dari #LanguageLearning #Vocabulary #EverydayPhrases
2026-09-15 13:00,2026-09-15,13:00,speaksilq_farsi,Farsi,02_farsi/farsi_33-technology-communication_p1of3_learn.png,farsi_33-technology-communication_p1of3_learn.png,Technology & Media,learn,1,3,aqua-mist,"English vs Farsi — Technology & Media (part 1 of 3)
Computer = kâmpyuter · Laptop = lap-tâp · Telephone = telefon
Learn Farsi and 20+ more at Speaksilq.com","Pastel vocabulary card titled ""English vs Farsi"", subtitle ""Technology & Media"", listing 12 English words with their Farsi romanisations.",#SpeakSilq #LearnFarsi #Farsi #LanguageLearning #Vocabulary #TechnologyCommunication
2026-09-15 13:00,2026-09-15,13:00,speaksilq_pashto,Pashto,01_pashto/pashto_08-days-months-seasons_p1of3_time.png,pashto_08-days-months-seasons_p1of3_time.png,"Days, Months & Seasons",time,1,3,aqua-mist,"English vs Pashto — Days, Months & Seasons (part 1 of 3)
Saturday = Shanbe · Sunday = Yakshanbe · Monday = Doshanbe
Learn Pashto and 20+ more at Speaksilq.com","Pastel vocabulary card titled ""English vs Pashto"", subtitle ""Days, Months & Seasons"", listing 10 English words with their Pashto romanisations.",#SpeakSilq #LearnPashto #Pashto #LanguageLearning #Vocabulary #DaysMonthsSeasons
2026-09-15 13:00,2026-09-15,13:00,speaksilq_urdu,Urdu,04_urdu/urdu_03-question-words_p1of2_social.png,urdu_03-question-words_p1of2_social.png,Question Words & Connectors,social,1,2,aqua-mist,"English vs Urdu — Question Words & Connectors (part 1 of 2)
What = Kya · Who = Kaun · Where = Kahan
Learn Urdu and 20+ more at Speaksilq.com","Pastel vocabulary card titled ""English vs Urdu"", subtitle ""Question Words & Connectors"", listing 15 English words with their Urdu romanisations.",#SpeakSilq #LearnUrdu #Urdu #LanguageLearning #Vocabulary #QuestionWords
2026-09-16 01:00,2026-09-16,01:00,speaksilq_bengali,Bengali,05_bengali/bengali_06-numbers_p4of6_time.png,bengali_06-numbers_p4of6_time.png,Numbers & Counting,time,4,6,blush,"English vs Bengali — Numbers & Counting (part 4 of 6)
Ninety = nobboi · One hundred = eksho · Two hundred = duisho
Learn Bengali and 20+ more at Speaksilq.com","Pastel vocabulary card titled ""English vs Bengali"", subtitle ""Numbers & Counting"", listing 12 English words with their Bengali romanisations.",#SpeakSilq #LearnBengali #Bengali #LanguageLearning #Vocabulary #Numbers
2026-09-16 01:00,2026-09-16,01:00,speaksilq_dari,Dari,03_dari/dari_31-work-professions_p1of2_learn.png,dari_31-work-professions_p1of2_learn.png,Work & Professions,learn,1,2,blush,"English vs Dari — Work & Professions (part 1 of 2)
Work / job = Kar · Profession = Kasb · Employee = Karmand
Learn Dari and 20+ more at Speaksilq.com","Pastel vocabulary card titled ""English vs Dari"", subtitle ""Work & Professions"", listing 13 English words with their Dari romanisations.",#SpeakSilq #LearnDari #Dari #LanguageLearning #Vocabulary #WorkProfessions
2026-09-16 01:00,2026-09-16,01:00,speaksilq_farsi,Farsi,02_farsi/farsi_26-nature-weather_p3of5_world.png,farsi_26-nature-weather_p3of5_world.png,Nature & Weather,world,3,5,blush,"English vs Farsi — Nature & Weather (part 3 of 5)
Mountain = kuh · Hill = tappe · Valley = darre
Learn Farsi and 20+ more at Speaksilq.com","Pastel vocabulary card titled ""English vs Farsi"", subtitle ""Nature & Weather"", listing 10 English words with their Farsi romanisations.",#SpeakSilq #LearnFarsi #Farsi #LanguageLearning #Vocabulary #NatureWeather
2026-09-16 01:00,2026-09-16,01:00,speaksilq_pashto,Pashto,01_pashto/pashto_31-work-professions_p1of2_learn.png,pashto_31-work-professions_p1of2_learn.png,Work & Professions,learn,1,2,blush,"English vs Pashto — Work & Professions (part 1 of 2)
Work / job = Kaar · Profession = Kasab · Employee = Karmand
Learn Pashto and 20+ more at Speaksilq.com","Pastel vocabulary card titled ""English vs Pashto"", subtitle ""Work & Professions"", listing 13 English words with their Pashto romanisations.",#SpeakSilq #LearnPashto #Pashto #LanguageLearning #Vocabulary #WorkProfessions
2026-09-16 01:00,2026-09-16,01:00,speaksilq_urdu,Urdu,04_urdu/urdu_21-colours_p1of2_home.png,urdu_21-colours_p1of2_home.png,Colours,home,1,2,blush,"English vs Urdu — Colours (part 1 of 2)
Colour = Rang · Red = Laal · Blue = Neela
Learn Urdu and 20+ more at Speaksilq.com","Pastel vocabulary card titled ""English vs Urdu"", subtitle ""Colours"", listing 10 English words with their Urdu romanisations.",#SpeakSilq #LearnUrdu #Urdu #LanguageLearning #Vocabulary #Colours
2026-09-16 13:00,2026-09-16,13:00,speaksilq_bengali,Bengali,05_bengali/bengali_10-family-relationships_p5of5_people.png,bengali_10-family-relationships_p5of5_people.png,Family & People,people,5,5,lemon-ice,"English vs Bengali — Family & People (part 5 of 5)
Baby = shishu · Young person = torun · Old person = briddho
Learn Bengali and 20+ more at Speaksilq.com","Pastel vocabulary card titled ""English vs Bengali"", subtitle ""Family & People"", listing 10 English words with their Bengali romanisations.",#SpeakSilq #LearnBengali #Bengali #LanguageLearning #Vocabulary #FamilyRelationships
2026-09-16 13:00,2026-09-16,13:00,speaksilq_dari,Dari,03_dari/dari_08-days-months-seasons_p1of3_time.png,dari_08-days-months-seasons_p1of3_time.png,"Days, Months & Seasons",time,1,3,lemon-ice,"English vs Dari — Days, Months & Seasons (part 1 of 3)
Saturday = Shanbe · Sunday = Yakshanbe · Monday = Doshanbe
Learn Dari and 20+ more at Speaksilq.com","Pastel vocabulary card titled ""English vs Dari"", subtitle ""Days, Months & Seasons"", listing 10 English words with their Dari romanisations.",#SpeakSilq #LearnDari #Dari #LanguageLearning #Vocabulary #DaysMonthsSeasons
2026-09-16 13:00,2026-09-16,13:00,speaksilq_farsi,Farsi,02_farsi/farsi_20-shopping-money_p4of4_home.png,farsi_20-shopping-money_p4of4_home.png,Shopping & Money,home,4,4,lemon-ice,"English vs Farsi — Shopping & Money (part 4 of 4)
Payment = pardâkht · Order (purchase) = sefâresh · Delivery = tahvil
Learn Farsi and 20+ more at Speaksilq.com","Pastel vocabulary card titled ""English vs Farsi"", subtitle ""Shopping & Money"", listing 10 English words with their Farsi romanisations.",#SpeakSilq #LearnFarsi #Farsi #LanguageLearning #Vocabulary #ShoppingMoney
2026-09-16 13:00,2026-09-16,13:00,speaksilq_pashto,Pashto,01_pashto/pashto_02-everyday-phrases_p3of4_social.png,pashto_02-everyday-phrases_p3of4_social.png,Everyday Phrases,social,3,4,lemon-ice,"English vs Pashto — Everyday Phrases (part 3 of 4)
Wait for me = Zmaa intizaar wukrey · I am busy right now = Za os masruf yam · I am ready = Za tayaar yam
Learn Pashto and 20+ more at Speaksilq.com","Pastel vocabulary card titled ""English vs Pashto"", subtitle ""Everyday Phrases"", listing 10 English words with their Pashto romanisations.",#SpeakSilq #LearnPashto #Pashto #LanguageLearning #Vocabulary #EverydayPhrases
2026-09-16 13:00,2026-09-16,13:00,speaksilq_urdu,Urdu,04_urdu/urdu_07-time-frequency_p3of3_time.png,urdu_07-time-frequency_p3of3_time.png,Time & Frequency,time,3,3,lemon-ice,"English vs Urdu — Time & Frequency (part 3 of 3)
Month = Maheena · Year = Saal · Century = Sadi
Learn Urdu and 20+ more at Speaksilq.com","Pastel vocabulary card titled ""English vs Urdu"", subtitle ""Time & Frequency"", listing 11 English words with their Urdu romanisations.",#SpeakSilq #LearnUrdu #Urdu #LanguageLearning #Vocabulary #TimeFrequency
2026-09-17 01:00,2026-09-17,01:00,speaksilq_bengali,Bengali,05_bengali/bengali_27-animals-birds_p4of5_world.png,bengali_27-animals-birds_p4of5_world.png,Animals & Nature,world,4,5,sky,"English vs Bengali — Animals & Nature (part 4 of 5)
Grass = ghash · Seed = bij · Forest = bon
Learn Bengali and 20+ more at Speaksilq.com","Pastel vocabulary card titled ""English vs Bengali"", subtitle ""Animals & Nature"", listing 12 English words with their Bengali romanisations.",#SpeakSilq #LearnBengali #Bengali #LanguageLearning #Vocabulary #AnimalsBirds
2026-09-17 01:00,2026-09-17,01:00,speaksilq_dari,Dari,03_dari/dari_26-nature-weather_p2of3_world.png,dari_26-nature-weather_p2of3_world.png,Nature & Weather,world,2,3,sky,"English vs Dari — Nature & Weather (part 2 of 3)
Lightning = Barq · Fog = Meh · Heat = Garmi
Learn Dari and 20+ more at Speaksilq.com","Pastel vocabulary card titled ""English vs Dari"", subtitle ""Nature & Weather"", listing 10 English words with their Dari romanisations.",#SpeakSilq #LearnDari #Dari #LanguageLearning #Vocabulary #NatureWeather
2026-09-17 01:00,2026-09-17,01:00,speaksilq_farsi,Farsi,02_farsi/farsi_31-work-professions_p1of4_learn.png,farsi_31-work-professions_p1of4_learn.png,Work & Professions,learn,1,4,sky,"English vs Farsi — Work & Professions (part 1 of 4)
Work = kâr · Job = shoghl · Employee = kârmand
Learn Farsi and 20+ more at Speaksilq.com","Pastel vocabulary card titled ""English vs Farsi"", subtitle ""Work & Professions"", listing 11 English words with their Farsi romanisations.",#SpeakSilq #LearnFarsi #Farsi #LanguageLearning #Vocabulary #WorkProfessions
2026-09-17 01:00,2026-09-17,01:00,speaksilq_pashto,Pashto,01_pashto/pashto_17-restaurant-ordering_p1of3_food.png,pashto_17-restaurant-ordering_p1of3_food.png,Restaurant & Ordering,food,1,3,sky,"English vs Pashto — Restaurant & Ordering (part 1 of 3)
Restaurant = Resturaant · Eatery = Da khwaro dukaan · Menu = Menu
Learn Pashto and 20+ more at Speaksilq.com","Pastel vocabulary card titled ""English vs Pashto"", subtitle ""Restaurant & Ordering"", listing 10 English words with their Pashto romanisations.",#SpeakSilq #LearnPashto #Pashto #LanguageLearning #Vocabulary #RestaurantOrdering
2026-09-17 01:00,2026-09-17,01:00,speaksilq_urdu,Urdu,04_urdu/urdu_30-adjectives-opposites_p1of3_learn.png,urdu_30-adjectives-opposites_p1of3_learn.png,Adjectives & Opposites,learn,1,3,sky,"English vs Urdu — Adjectives & Opposites (part 1 of 3)
Big = Bara · Small = Chhota · Long = Lamba
Learn Urdu and 20+ more at Speaksilq.com","Pastel vocabulary card titled ""English vs Urdu"", subtitle ""Adjectives & Opposites"", listing 15 English words with their Urdu romanisations.",#SpeakSilq #LearnUrdu #Urdu #LanguageLearning #Vocabulary #AdjectivesOpposites
2026-09-17 13:00,2026-09-17,13:00,speaksilq_bengali,Bengali,05_bengali/bengali_29-common-verbs_p5of7_learn.png,bengali_29-common-verbs_p5of7_learn.png,Common Verbs,learn,5,7,rose-quartz,"English vs Bengali — Common Verbs (part 5 of 7)
To carry / take away = niye jaowa · To put / keep = rakha · To find = khũje paowa
Learn Bengali and 20+ more at Speaksilq.com","Pastel vocabulary card titled ""English vs Bengali"", subtitle ""Common Verbs"", listing 13 English words with their Bengali romanisations.",#SpeakSilq #LearnBengali #Bengali #LanguageLearning #Vocabulary #CommonVerbs
2026-09-17 13:00,2026-09-17,13:00,speaksilq_dari,Dari,03_dari/dari_21-colours_p2of2_home.png,dari_21-colours_p2of2_home.png,Colours,home,2,2,rose-quartz,"English vs Dari — Colours (part 2 of 2)
Brown = Nasswari · Grey = Khakestari · Golden = Talayi
Learn Dari and 20+ more at Speaksilq.com","Pastel vocabulary card titled ""English vs Dari"", subtitle ""Colours"", listing 10 English words with their Dari romanisations.",#SpeakSilq #LearnDari #Dari #LanguageLearning #Vocabulary #Colours
2026-09-17 13:00,2026-09-17,13:00,speaksilq_farsi,Farsi,02_farsi/farsi_04-people-pronouns_p2of3_social.png,farsi_04-people-pronouns_p2of3_social.png,Pronouns & Demonstratives,social,2,3,rose-quartz,"English vs Farsi — Pronouns & Demonstratives (part 2 of 3)
Yourself = khodet · Himself / herself = khodash · Ourselves = khodemân
Learn Farsi and 20+ more at Speaksilq.com","Pastel vocabulary card titled ""English vs Farsi"", subtitle ""Pronouns & Demonstratives"", listing 10 English words with their Farsi romanisations.",#SpeakSilq #LearnFarsi #Farsi #LanguageLearning #Vocabulary #PeoplePronouns
2026-09-17 13:00,2026-09-17,13:00,speaksilq_pashto,Pashto,01_pashto/pashto_21-colours_p2of2_home.png,pashto_21-colours_p2of2_home.png,Colours,home,2,2,rose-quartz,"English vs Pashto — Colours (part 2 of 2)
Brown = Naswaari · Grey = Khar · Golden = Zarrin
Learn Pashto and 20+ more at Speaksilq.com","Pastel vocabulary card titled ""English vs Pashto"", subtitle ""Colours"", listing 10 English words with their Pashto romanisations.",#SpeakSilq #LearnPashto #Pashto #LanguageLearning #Vocabulary #Colours
2026-09-17 13:00,2026-09-17,13:00,speaksilq_urdu,Urdu,04_urdu/urdu_25-hotel-accommodation_p2of2_travel.png,urdu_25-hotel-accommodation_p2of2_travel.png,Hotel & Accommodation,travel,2,2,rose-quartz,"English vs Urdu — Hotel & Accommodation (part 2 of 2)
Lift / elevator = Lift · Check out = Kamra khaali karna · Do you have a room available? = Kya kamra khaali hai?
Learn Urdu and 20+ more at Speaksilq.com","Pastel vocabulary card titled ""English vs Urdu"", subtitle ""Hotel & Accommodation"", listing 12 English words with their Urdu romanisations.",#SpeakSilq #LearnUrdu #Urdu #LanguageLearning #Vocabulary #HotelAccommodation
2026-09-18 01:00,2026-09-18,01:00,speaksilq_bengali,Bengali,05_bengali/bengali_18-home-household_p4of4_home.png,bengali_18-home-household_p4of4_home.png,Home & Household,home,4,4,pistachio,"English vs Bengali — Home & Household (part 4 of 4)
Clock / watch = ghori · Curtain = porda · Carpet / mat = matur
Learn Bengali and 20+ more at Speaksilq.com","Pastel vocabulary card titled ""English vs Bengali"", subtitle ""Home & Household"", listing 12 English words with their Bengali romanisations.",#SpeakSilq #LearnBengali #Bengali #LanguageLearning #Vocabulary #HomeHousehold
2026-09-18 01:00,2026-09-18,01:00,speaksilq_dari,Dari,03_dari/dari_17-restaurant-ordering_p1of3_food.png,dari_17-restaurant-ordering_p1of3_food.png,Restaurant & Ordering,food,1,3,pistachio,"English vs Dari — Restaurant & Ordering (part 1 of 3)
Restaurant = Restoran · Eatery = Hotal · Menu = Menu
Learn Dari and 20+ more at Speaksilq.com","Pastel vocabulary card titled ""English vs Dari"", subtitle ""Restaurant & Ordering"", listing 10 English words with their Dari romanisations.",#SpeakSilq #LearnDari #Dari #LanguageLearning #Vocabulary #RestaurantOrdering
2026-09-18 01:00,2026-09-18,01:00,speaksilq_farsi,Farsi,02_farsi/farsi_22-travel-transport_p4of4_travel.png,farsi_22-travel-transport_p4of4_travel.png,Travel & Transport,travel,4,4,pistachio,"English vs Farsi — Travel & Transport (part 4 of 4)
Hotel = hotel · Reservation = rezerv · Guest house = mehmânkhâne
Learn Farsi and 20+ more at Speaksilq.com","Pastel vocabulary card titled ""English vs Farsi"", subtitle ""Travel & Transport"", listing 11 English words with their Farsi romanisations.",#SpeakSilq #LearnFarsi #Farsi #LanguageLearning #Vocabulary #TravelTransport
2026-09-18 01:00,2026-09-18,01:00,speaksilq_pashto,Pashto,01_pashto/pashto_26-nature-weather_p2of3_world.png,pashto_26-nature-weather_p2of3_world.png,Nature & Weather,world,2,3,pistachio,"English vs Pashto — Nature & Weather (part 2 of 3)
Lightning = Breshnaa · Fog = Lara · Heat = Garmi
Learn Pashto and 20+ more at Speaksilq.com","Pastel vocabulary card titled ""English vs Pashto"", subtitle ""Nature & Weather"", listing 10 English words with their Pashto romanisations.",#SpeakSilq #LearnPashto #Pashto #LanguageLearning #Vocabulary #NatureWeather
2026-09-18 01:00,2026-09-18,01:00,speaksilq_urdu,Urdu,04_urdu/urdu_14-food-drink_p3of3_food.png,urdu_14-food-drink_p3of3_food.png,Food & Drink,food,3,3,pistachio,"English vs Urdu — Food & Drink (part 3 of 3)
Juice = Juice · Cold drink = Thanda · Lassi = Lassi
Learn Urdu and 20+ more at Speaksilq.com","Pastel vocabulary card titled ""English vs Urdu"", subtitle ""Food & Drink"", listing 13 English words with their Urdu romanisations.",#SpeakSilq #LearnUrdu #Urdu #LanguageLearning #Vocabulary #FoodDrink
2026-09-18 13:00,2026-09-18,13:00,speaksilq_bengali,Bengali,05_bengali/bengali_01-greetings-courtesy_p4of5_social.png,bengali_01-greetings-courtesy_p4of5_social.png,Greetings & Courtesy,social,4,5,powder-blue,"English vs Bengali — Greetings & Courtesy (part 4 of 5)
No = na · Okay / alright = thik achhe · Maybe = hoyto
Learn Bengali and 20+ more at Speaksilq.com","Pastel vocabulary card titled ""English vs Bengali"", subtitle ""Greetings & Courtesy"", listing 11 English words with their Bengali romanisations.",#SpeakSilq #LearnBengali #Bengali #LanguageLearning #Vocabulary #GreetingsCourtesy
2026-09-18 13:00,2026-09-18,13:00,speaksilq_dari,Dari,03_dari/dari_32-education-school_p2of2_learn.png,dari_32-education-school_p2of2_learn.png,Education & School,learn,2,2,powder-blue,"English vs Dari — Education & School (part 2 of 2)
Answer = Jawab · Language = Zaban-e goftari · Word = Kalima
Learn Dari and 20+ more at Speaksilq.com","Pastel vocabulary card titled ""English vs Dari"", subtitle ""Education & School"", listing 12 English words with their Dari romanisations.",#SpeakSilq #LearnDari #Dari #LanguageLearning #Vocabulary #EducationSchool
2026-09-18 13:00,2026-09-18,13:00,speaksilq_farsi,Farsi,02_farsi/farsi_30-adjectives-opposites_p1of8_learn.png,farsi_30-adjectives-opposites_p1of8_learn.png,Adjectives & Descriptions,learn,1,8,powder-blue,"English vs Farsi — Adjectives & Descriptions (part 1 of 8)
Big = bozorg · Small = kuchak · Long = derâz
Learn Farsi and 20+ more at Speaksilq.com","Pastel vocabulary card titled ""English vs Farsi"", subtitle ""Adjectives & Descriptions"", listing 12 English words with their Farsi romanisations.",#SpeakSilq #LearnFarsi #Farsi #LanguageLearning #Vocabulary #AdjectivesOpposites
2026-09-18 13:00,2026-09-18,13:00,speaksilq_pashto,Pashto,01_pashto/pashto_11-emotions-feelings_p3of3_people.png,pashto_11-emotions-feelings_p3of3_people.png,Emotions & Feelings,people,3,3,powder-blue,"English vs Pashto — Emotions & Feelings (part 3 of 3)
Tired = Starai · Nervous = Asabi · Confused = Preshaan
Learn Pashto and 20+ more at Speaksilq.com","Pastel vocabulary card titled ""English vs Pashto"", subtitle ""Emotions & Feelings"", listing 10 English words with their Pashto romanisations.",#SpeakSilq #LearnPashto #Pashto #LanguageLearning #Vocabulary #EmotionsFeelings
2026-09-18 13:00,2026-09-18,13:00,speaksilq_urdu,Urdu,04_urdu/urdu_11-emotions-feelings_p1of2_people.png,urdu_11-emotions-feelings_p1of2_people.png,Emotions & Feelings,people,1,2,powder-blue,"English vs Urdu — Emotions & Feelings (part 1 of 2)
Happiness = Khushi · Sadness = Udaasi · Love = Mohabbat
Learn Urdu and 20+ more at Speaksilq.com","Pastel vocabulary card titled ""English vs Urdu"", subtitle ""Emotions & Feelings"", listing 15 English words with their Urdu romanisations.",#SpeakSilq #LearnUrdu #Urdu #LanguageLearning #Vocabulary #EmotionsFeelings
2026-09-19 01:00,2026-09-19,01:00,speaksilq_bengali,Bengali,05_bengali/bengali_14-food-drink_p1of6_food.png,bengali_14-food-drink_p1of6_food.png,Food & Drink,food,1,6,coral-mist,"English vs Bengali — Food & Drink (part 1 of 6)
Food = khabar · Water = pani · Rice (cooked) = bhat
Learn Bengali and 20+ more at Speaksilq.com","Pastel vocabulary card titled ""English vs Bengali"", subtitle ""Food & Drink"", listing 13 English words with their Bengali romanisations.",#SpeakSilq #LearnBengali #Bengali #LanguageLearning #Vocabulary #FoodDrink
2026-09-19 01:00,2026-09-19,01:00,speaksilq_dari,Dari,03_dari/dari_04-people-pronouns_p2of3_social.png,dari_04-people-pronouns_p2of3_social.png,People & Pronouns,social,2,3,coral-mist,"English vs Dari — People & Pronouns (part 2 of 3)
Boy = Bacha · Girl = Dukhtar · Person = Shakhs
Learn Dari and 20+ more at Speaksilq.com","Pastel vocabulary card titled ""English vs Dari"", subtitle ""People & Pronouns"", listing 10 English words with their Dari romanisations.",#SpeakSilq #LearnDari #Dari #LanguageLearning #Vocabulary #PeoplePronouns
2026-09-19 01:00,2026-09-19,01:00,speaksilq_farsi,Farsi,02_farsi/farsi_14-food-drink_p6of8_food.png,farsi_14-food-drink_p6of8_food.png,Food & Drink,food,6,8,coral-mist,"English vs Farsi — Food & Drink (part 6 of 8)
Walnut = gerdu · Almond = bâdâm · Pistachio = peste
Learn Farsi and 20+ more at Speaksilq.com","Pastel vocabulary card titled ""English vs Farsi"", subtitle ""Food & Drink"", listing 10 English words with their Farsi romanisations.",#SpeakSilq #LearnFarsi #Farsi #LanguageLearning #Vocabulary #FoodDrink
2026-09-19 01:00,2026-09-19,01:00,speaksilq_pashto,Pashto,01_pashto/pashto_04-people-pronouns_p2of3_social.png,pashto_04-people-pronouns_p2of3_social.png,People & Pronouns,social,2,3,coral-mist,"English vs Pashto — People & Pronouns (part 2 of 3)
Boy = Halak · Girl = Njalai · Person = Kas
Learn Pashto and 20+ more at Speaksilq.com","Pastel vocabulary card titled ""English vs Pashto"", subtitle ""People & Pronouns"", listing 10 English words with their Pashto romanisations.",#SpeakSilq #LearnPashto #Pashto #LanguageLearning #Vocabulary #PeoplePronouns
2026-09-19 01:00,2026-09-19,01:00,speaksilq_urdu,Urdu,04_urdu/urdu_35-religion-culture_p2of2_learn.png,urdu_35-religion-culture_p2of2_learn.png,Religion & Culture,learn,2,2,coral-mist,"English vs Urdu — Religion & Culture (part 2 of 2)
Blessing = Barkat · Sin = Gunah · Good deed = Neki
Learn Urdu and 20+ more at Speaksilq.com","Pastel vocabulary card titled ""English vs Urdu"", subtitle ""Religion & Culture"", listing 10 English words with their Urdu romanisations.",#SpeakSilq #LearnUrdu #Urdu #LanguageLearning #Vocabulary #ReligionCulture
2026-09-19 13:00,2026-09-19,13:00,speaksilq_bengali,Bengali,05_bengali/bengali_26-nature-weather_p1of3_world.png,bengali_26-nature-weather_p1of3_world.png,Weather & Seasons,world,1,3,honeydew,"English vs Bengali — Weather & Seasons (part 1 of 3)
Weather = abohaowa · Season = ritu · Summer = grishsho
Learn Bengali and 20+ more at Speaksilq.com","Pastel vocabulary card titled ""English vs Bengali"", subtitle ""Weather & Seasons"", listing 10 English words with their Bengali romanisations.",#SpeakSilq #LearnBengali #Bengali #LanguageLearning #Vocabulary #NatureWeather
2026-09-19 13:00,2026-09-19,13:00,speaksilq_dari,Dari,03_dari/dari_11-emotions-feelings_p3of3_people.png,dari_11-emotions-feelings_p3of3_people.png,Emotions & Feelings,people,3,3,honeydew,"English vs Dari — Emotions & Feelings (part 3 of 3)
Tired = Khasta · Nervous = Asabi · Confused = Sar dargum
Learn Dari and 20+ more at Speaksilq.com","Pastel vocabulary card titled ""English vs Dari"", subtitle ""Emotions & Feelings"", listing 10 English words with their Dari romanisations.",#SpeakSilq #LearnDari #Dari #LanguageLearning #Vocabulary #EmotionsFeelings
2026-09-19 13:00,2026-09-19,13:00,speaksilq_farsi,Farsi,02_farsi/farsi_05-connectors-prepositions_p1of4_social.png,farsi_05-connectors-prepositions_p1of4_social.png,Connectors & Prepositions,social,1,4,honeydew,"English vs Farsi — Connectors & Prepositions (part 1 of 4)
And = va · Or = yâ · But = ammâ
Learn Farsi and 20+ more at Speaksilq.com","Pastel vocabulary card titled ""English vs Farsi"", subtitle ""Connectors & Prepositions"", listing 12 English words with their Farsi romanisations.",#SpeakSilq #LearnFarsi #Farsi #LanguageLearning #Vocabulary #ConnectorsPrepositions
2026-09-19 13:00,2026-09-19,13:00,speaksilq_pashto,Pashto,01_pashto/pashto_32-education-school_p2of2_learn.png,pashto_32-education-school_p2of2_learn.png,Education & School,learn,2,2,honeydew,"English vs Pashto — Education & School (part 2 of 2)
Answer = Dzwaab · Language = Jhaba (da khabaro) · Word = Kalama
Learn Pashto and 20+ more at Speaksilq.com","Pastel vocabulary card titled ""English vs Pashto"", subtitle ""Education & School"", listing 12 English words with their Pashto romanisations.",#SpeakSilq #LearnPashto #Pashto #LanguageLearning #Vocabulary #EducationSchool
2026-09-19 13:00,2026-09-19,13:00,speaksilq_urdu,Urdu,04_urdu/urdu_27-animals-birds_p2of2_world.png,urdu_27-animals-birds_p2of2_world.png,Animals & Birds,world,2,2,honeydew,"English vs Urdu — Animals & Birds (part 2 of 2)
Snake = Saanp · Mouse = Chooha · Bird = Parinda
Learn Urdu and 20+ more at Speaksilq.com","Pastel vocabulary card titled ""English vs Urdu"", subtitle ""Animals & Birds"", listing 12 English words with their Urdu romanisations.",#SpeakSilq #LearnUrdu #Urdu #LanguageLearning #Vocabulary #AnimalsBirds
2026-09-20 01:00,2026-09-20,01:00,speaksilq_bengali,Bengali,05_bengali/bengali_30-adjectives-opposites_p1of7_learn.png,bengali_30-adjectives-opposites_p1of7_learn.png,Adjectives & Opposites,learn,1,7,periwinkle,"English vs Bengali — Adjectives & Opposites (part 1 of 7)
Good = bhalo · Bad = kharap · Big = boro
Learn Bengali and 20+ more at Speaksilq.com","Pastel vocabulary card titled ""English vs Bengali"", subtitle ""Adjectives & Opposites"", listing 12 English words with their Bengali romanisations.",#SpeakSilq #LearnBengali #Bengali #LanguageLearning #Vocabulary #AdjectivesOpposites
2026-09-20 01:00,2026-09-20,01:00,speaksilq_dari,Dari,03_dari/dari_14-food-drink_p4of4_food.png,dari_14-food-drink_p4of4_food.png,Food & Drink,food,4,4,periwinkle,"English vs Dari — Food & Drink (part 4 of 4)
Black tea = Chai-e siyah · Coffee = Qahwa · Juice / cordial = Sharbat
Learn Dari and 20+ more at Speaksilq.com","Pastel vocabulary card titled ""English vs Dari"", subtitle ""Food & Drink"", listing 10 English words with their Dari romanisations.",#SpeakSilq #LearnDari #Dari #LanguageLearning #Vocabulary #FoodDrink
2026-09-20 01:00,2026-09-20,01:00,speaksilq_farsi,Farsi,02_farsi/farsi_29-common-verbs_p10of10_learn.png,farsi_29-common-verbs_p10of10_learn.png,Common Verbs,learn,10,10,periwinkle,"English vs Farsi — Common Verbs (part 10 of 10)
to refuse = radd kardan · to explain = towzih dâdan · to show = neshân dâdan
Learn Farsi and 20+ more at Speaksilq.com","Pastel vocabulary card titled ""English vs Farsi"", subtitle ""Common Verbs"", listing 11 English words with their Farsi romanisations.",#SpeakSilq #LearnFarsi #Farsi #LanguageLearning #Vocabulary #CommonVerbs
2026-09-20 01:00,2026-09-20,01:00,speaksilq_pashto,Pashto,01_pashto/pashto_14-food-drink_p4of4_food.png,pashto_14-food-drink_p4of4_food.png,Food & Drink,food,4,4,periwinkle,"English vs Pashto — Food & Drink (part 4 of 4)
Black tea = Tori chaay · Coffee = Qahwa · Juice / cordial = Sharbat
Learn Pashto and 20+ more at Speaksilq.com","Pastel vocabulary card titled ""English vs Pashto"", subtitle ""Food & Drink"", listing 10 English words with their Pashto romanisations.",#SpeakSilq #LearnPashto #Pashto #LanguageLearning #Vocabulary #FoodDrink
2026-09-20 01:00,2026-09-20,01:00,speaksilq_urdu,Urdu,04_urdu/urdu_22-travel-transport_p1of3_travel.png,urdu_22-travel-transport_p1of3_travel.png,Travel & Transport,travel,1,3,periwinkle,"English vs Urdu — Travel & Transport (part 1 of 3)
Journey / travel = Safar · Traveller = Musafir · Car = Gaari
Learn Urdu and 20+ more at Speaksilq.com","Pastel vocabulary card titled ""English vs Urdu"", subtitle ""Travel & Transport"", listing 12 English words with their Urdu romanisations.",#SpeakSilq #LearnUrdu #Urdu #LanguageLearning #Vocabulary #TravelTransport
2026-09-20 13:00,2026-09-20,13:00,speaksilq_bengali,Bengali,05_bengali/bengali_02-everyday-phrases_p11of11_social.png,bengali_02-everyday-phrases_p11of11_social.png,Everyday Phrases,social,11,11,peach,"English vs Bengali — Everyday Phrases (part 11 of 11)
Already = aggei · Again = abar · Together = ekshathe
Learn Bengali and 20+ more at Speaksilq.com","Pastel vocabulary card titled ""English vs Bengali"", subtitle ""Everyday Phrases"", listing 12 English words with their Bengali romanisations.",#SpeakSilq #LearnBengali #Bengali #LanguageLearning #Vocabulary #EverydayPhrases
2026-09-20 13:00,2026-09-20,13:00,speaksilq_dari,Dari,03_dari/dari_23-directions-places_p2of2_travel.png,dari_23-directions-places_p2of2_travel.png,Directions & Places,travel,2,2,peach,"English vs Dari — Directions & Places (part 2 of 2)
Crossroads = Chaharrahi · Distance = Fasela · Address = Adres
Learn Dari and 20+ more at Speaksilq.com","Pastel vocabulary card titled ""English vs Dari"", subtitle ""Directions & Places"", listing 12 English words with their Dari romanisations.",#SpeakSilq #LearnDari #Dari #LanguageLearning #Vocabulary #DirectionsPlaces
2026-09-20 13:00,2026-09-20,13:00,speaksilq_farsi,Farsi,02_farsi/farsi_07-time-frequency_p3of6_time.png,farsi_07-time-frequency_p3of6_time.png,Time & Calendar,time,3,6,peach,"English vs Farsi — Time & Calendar (part 3 of 6)
Summer = tâbestân · Autumn = pâyiz · Winter = zemestân
Learn Farsi and 20+ more at Speaksilq.com","Pastel vocabulary card titled ""English vs Farsi"", subtitle ""Time & Calendar"", listing 11 English words with their Farsi romanisations.",#SpeakSilq #LearnFarsi #Farsi #LanguageLearning #Vocabulary #TimeFrequency
2026-09-20 13:00,2026-09-20,13:00,speaksilq_pashto,Pashto,01_pashto/pashto_23-directions-places_p2of2_travel.png,pashto_23-directions-places_p2of2_travel.png,Directions & Places,travel,2,2,peach,"English vs Pashto — Directions & Places (part 2 of 2)
Crossroads = Tsalor laari · Distance = Waatan · Address = Pata
Learn Pashto and 20+ more at Speaksilq.com","Pastel vocabulary card titled ""English vs Pashto"", subtitle ""Directions & Places"", listing 12 English words with their Pashto romanisations.",#SpeakSilq #LearnPashto #Pashto #LanguageLearning #Vocabulary #DirectionsPlaces
2026-09-20 13:00,2026-09-20,13:00,speaksilq_urdu,Urdu,04_urdu/urdu_10-family-relationships_p1of3_people.png,urdu_10-family-relationships_p1of3_people.png,Family & Relationships,people,1,3,peach,"English vs Urdu — Family & Relationships (part 1 of 3)
Family = Khandaan · Father = Waalid · Mother = Waalida
Learn Urdu and 20+ more at Speaksilq.com","Pastel vocabulary card titled ""English vs Urdu"", subtitle ""Family & Relationships"", listing 12 English words with their Urdu romanisations.",#SpeakSilq #LearnUrdu #Urdu #LanguageLearning #Vocabulary #FamilyRelationships
2026-09-21 01:00,2026-09-21,01:00,speaksilq_bengali,Bengali,05_bengali/bengali_20-shopping-money_p2of4_home.png,bengali_20-shopping-money_p2of4_home.png,Shopping & Money,home,2,4,sage,"English vs Bengali — Shopping & Money (part 2 of 4)
Coin = poysha · Note (banknote) = not · Card = kard
Learn Bengali and 20+ more at Speaksilq.com","Pastel vocabulary card titled ""English vs Bengali"", subtitle ""Shopping & Money"", listing 11 English words with their Bengali romanisations.",#SpeakSilq #LearnBengali #Bengali #LanguageLearning #Vocabulary #ShoppingMoney
2026-09-21 01:00,2026-09-21,01:00,speaksilq_dari,Dari,03_dari/dari_29-common-verbs_p4of5_learn.png,dari_29-common-verbs_p4of5_learn.png,Common Verbs,learn,4,5,sage,"English vs Dari — Common Verbs (part 4 of 5)
To finish = Khalas kardan · To help = Komak kardan · To wait = Entezar kashidan
Learn Dari and 20+ more at Speaksilq.com","Pastel vocabulary card titled ""English vs Dari"", subtitle ""Common Verbs"", listing 11 English words with their Dari romanisations.",#SpeakSilq #LearnDari #Dari #LanguageLearning #Vocabulary #CommonVerbs
2026-09-21 01:00,2026-09-21,01:00,speaksilq_farsi,Farsi,02_farsi/farsi_24-city-places_p2of4_travel.png,farsi_24-city-places_p2of4_travel.png,City & Places,travel,2,4,sage,"English vs Farsi — City & Places (part 2 of 4)
Bank = bânk · Post office = edâre-ye post · Police station = kalântari
Learn Farsi and 20+ more at Speaksilq.com","Pastel vocabulary card titled ""English vs Farsi"", subtitle ""City & Places"", listing 11 English words with their Farsi romanisations.",#SpeakSilq #LearnFarsi #Farsi #LanguageLearning #Vocabulary #CityPlaces
2026-09-21 01:00,2026-09-21,01:00,speaksilq_pashto,Pashto,01_pashto/pashto_29-common-verbs_p4of5_learn.png,pashto_29-common-verbs_p4of5_learn.png,Common Verbs,learn,4,5,sage,"English vs Pashto — Common Verbs (part 4 of 5)
To finish = Khatmawal · To help = Mrasta kawal · To wait = Intizaar kawal
Learn Pashto and 20+ more at Speaksilq.com","Pastel vocabulary card titled ""English vs Pashto"", subtitle ""Common Verbs"", listing 11 English words with their Pashto romanisations.",#SpeakSilq #LearnPashto #Pashto #LanguageLearning #Vocabulary #CommonVerbs
2026-09-21 01:00,2026-09-21,01:00,speaksilq_urdu,Urdu,04_urdu/urdu_02-everyday-phrases_p2of3_social.png,urdu_02-everyday-phrases_p2of3_social.png,Everyday Phrases,social,2,3,sage,"English vs Urdu — Everyday Phrases (part 2 of 3)
Write it down, please = Likh dijiye · No problem = Koi masla nahin · Just a moment = Ek minute
Learn Urdu and 20+ more at Speaksilq.com","Pastel vocabulary card titled ""English vs Urdu"", subtitle ""Everyday Phrases"", listing 13 English words with their Urdu romanisations.",#SpeakSilq #LearnUrdu #Urdu #LanguageLearning #Vocabulary #EverydayPhrases
2026-09-21 13:00,2026-09-21,13:00,speaksilq_bengali,Bengali,05_bengali/bengali_12-body-parts_p5of5_people.png,bengali_12-body-parts_p5of5_people.png,Body & Health,people,5,5,lavender,"English vs Bengali — Body & Health (part 5 of 5)
Sick = oshustho · Tired = klanto · I am sick = ami oshustho
Learn Bengali and 20+ more at Speaksilq.com","Pastel vocabulary card titled ""English vs Bengali"", subtitle ""Body & Health"", listing 12 English words with their Bengali romanisations.",#SpeakSilq #LearnBengali #Bengali #LanguageLearning #Vocabulary #BodyParts
2026-09-21 13:00,2026-09-21,13:00,speaksilq_dari,Dari,03_dari/dari_02-everyday-phrases_p1of4_social.png,dari_02-everyday-phrases_p1of4_social.png,Everyday Phrases,social,1,4,lavender,"English vs Dari — Everyday Phrases (part 1 of 4)
How are things? = Kar o bar chetor ast? · Everything is fine = Hama chiz khub ast · Long time no see = Besyar waqt shud nadidum
Learn Dari and 20+ more at Speaksilq.com","Pastel vocabulary card titled ""English vs Dari"", subtitle ""Everyday Phrases"", listing 10 English words with their Dari romanisations.",#SpeakSilq #LearnDari #Dari #LanguageLearning #Vocabulary #EverydayPhrases
2026-09-21 13:00,2026-09-21,13:00,speaksilq_farsi,Farsi,02_farsi/farsi_21-colours_p2of2_home.png,farsi_21-colours_p2of2_home.png,Colors,home,2,2,lavender,"English vs Farsi — Colors (part 2 of 2)
Orange (color) = nârenji · Purple = banafsh · Pink = surati
Learn Farsi and 20+ more at Speaksilq.com","Pastel vocabulary card titled ""English vs Farsi"", subtitle ""Colors"", listing 8 English words with their Farsi romanisations.",#SpeakSilq #LearnFarsi #Farsi #LanguageLearning #Vocabulary #Colours
2026-09-21 13:00,2026-09-21,13:00,speaksilq_pashto,Pashto,01_pashto/pashto_02-everyday-phrases_p1of4_social.png,pashto_02-everyday-phrases_p1of4_social.png,Everyday Phrases,social,1,4,lavender,"English vs Pashto — Everyday Phrases (part 1 of 4)
How are things? = Kaar o baar tsanga dai? · Everything is fine = Har tsa sha di · Long time no see = Der wakht wa che na wu lidali
Learn Pashto and 20+ more at Speaksilq.com","Pastel vocabulary card titled ""English vs Pashto"", subtitle ""Everyday Phrases"", listing 10 English words with their Pashto romanisations.",#SpeakSilq #LearnPashto #Pashto #LanguageLearning #Vocabulary #EverydayPhrases
2026-09-21 13:00,2026-09-21,13:00,speaksilq_urdu,Urdu,04_urdu/urdu_32-education-school_p1of2_learn.png,urdu_32-education-school_p1of2_learn.png,Education & School,learn,1,2,lavender,"English vs Urdu — Education & School (part 1 of 2)
Education = Taleem · Book = Kitaab · Notebook = Copy
Learn Urdu and 20+ more at Speaksilq.com","Pastel vocabulary card titled ""English vs Urdu"", subtitle ""Education & School"", listing 13 English words with their Urdu romanisations.",#SpeakSilq #LearnUrdu #Urdu #LanguageLearning #Vocabulary #EducationSchool
2026-09-22 01:00,2026-09-22,01:00,speaksilq_bengali,Bengali,05_bengali/bengali_31-work-professions_p1of4_learn.png,bengali_31-work-professions_p1of4_learn.png,Work & Occupations,learn,1,4,champagne,"English vs Bengali — Work & Occupations (part 1 of 4)
Work / job = kaj · Profession = pesha · Employee = kormochari
Learn Bengali and 20+ more at Speaksilq.com","Pastel vocabulary card titled ""English vs Bengali"", subtitle ""Work & Occupations"", listing 10 English words with their Bengali romanisations.",#SpeakSilq #LearnBengali #Bengali #LanguageLearning #Vocabulary #WorkProfessions
2026-09-22 01:00,2026-09-22,01:00,speaksilq_dari,Dari,03_dari/dari_07-time-frequency_p1of3_time.png,dari_07-time-frequency_p1of3_time.png,Time & Frequency,time,1,3,champagne,"English vs Dari — Time & Frequency (part 1 of 3)
Time = Waqt · Hour = Sa'at · Minute = Daqiqa
Learn Dari and 20+ more at Speaksilq.com","Pastel vocabulary card titled ""English vs Dari"", subtitle ""Time & Frequency"", listing 12 English words with their Dari romanisations.",#SpeakSilq #LearnDari #Dari #LanguageLearning #Vocabulary #TimeFrequency
2026-09-22 01:00,2026-09-22,01:00,speaksilq_farsi,Farsi,02_farsi/farsi_35-religion-culture_p1of3_learn.png,farsi_35-religion-culture_p1of3_learn.png,Culture & Religion,learn,1,3,champagne,"English vs Farsi — Culture & Religion (part 1 of 3)
God = khodâ · Religion = din · Islam = eslâm
Learn Farsi and 20+ more at Speaksilq.com","Pastel vocabulary card titled ""English vs Farsi"", subtitle ""Culture & Religion"", listing 10 English words with their Farsi romanisations.",#SpeakSilq #LearnFarsi #Farsi #LanguageLearning #Vocabulary #ReligionCulture
2026-09-22 01:00,2026-09-22,01:00,speaksilq_pashto,Pashto,01_pashto/pashto_27-animals-birds_p2of2_world.png,pashto_27-animals-birds_p2of2_world.png,Animals & Birds,world,2,2,champagne,"English vs Pashto — Animals & Birds (part 2 of 2)
Snake = Maar · Mouse = Mazhak · Rabbit = Soey
Learn Pashto and 20+ more at Speaksilq.com","Pastel vocabulary card titled ""English vs Pashto"", subtitle ""Animals & Birds"", listing 12 English words with their Pashto romanisations.",#SpeakSilq #LearnPashto #Pashto #LanguageLearning #Vocabulary #AnimalsBirds
2026-09-22 01:00,2026-09-22,01:00,speaksilq_urdu,Urdu,04_urdu/urdu_09-daily-routine_p1of3_time.png,urdu_09-daily-routine_p1of3_time.png,Daily Routine & Habits,time,1,3,champagne,"English vs Urdu — Daily Routine & Habits (part 1 of 3)
Daily routine = Rozmarra ke kaam · To get up = Uthna · To wash the face = Moonh dhona
Learn Urdu and 20+ more at Speaksilq.com","Pastel vocabulary card titled ""English vs Urdu"", subtitle ""Daily Routine & Habits"", listing 12 English words with their Urdu romanisations.",#SpeakSilq #LearnUrdu #Urdu #LanguageLearning #Vocabulary #DailyRoutine
2026-09-22 13:00,2026-09-22,13:00,speaksilq_bengali,Bengali,05_bengali/bengali_07-time-frequency_p2of6_time.png,bengali_07-time-frequency_p2of6_time.png,Time & Calendar,time,2,6,mint,"English vs Bengali — Time & Calendar (part 2 of 6)
Dawn = bhor · Second (unit of time) = shekend · Minute = minit
Learn Bengali and 20+ more at Speaksilq.com","Pastel vocabulary card titled ""English vs Bengali"", subtitle ""Time & Calendar"", listing 13 English words with their Bengali romanisations.",#SpeakSilq #LearnBengali #Bengali #LanguageLearning #Vocabulary #TimeFrequency
2026-09-22 13:00,2026-09-22,13:00,speaksilq_dari,Dari,03_dari/dari_12-body-parts_p2of3_people.png,dari_12-body-parts_p2of3_people.png,Body Parts,people,2,3,mint,"English vs Dari — Body Parts (part 2 of 3)
Lip = Lab · Neck = Gardan · Shoulder = Shana
Learn Dari and 20+ more at Speaksilq.com","Pastel vocabulary card titled ""English vs Dari"", subtitle ""Body Parts"", listing 10 English words with their Dari romanisations.",#SpeakSilq #LearnDari #Dari #LanguageLearning #Vocabulary #BodyParts
2026-09-22 13:00,2026-09-22,13:00,speaksilq_farsi,Farsi,02_farsi/farsi_12-body-parts_p1of5_people.png,farsi_12-body-parts_p1of5_people.png,Body & Health,people,1,5,mint,"English vs Farsi — Body & Health (part 1 of 5)
Body = badan · Head = sar · Hair = mu
Learn Farsi and 20+ more at Speaksilq.com","Pastel vocabulary card titled ""English vs Farsi"", subtitle ""Body & Health"", listing 12 English words with their Farsi romanisations.",#SpeakSilq #LearnFarsi #Farsi #LanguageLearning #Vocabulary #BodyParts
2026-09-22 13:00,2026-09-22,13:00,speaksilq_pashto,Pashto,01_pashto/pashto_22-travel-transport_p2of3_travel.png,pashto_22-travel-transport_p2of3_travel.png,Travel & Transport,travel,2,3,mint,"English vs Pashto — Travel & Transport (part 2 of 3)
Airport = Hawaayi dagar · Bus station = da bas tam zdaay · Ticket = Tikat
Learn Pashto and 20+ more at Speaksilq.com","Pastel vocabulary card titled ""English vs Pashto"", subtitle ""Travel & Transport"", listing 12 English words with their Pashto romanisations.",#SpeakSilq #LearnPashto #Pashto #LanguageLearning #Vocabulary #TravelTransport
2026-09-22 13:00,2026-09-22,13:00,speaksilq_urdu,Urdu,04_urdu/urdu_28-emergencies-safety_p2of2_world.png,urdu_28-emergencies-safety_p2of2_world.png,Emergencies & Safety,world,2,2,mint,"English vs Urdu — Emergencies & Safety (part 2 of 2)
Witness = Gawah · Lawyer = Wakeel · Call the police = Police ko bulaiye
Learn Urdu and 20+ more at Speaksilq.com","Pastel vocabulary card titled ""English vs Urdu"", subtitle ""Emergencies & Safety"", listing 12 English words with their Urdu romanisations.",#SpeakSilq #LearnUrdu #Urdu #LanguageLearning #Vocabulary #EmergenciesSafety
2026-09-23 01:00,2026-09-23,01:00,speaksilq_bengali,Bengali,05_bengali/bengali_27-animals-birds_p2of5_world.png,bengali_27-animals-birds_p2of5_world.png,Animals & Nature,world,2,5,lilac,"English vs Bengali — Animals & Nature (part 2 of 5)
Deer = horin · Rat / mouse = idur · Snake = shap
Learn Bengali and 20+ more at Speaksilq.com","Pastel vocabulary card titled ""English vs Bengali"", subtitle ""Animals & Nature"", listing 12 English words with their Bengali romanisations.",#SpeakSilq #LearnBengali #Bengali #LanguageLearning #Vocabulary #AnimalsBirds
2026-09-23 01:00,2026-09-23,01:00,speaksilq_dari,Dari,03_dari/dari_27-animals-birds_p2of2_world.png,dari_27-animals-birds_p2of2_world.png,Animals & Birds,world,2,2,lilac,"English vs Dari — Animals & Birds (part 2 of 2)
Snake = Mar · Mouse = Mush · Rabbit = Khargosh
Learn Dari and 20+ more at Speaksilq.com","Pastel vocabulary card titled ""English vs Dari"", subtitle ""Animals & Birds"", listing 12 English words with their Dari romanisations.",#SpeakSilq #LearnDari #Dari #LanguageLearning #Vocabulary #AnimalsBirds
2026-09-23 01:00,2026-09-23,01:00,speaksilq_farsi,Farsi,02_farsi/farsi_02-everyday-phrases_p7of7_social.png,farsi_02-everyday-phrases_p7of7_social.png,Everyday Phrases,social,7,7,lilac,"English vs Farsi — Everyday Phrases (part 7 of 7)
I am single = mojarrad hastam · Do you have children? = bachche dârid? · Where do you live? = kojâ zendegi mikonid?
Learn Farsi and 20+ more at Speaksilq.com","Pastel vocabulary card titled ""English vs Farsi"", subtitle ""Everyday Phrases"", listing 11 English words with their Farsi romanisations.",#SpeakSilq #LearnFarsi #Farsi #LanguageLearning #Vocabulary #EverydayPhrases
2026-09-23 01:00,2026-09-23,01:00,speaksilq_pashto,Pashto,01_pashto/pashto_07-time-frequency_p1of3_time.png,pashto_07-time-frequency_p1of3_time.png,Time & Frequency,time,1,3,lilac,"English vs Pashto — Time & Frequency (part 1 of 3)
Time = Wakht · Hour = Saat · Minute = Daqiqa
Learn Pashto and 20+ more at Speaksilq.com","Pastel vocabulary card titled ""English vs Pashto"", subtitle ""Time & Frequency"", listing 12 English words with their Pashto romanisations.",#SpeakSilq #LearnPashto #Pashto #LanguageLearning #Vocabulary #TimeFrequency
2026-09-23 01:00,2026-09-23,01:00,speaksilq_urdu,Urdu,04_urdu/urdu_23-directions-places_p2of2_travel.png,urdu_23-directions-places_p2of2_travel.png,Directions & Places,travel,2,2,lilac,"English vs Urdu — Directions & Places (part 2 of 2)
Crossroads = Chowk · Distance = Faasla · Address = Pata
Learn Urdu and 20+ more at Speaksilq.com","Pastel vocabulary card titled ""English vs Urdu"", subtitle ""Directions & Places"", listing 12 English words with their Urdu romanisations.",#SpeakSilq #LearnUrdu #Urdu #LanguageLearning #Vocabulary #DirectionsPlaces
2026-09-23 13:00,2026-09-23,13:00,speaksilq_bengali,Bengali,05_bengali/bengali_03-question-words_p4of4_social.png,bengali_03-question-words_p4of4_social.png,Pronouns & Questions,social,4,4,sand,"English vs Bengali — Pronouns & Questions (part 4 of 4)
How much / how many? = koto? · How long? (duration) = kotokkhon? · How far? = koto dur?
Learn Bengali and 20+ more at Speaksilq.com","Pastel vocabulary card titled ""English vs Bengali"", subtitle ""Pronouns & Questions"", listing 10 English words with their Bengali romanisations.",#SpeakSilq #LearnBengali #Bengali #LanguageLearning #Vocabulary #QuestionWords
2026-09-23 13:00,2026-09-23,13:00,speaksilq_dari,Dari,03_dari/dari_22-travel-transport_p2of3_travel.png,dari_22-travel-transport_p2of3_travel.png,Travel & Transport,travel,2,3,sand,"English vs Dari — Travel & Transport (part 2 of 3)
Airport = Maidan-e hawayi · Bus station = Estgah · Ticket = Tikat
Learn Dari and 20+ more at Speaksilq.com","Pastel vocabulary card titled ""English vs Dari"", subtitle ""Travel & Transport"", listing 12 English words with their Dari romanisations.",#SpeakSilq #LearnDari #Dari #LanguageLearning #Vocabulary #TravelTransport
2026-09-23 13:00,2026-09-23,13:00,speaksilq_farsi,Farsi,02_farsi/farsi_32-education-school_p1of3_learn.png,farsi_32-education-school_p1of3_learn.png,Education & Language,learn,1,3,sand,"English vs Farsi — Education & Language (part 1 of 3)
Education = tahsilât · Class = kelâs · Lesson = dars
Learn Farsi and 20+ more at Speaksilq.com","Pastel vocabulary card titled ""English vs Farsi"", subtitle ""Education & Language"", listing 13 English words with their Farsi romanisations.",#SpeakSilq #LearnFarsi #Farsi #LanguageLearning #Vocabulary #EducationSchool
2026-09-23 13:00,2026-09-23,13:00,speaksilq_pashto,Pashto,01_pashto/pashto_12-body-parts_p2of3_people.png,pashto_12-body-parts_p2of3_people.png,Body Parts,people,2,3,sand,"English vs Pashto — Body Parts (part 2 of 3)
Lip = Shonda · Neck = Ghaara · Shoulder = Uzha
Learn Pashto and 20+ more at Speaksilq.com","Pastel vocabulary card titled ""English vs Pashto"", subtitle ""Body Parts"", listing 10 English words with their Pashto romanisations.",#SpeakSilq #LearnPashto #Pashto #LanguageLearning #Vocabulary #BodyParts
2026-09-23 13:00,2026-09-23,13:00,speaksilq_urdu,Urdu,04_urdu/urdu_29-common-verbs_p1of4_learn.png,urdu_29-common-verbs_p1of4_learn.png,Common Verbs,learn,1,4,sand,"English vs Urdu — Common Verbs (part 1 of 4)
To be = Hona · To do = Karna · To go = Jana
Learn Urdu and 20+ more at Speaksilq.com","Pastel vocabulary card titled ""English vs Urdu"", subtitle ""Common Verbs"", listing 14 English words with their Urdu romanisations.",#SpeakSilq #LearnUrdu #Urdu #LanguageLearning #Vocabulary #CommonVerbs
2026-09-24 01:00,2026-09-24,01:00,speaksilq_bengali,Bengali,05_bengali/bengali_29-common-verbs_p3of7_learn.png,bengali_29-common-verbs_p3of7_learn.png,Common Verbs,learn,3,7,seafoam,"English vs Bengali — Common Verbs (part 3 of 7)
To like = bhalo laga · To love = bhalobasha · To hate = ghrina kora
Learn Bengali and 20+ more at Speaksilq.com","Pastel vocabulary card titled ""English vs Bengali"", subtitle ""Common Verbs"", listing 13 English words with their Bengali romanisations.",#SpeakSilq #LearnBengali #Bengali #LanguageLearning #Vocabulary #CommonVerbs
2026-09-24 01:00,2026-09-24,01:00,speaksilq_dari,Dari,03_dari/dari_30-adjectives-opposites_p1of4_learn.png,dari_30-adjectives-opposites_p1of4_learn.png,Adjectives & Opposites,learn,1,4,seafoam,"English vs Dari — Adjectives & Opposites (part 1 of 4)
Big = Kalan · Small = Khurd · Long = Deraz
Learn Dari and 20+ more at Speaksilq.com","Pastel vocabulary card titled ""English vs Dari"", subtitle ""Adjectives & Opposites"", listing 12 English words with their Dari romanisations.",#SpeakSilq #LearnDari #Dari #LanguageLearning #Vocabulary #AdjectivesOpposites
2026-09-24 01:00,2026-09-24,01:00,speaksilq_farsi,Farsi,02_farsi/farsi_19-clothing-accessories_p3of3_home.png,farsi_19-clothing-accessories_p3of3_home.png,Clothing & Accessories,home,3,3,seafoam,"English vs Farsi — Clothing & Accessories (part 3 of 3)
Underwear = lebâs-e zir · Pocket = jib · Button = dokme
Learn Farsi and 20+ more at Speaksilq.com","Pastel vocabulary card titled ""English vs Farsi"", subtitle ""Clothing & Accessories"", listing 10 English words with their Farsi romanisations.",#SpeakSilq #LearnFarsi #Farsi #LanguageLearning #Vocabulary #ClothingAccessories
2026-09-24 01:00,2026-09-24,01:00,speaksilq_pashto,Pashto,01_pashto/pashto_01-greetings-courtesy_p2of3_social.png,pashto_01-greetings-courtesy_p2of3_social.png,Greetings & Courtesy,social,2,3,seafoam,"English vs Pashto — Greetings & Courtesy (part 2 of 3)
Thank you very much = Dera manana · You're welcome = Qaabil ye na lari · Please = Mehrabaani wukrey
Learn Pashto and 20+ more at Speaksilq.com","Pastel vocabulary card titled ""English vs Pashto"", subtitle ""Greetings & Courtesy"", listing 12 English words with their Pashto romanisations.",#SpeakSilq #LearnPashto #Pashto #LanguageLearning #Vocabulary #GreetingsCourtesy
2026-09-24 13:00,2026-09-24,13:00,speaksilq_bengali,Bengali,05_bengali/bengali_23-directions-places_p4of4_travel.png,bengali_23-directions-places_p4of4_travel.png,Places & Directions,travel,4,4,orchid,"English vs Bengali — Places & Directions (part 4 of 4)
Around = charpashe · North = uttor · South = dokkhin
Learn Bengali and 20+ more at Speaksilq.com","Pastel vocabulary card titled ""English vs Bengali"", subtitle ""Places & Directions"", listing 12 English words with their Bengali romanisations.",#SpeakSilq #LearnBengali #Bengali #LanguageLearning #Vocabulary #DirectionsPlaces
2026-09-24 13:00,2026-09-24,13:00,speaksilq_dari,Dari,03_dari/dari_13-health-medical_p3of3_people.png,dari_13-health-medical_p3of3_people.png,Health & Medical,people,3,3,orchid,"English vs Dari — Health & Medical (part 3 of 3)
Operation = Amaliyat · Prescription = Nuskha · Treatment = Tadawi
Learn Dari and 20+ more at Speaksilq.com","Pastel vocabulary card titled ""English vs Dari"", subtitle ""Health & Medical"", listing 10 English words with their Dari romanisations.",#SpeakSilq #LearnDari #Dari #LanguageLearning #Vocabulary #HealthMedical
2026-09-24 13:00,2026-09-24,13:00,speaksilq_farsi,Farsi,02_farsi/farsi_10-family-relationships_p5of5_people.png,farsi_10-family-relationships_p5of5_people.png,Family & People,people,5,5,orchid,"English vs Farsi — Family & People (part 5 of 5)
People = mardom · Person = shakhs · Human being = ensân
Learn Farsi and 20+ more at Speaksilq.com","Pastel vocabulary card titled ""English vs Farsi"", subtitle ""Family & People"", listing 10 English words with their Farsi romanisations.",#SpeakSilq #LearnFarsi #Farsi #LanguageLearning #Vocabulary #FamilyRelationships
2026-09-24 13:00,2026-09-24,13:00,speaksilq_pashto,Pashto,01_pashto/pashto_25-hotel-accommodation_p1of2_travel.png,pashto_25-hotel-accommodation_p1of2_travel.png,Hotel & Accommodation,travel,1,2,orchid,"English vs Pashto — Hotel & Accommodation (part 1 of 2)
Hotel = Hotal · Reception = Paziresh · Booking = Rezerf
Learn Pashto and 20+ more at Speaksilq.com","Pastel vocabulary card titled ""English vs Pashto"", subtitle ""Hotel & Accommodation"", listing 13 English words with their Pashto romanisations.",#SpeakSilq #LearnPashto #Pashto #LanguageLearning #Vocabulary #HotelAccommodation
2026-09-25 01:00,2026-09-25,01:00,speaksilq_bengali,Bengali,05_bengali/bengali_06-numbers_p2of6_time.png,bengali_06-numbers_p2of6_time.png,Numbers & Counting,time,2,6,butter,"English vs Bengali — Numbers & Counting (part 2 of 6)
Twelve = baro · Thirteen = tero · Fourteen = choddo
Learn Bengali and 20+ more at Speaksilq.com","Pastel vocabulary card titled ""English vs Bengali"", subtitle ""Numbers & Counting"", listing 12 English words with their Bengali romanisations.",#SpeakSilq #LearnBengali #Bengali #LanguageLearning #Vocabulary #Numbers
2026-09-25 01:00,2026-09-25,01:00,speaksilq_dari,Dari,03_dari/dari_01-greetings-courtesy_p2of3_social.png,dari_01-greetings-courtesy_p2of3_social.png,Greetings & Courtesy,social,2,3,butter,"English vs Dari — Greetings & Courtesy (part 2 of 3)
Thank you very much = Besyar tashakur · You're welcome = Qabil nadara · Please = Lotfan
Learn Dari and 20+ more at Speaksilq.com","Pastel vocabulary card titled ""English vs Dari"", subtitle ""Greetings & Courtesy"", listing 12 English words with their Dari romanisations.",#SpeakSilq #LearnDari #Dari #LanguageLearning #Vocabulary #GreetingsCourtesy
2026-09-25 01:00,2026-09-25,01:00,speaksilq_farsi,Farsi,02_farsi/farsi_01-greetings-courtesy_p4of5_social.png,farsi_01-greetings-courtesy_p4of5_social.png,Greetings & Politeness,social,4,5,butter,"English vs Farsi — Greetings & Politeness (part 4 of 5)
Of course = albatte · Okay = bâshe · Congratulations = tabrik miguyam
Learn Farsi and 20+ more at Speaksilq.com","Pastel vocabulary card titled ""English vs Farsi"", subtitle ""Greetings & Politeness"", listing 11 English words with their Farsi romanisations.",#SpeakSilq #LearnFarsi #Farsi #LanguageLearning #Vocabulary #GreetingsCourtesy
2026-09-25 01:00,2026-09-25,01:00,speaksilq_pashto,Pashto,01_pashto/pashto_30-adjectives-opposites_p1of4_learn.png,pashto_30-adjectives-opposites_p1of4_learn.png,Adjectives & Opposites,learn,1,4,butter,"English vs Pashto — Adjectives & Opposites (part 1 of 4)
Big = Loy · Small = Kuchnai · Long = Uzhd
Learn Pashto and 20+ more at Speaksilq.com","Pastel vocabulary card titled ""English vs Pashto"", subtitle ""Adjectives & Opposites"", listing 12 English words with their Pashto romanisations.",#SpeakSilq #LearnPashto #Pashto #LanguageLearning #Vocabulary #AdjectivesOpposites
2026-09-25 13:00,2026-09-25,13:00,speaksilq_bengali,Bengali,05_bengali/bengali_11-emotions-feelings_p3of3_people.png,bengali_11-emotions-feelings_p3of3_people.png,Emotions & Feelings,people,3,3,aqua-mist,"English vs Bengali — Emotions & Feelings (part 3 of 3)
Longing / nostalgia = mon kêmon kora · Missing someone = mone pora · Mind / heart = mon
Learn Bengali and 20+ more at Speaksilq.com","Pastel vocabulary card titled ""English vs Bengali"", subtitle ""Emotions & Feelings"", listing 11 English words with their Bengali romanisations.",#SpeakSilq #LearnBengali #Bengali #LanguageLearning #Vocabulary #EmotionsFeelings
2026-09-25 13:00,2026-09-25,13:00,speaksilq_dari,Dari,03_dari/dari_25-hotel-accommodation_p1of2_travel.png,dari_25-hotel-accommodation_p1of2_travel.png,Hotel & Accommodation,travel,1,2,aqua-mist,"English vs Dari — Hotel & Accommodation (part 1 of 2)
Hotel = Hotal-e bud o bash · Reception = Paziresh · Booking = Rezerv
Learn Dari and 20+ more at Speaksilq.com","Pastel vocabulary card titled ""English vs Dari"", subtitle ""Hotel & Accommodation"", listing 13 English words with their Dari romanisations.",#SpeakSilq #LearnDari #Dari #LanguageLearning #Vocabulary #HotelAccommodation
2026-09-25 13:00,2026-09-25,13:00,speaksilq_farsi,Farsi,02_farsi/farsi_27-animals-birds_p2of3_world.png,farsi_27-animals-birds_p2of3_world.png,Animals,world,2,3,aqua-mist,"English vs Farsi — Animals (part 2 of 3)
Eagle = oqâb · Lion = shir · Tiger = babr
Learn Farsi and 20+ more at Speaksilq.com","Pastel vocabulary card titled ""English vs Farsi"", subtitle ""Animals"", listing 12 English words with their Farsi romanisations.",#SpeakSilq #LearnFarsi #Farsi #LanguageLearning #Vocabulary #AnimalsBirds
2026-09-25 13:00,2026-09-25,13:00,speaksilq_pashto,Pashto,01_pashto/pashto_13-health-medical_p3of3_people.png,pashto_13-health-medical_p3of3_people.png,Health & Medical,people,3,3,aqua-mist,"English vs Pashto — Health & Medical (part 3 of 3)
Operation = Amaliyaat · Prescription = Nuskha · Treatment = Elaaj
Learn Pashto and 20+ more at Speaksilq.com","Pastel vocabulary card titled ""English vs Pashto"", subtitle ""Health & Medical"", listing 10 English words with their Pashto romanisations.",#SpeakSilq #LearnPashto #Pashto #LanguageLearning #Vocabulary #HealthMedical
2026-09-26 01:00,2026-09-26,01:00,speaksilq_bengali,Bengali,05_bengali/bengali_30-adjectives-opposites_p3of7_learn.png,bengali_30-adjectives-opposites_p3of7_learn.png,Adjectives & Opposites,learn,3,7,blush,"English vs Bengali — Adjectives & Opposites (part 3 of 7)
Heavy = bhari · Light (weight) = halka · Strong = shoktishali
Learn Bengali and 20+ more at Speaksilq.com","Pastel vocabulary card titled ""English vs Bengali"", subtitle ""Adjectives & Opposites"", listing 12 English words with their Bengali romanisations.",#SpeakSilq #LearnBengali #Bengali #LanguageLearning #Vocabulary #AdjectivesOpposites
2026-09-26 01:00,2026-09-26,01:00,speaksilq_dari,Dari,03_dari/dari_15-fruits-vegetables_p3of3_food.png,dari_15-fruits-vegetables_p3of3_food.png,Fruits & Vegetables,food,3,3,blush,"English vs Dari — Fruits & Vegetables (part 3 of 3)
Tomato = Badenjan-e rumi · Aubergine = Badenjan-e siyah · Garlic = Seer
Learn Dari and 20+ more at Speaksilq.com","Pastel vocabulary card titled ""English vs Dari"", subtitle ""Fruits & Vegetables"", listing 10 English words with their Dari romanisations.",#SpeakSilq #LearnDari #Dari #LanguageLearning #Vocabulary #FruitsVegetables
2026-09-26 01:00,2026-09-26,01:00,speaksilq_farsi,Farsi,02_farsi/farsi_29-common-verbs_p5of10_learn.png,farsi_29-common-verbs_p5of10_learn.png,Common Verbs,learn,5,10,blush,"English vs Farsi — Common Verbs (part 5 of 10)
to wait = sabr kardan · to find = peydâ kardan · to lose (something) = gom kardan
Learn Farsi and 20+ more at Speaksilq.com","Pastel vocabulary card titled ""English vs Farsi"", subtitle ""Common Verbs"", listing 11 English words with their Farsi romanisations.",#SpeakSilq #LearnFarsi #Farsi #LanguageLearning #Vocabulary #CommonVerbs
2026-09-26 01:00,2026-09-26,01:00,speaksilq_pashto,Pashto,01_pashto/pashto_15-fruits-vegetables_p3of3_food.png,pashto_15-fruits-vegetables_p3of3_food.png,Fruits & Vegetables,food,3,3,blush,"English vs Pashto — Fruits & Vegetables (part 3 of 3)
Tomato = Rumi baanjaan · Aubergine = Tor baanjaan · Garlic = Uga
Learn Pashto and 20+ more at Speaksilq.com","Pastel vocabulary card titled ""English vs Pashto"", subtitle ""Fruits & Vegetables"", listing 10 English words with their Pashto romanisations.",#SpeakSilq #LearnPashto #Pashto #LanguageLearning #Vocabulary #FruitsVegetables
2026-09-26 13:00,2026-09-26,13:00,speaksilq_bengali,Bengali,05_bengali/bengali_02-everyday-phrases_p6of11_social.png,bengali_02-everyday-phrases_p6of11_social.png,Everyday Phrases,social,6,11,lemon-ice,"English vs Bengali — Everyday Phrases (part 6 of 11)
I live in London = ami Londone thaki · How old are you? = apnar boyosh koto? · I am twenty-five years old = amar boyosh põchish
Learn Bengali and 20+ more at Speaksilq.com","Pastel vocabulary card titled ""English vs Bengali"", subtitle ""Everyday Phrases"", listing 12 English words with their Bengali romanisations.",#SpeakSilq #LearnBengali #Bengali #LanguageLearning #Vocabulary #EverydayPhrases
2026-09-26 13:00,2026-09-26,13:00,speaksilq_dari,Dari,03_dari/dari_18-home-household_p1of3_home.png,dari_18-home-household_p1of3_home.png,Home & Household,home,1,3,lemon-ice,"English vs Dari — Home & Household (part 1 of 3)
House = Khana · Room = Utaq · Bedroom = Utaq-e khaw
Learn Dari and 20+ more at Speaksilq.com","Pastel vocabulary card titled ""English vs Dari"", subtitle ""Home & Household"", listing 10 English words with their Dari romanisations.",#SpeakSilq #LearnDari #Dari #LanguageLearning #Vocabulary #HomeHousehold
2026-09-26 13:00,2026-09-26,13:00,speaksilq_farsi,Farsi,02_farsi/farsi_07-time-frequency_p1of6_time.png,farsi_07-time-frequency_p1of6_time.png,Time & Calendar,time,1,6,lemon-ice,"English vs Farsi — Time & Calendar (part 1 of 6)
Time = zamân · Hour / clock = sâ'at · Minute = daqiqe
Learn Farsi and 20+ more at Speaksilq.com","Pastel vocabulary card titled ""English vs Farsi"", subtitle ""Time & Calendar"", listing 11 English words with their Farsi romanisations.",#SpeakSilq #LearnFarsi #Farsi #LanguageLearning #Vocabulary #TimeFrequency
2026-09-26 13:00,2026-09-26,13:00,speaksilq_pashto,Pashto,01_pashto/pashto_18-home-household_p1of3_home.png,pashto_18-home-household_p1of3_home.png,Home & Household,home,1,3,lemon-ice,"English vs Pashto — Home & Household (part 1 of 3)
House = Kor · Room = Kota · Bedroom = Da khob kota
Learn Pashto and 20+ more at Speaksilq.com","Pastel vocabulary card titled ""English vs Pashto"", subtitle ""Home & Household"", listing 10 English words with their Pashto romanisations.",#SpeakSilq #LearnPashto #Pashto #LanguageLearning #Vocabulary #HomeHousehold
2026-09-27 01:00,2026-09-27,01:00,speaksilq_bengali,Bengali,05_bengali/bengali_26-nature-weather_p2of3_world.png,bengali_26-nature-weather_p2of3_world.png,Weather & Seasons,world,2,3,sky,"English vs Bengali — Weather & Seasons (part 2 of 3)
Cloud = megh · Sunlight = rod · Shade = chhaya
Learn Bengali and 20+ more at Speaksilq.com","Pastel vocabulary card titled ""English vs Bengali"", subtitle ""Weather & Seasons"", listing 10 English words with their Bengali romanisations.",#SpeakSilq #LearnBengali #Bengali #LanguageLearning #Vocabulary #NatureWeather
2026-09-27 01:00,2026-09-27,01:00,speaksilq_dari,Dari,03_dari/dari_11-emotions-feelings_p2of3_people.png,dari_11-emotions-feelings_p2of3_people.png,Emotions & Feelings,people,2,3,sky,"English vs Dari — Emotions & Feelings (part 2 of 3)
Shame = Sharm · Pride = Iftikhar · Jealousy = Hasad
Learn Dari and 20+ more at Speaksilq.com","Pastel vocabulary card titled ""English vs Dari"", subtitle ""Emotions & Feelings"", listing 10 English words with their Dari romanisations.",#SpeakSilq #LearnDari #Dari #LanguageLearning #Vocabulary #EmotionsFeelings
2026-09-27 01:00,2026-09-27,01:00,speaksilq_farsi,Farsi,02_farsi/farsi_11-emotions-feelings_p1of4_people.png,farsi_11-emotions-feelings_p1of4_people.png,Emotions & Feelings,people,1,4,sky,"English vs Farsi — Emotions & Feelings (part 1 of 4)
Feeling = ehsâs · Happy = khoshhâl · Sad = ghamgin
Learn Farsi and 20+ more at Speaksilq.com","Pastel vocabulary card titled ""English vs Farsi"", subtitle ""Emotions & Feelings"", listing 11 English words with their Farsi romanisations.",#SpeakSilq #LearnFarsi #Farsi #LanguageLearning #Vocabulary #EmotionsFeelings
2026-09-27 01:00,2026-09-27,01:00,speaksilq_pashto,Pashto,01_pashto/pashto_03-question-words_p1of3_social.png,pashto_03-question-words_p1of3_social.png,Question Words & Connectors,social,1,3,sky,"English vs Pashto — Question Words & Connectors (part 1 of 3)
What = Tsa · Who = Tsok dai · Where = Cherta
Learn Pashto and 20+ more at Speaksilq.com","Pastel vocabulary card titled ""English vs Pashto"", subtitle ""Question Words & Connectors"", listing 10 English words with their Pashto romanisations.",#SpeakSilq #LearnPashto #Pashto #LanguageLearning #Vocabulary #QuestionWords
2026-09-27 13:00,2026-09-27,13:00,speaksilq_bengali,Bengali,05_bengali/bengali_20-shopping-money_p3of4_home.png,bengali_20-shopping-money_p3of4_home.png,Shopping & Money,home,3,4,rose-quartz,"English vs Bengali — Shopping & Money (part 3 of 4)
Savings = shonchoy · Tax = kor · Bill = bil
Learn Bengali and 20+ more at Speaksilq.com","Pastel vocabulary card titled ""English vs Bengali"", subtitle ""Shopping & Money"", listing 10 English words with their Bengali romanisations.",#SpeakSilq #LearnBengali #Bengali #LanguageLearning #Vocabulary #ShoppingMoney
2026-09-27 13:00,2026-09-27,13:00,speaksilq_dari,Dari,03_dari/dari_31-work-professions_p2of2_learn.png,dari_31-work-professions_p2of2_learn.png,Work & Professions,learn,2,2,rose-quartz,"English vs Dari — Work & Professions (part 2 of 2)
Carpenter = Najjar · Blacksmith = Ahangar · Labourer = Mazdur
Learn Dari and 20+ more at Speaksilq.com","Pastel vocabulary card titled ""English vs Dari"", subtitle ""Work & Professions"", listing 12 English words with their Dari romanisations.",#SpeakSilq #LearnDari #Dari #LanguageLearning #Vocabulary #WorkProfessions
2026-09-27 13:00,2026-09-27,13:00,speaksilq_farsi,Farsi,02_farsi/farsi_30-adjectives-opposites_p8of8_learn.png,farsi_30-adjectives-opposites_p8of8_learn.png,Adjectives & Descriptions,learn,8,8,rose-quartz,"English vs Farsi — Adjectives & Descriptions (part 8 of 8)
Fake = taqallobi · Useful = mofid · Useless = bi-fâyede
Learn Farsi and 20+ more at Speaksilq.com","Pastel vocabulary card titled ""English vs Farsi"", subtitle ""Adjectives & Descriptions"", listing 11 English words with their Farsi romanisations.",#SpeakSilq #LearnFarsi #Farsi #LanguageLearning #Vocabulary #AdjectivesOpposites
2026-09-27 13:00,2026-09-27,13:00,speaksilq_pashto,Pashto,01_pashto/pashto_24-city-places_p1of2_travel.png,pashto_24-city-places_p1of2_travel.png,City & Places,travel,1,2,rose-quartz,"English vs Pashto — City & Places (part 1 of 2)
City = Shaar · Village = Kalai · Country = Hewaad
Learn Pashto and 20+ more at Speaksilq.com","Pastel vocabulary card titled ""English vs Pashto"", subtitle ""City & Places"", listing 13 English words with their Pashto romanisations.",#SpeakSilq #LearnPashto #Pashto #LanguageLearning #Vocabulary #CityPlaces
2026-09-28 01:00,2026-09-28,01:00,speaksilq_bengali,Bengali,05_bengali/bengali_32-education-school_p2of3_learn.png,bengali_32-education-school_p2of3_learn.png,Education & School,learn,2,3,pistachio,"English vs Bengali — Education & School (part 2 of 3)
Homework = barir kaj · Exam = porikkha · Result = folafol
Learn Bengali and 20+ more at Speaksilq.com","Pastel vocabulary card titled ""English vs Bengali"", subtitle ""Education & School"", listing 13 English words with their Bengali romanisations.",#SpeakSilq #LearnBengali #Bengali #LanguageLearning #Vocabulary #EducationSchool
2026-09-28 01:00,2026-09-28,01:00,speaksilq_dari,Dari,03_dari/dari_03-question-words_p1of3_social.png,dari_03-question-words_p1of3_social.png,Question Words & Connectors,social,1,3,pistachio,"English vs Dari — Question Words & Connectors (part 1 of 3)
What = Chi · Who = Ki · Where = Koja
Learn Dari and 20+ more at Speaksilq.com","Pastel vocabulary card titled ""English vs Dari"", subtitle ""Question Words & Connectors"", listing 10 English words with their Dari romanisations.",#SpeakSilq #LearnDari #Dari #LanguageLearning #Vocabulary #QuestionWords
2026-09-28 01:00,2026-09-28,01:00,speaksilq_farsi,Farsi,02_farsi/farsi_26-nature-weather_p5of5_world.png,farsi_26-nature-weather_p5of5_world.png,Nature & Weather,world,5,5,pistachio,"English vs Farsi — Nature & Weather (part 5 of 5)
Breeze = nasim · Stone = sang · Sand = shen
Learn Farsi and 20+ more at Speaksilq.com","Pastel vocabulary card titled ""English vs Farsi"", subtitle ""Nature & Weather"", listing 10 English words with their Farsi romanisations.",#SpeakSilq #LearnFarsi #Farsi #LanguageLearning #Vocabulary #NatureWeather
2026-09-28 01:00,2026-09-28,01:00,speaksilq_pashto,Pashto,01_pashto/pashto_11-emotions-feelings_p2of3_people.png,pashto_11-emotions-feelings_p2of3_people.png,Emotions & Feelings,people,2,3,pistachio,"English vs Pashto — Emotions & Feelings (part 2 of 3)
Shame = Sharm · Pride = Iftikhaar · Jealousy = Hasad
Learn Pashto and 20+ more at Speaksilq.com","Pastel vocabulary card titled ""English vs Pashto"", subtitle ""Emotions & Feelings"", listing 10 English words with their Pashto romanisations.",#SpeakSilq #LearnPashto #Pashto #LanguageLearning #Vocabulary #EmotionsFeelings
2026-09-28 13:00,2026-09-28,13:00,speaksilq_bengali,Bengali,05_bengali/bengali_01-greetings-courtesy_p1of5_social.png,bengali_01-greetings-courtesy_p1of5_social.png,Greetings & Courtesy,social,1,5,powder-blue,"English vs Bengali — Greetings & Courtesy (part 1 of 5)
Hello / greetings = nomoshkar · Peace be upon you = assalamu alaikum · And peace be upon you (reply) = walaikum assalam
Learn Bengali and 20+ more at Speaksilq.com","Pastel vocabulary card titled ""English vs Bengali"", subtitle ""Greetings & Courtesy"", listing 12 English words with their Bengali romanisations.",#SpeakSilq #LearnBengali #Bengali #LanguageLearning #Vocabulary #GreetingsCourtesy
2026-09-28 13:00,2026-09-28,13:00,speaksilq_dari,Dari,03_dari/dari_24-city-places_p1of2_travel.png,dari_24-city-places_p1of2_travel.png,City & Places,travel,1,2,powder-blue,"English vs Dari — City & Places (part 1 of 2)
City = Shahr · Village = Qarya · Country = Kishwar
Learn Dari and 20+ more at Speaksilq.com","Pastel vocabulary card titled ""English vs Dari"", subtitle ""City & Places"", listing 13 English words with their Dari romanisations.",#SpeakSilq #LearnDari #Dari #LanguageLearning #Vocabulary #CityPlaces
2026-09-28 13:00,2026-09-28,13:00,speaksilq_farsi,Farsi,02_farsi/farsi_03-question-words_p1of2_social.png,farsi_03-question-words_p1of2_social.png,Question Words,social,1,2,powder-blue,"English vs Farsi — Question Words (part 1 of 2)
What = che · What (thing) = chi · Who = ki
Learn Farsi and 20+ more at Speaksilq.com","Pastel vocabulary card titled ""English vs Farsi"", subtitle ""Question Words"", listing 10 English words with their Farsi romanisations.",#SpeakSilq #LearnFarsi #Farsi #LanguageLearning #Vocabulary #QuestionWords
2026-09-28 13:00,2026-09-28,13:00,speaksilq_pashto,Pashto,01_pashto/pashto_31-work-professions_p2of2_learn.png,pashto_31-work-professions_p2of2_learn.png,Work & Professions,learn,2,2,powder-blue,"English vs Pashto — Work & Professions (part 2 of 2)
Carpenter = Najaar · Blacksmith = Aahangar · Labourer = Mazdur
Learn Pashto and 20+ more at Speaksilq.com","Pastel vocabulary card titled ""English vs Pashto"", subtitle ""Work & Professions"", listing 12 English words with their Pashto romanisations.",#SpeakSilq #LearnPashto #Pashto #LanguageLearning #Vocabulary #WorkProfessions
2026-09-29 01:00,2026-09-29,01:00,speaksilq_bengali,Bengali,05_bengali/bengali_12-body-parts_p1of5_people.png,bengali_12-body-parts_p1of5_people.png,Body & Health,people,1,5,coral-mist,"English vs Bengali — Body & Health (part 1 of 5)
Body = shorir · Head = matha · Hair = chul
Learn Bengali and 20+ more at Speaksilq.com","Pastel vocabulary card titled ""English vs Bengali"", subtitle ""Body & Health"", listing 13 English words with their Bengali romanisations.",#SpeakSilq #LearnBengali #Bengali #LanguageLearning #Vocabulary #BodyParts
2026-09-29 01:00,2026-09-29,01:00,speaksilq_dari,Dari,03_dari/dari_17-restaurant-ordering_p3of3_food.png,dari_17-restaurant-ordering_p3of3_food.png,Restaurant & Ordering,food,3,3,coral-mist,"English vs Dari — Restaurant & Ordering (part 3 of 3)
I am full = Ser astum · The bill, please = Bil ra biyarin · Do you take cards? = Kart qabul mekunin?
Learn Dari and 20+ more at Speaksilq.com","Pastel vocabulary card titled ""English vs Dari"", subtitle ""Restaurant & Ordering"", listing 10 English words with their Dari romanisations.",#SpeakSilq #LearnDari #Dari #LanguageLearning #Vocabulary #RestaurantOrdering
2026-09-29 01:00,2026-09-29,01:00,speaksilq_farsi,Farsi,02_farsi/farsi_35-religion-culture_p2of3_learn.png,farsi_35-religion-culture_p2of3_learn.png,Culture & Religion,learn,2,3,coral-mist,"English vs Farsi — Culture & Religion (part 2 of 3)
Charity = sadaqe · Paradise = behesht · Hell = jahannam
Learn Farsi and 20+ more at Speaksilq.com","Pastel vocabulary card titled ""English vs Farsi"", subtitle ""Culture & Religion"", listing 10 English words with their Farsi romanisations.",#SpeakSilq #LearnFarsi #Farsi #LanguageLearning #Vocabulary #ReligionCulture
2026-09-29 01:00,2026-09-29,01:00,speaksilq_pashto,Pashto,01_pashto/pashto_17-restaurant-ordering_p3of3_food.png,pashto_17-restaurant-ordering_p3of3_food.png,Restaurant & Ordering,food,3,3,coral-mist,"English vs Pashto — Restaurant & Ordering (part 3 of 3)
I am full = Za mur shwam · The bill, please = Bil raawrey · Do you take cards? = Kaard manay?
Learn Pashto and 20+ more at Speaksilq.com","Pastel vocabulary card titled ""English vs Pashto"", subtitle ""Restaurant & Ordering"", listing 10 English words with their Pashto romanisations.",#SpeakSilq #LearnPashto #Pashto #LanguageLearning #Vocabulary #RestaurantOrdering
2026-09-29 13:00,2026-09-29,13:00,speaksilq_bengali,Bengali,05_bengali/bengali_07-time-frequency_p1of6_time.png,bengali_07-time-frequency_p1of6_time.png,Time & Calendar,time,1,6,honeydew,"English vs Bengali — Time & Calendar (part 1 of 6)
Time = shomoy · Now = ekhon · Then / at that time = tokhon
Learn Bengali and 20+ more at Speaksilq.com","Pastel vocabulary card titled ""English vs Bengali"", subtitle ""Time & Calendar"", listing 13 English words with their Bengali romanisations.",#SpeakSilq #LearnBengali #Bengali #LanguageLearning #Vocabulary #TimeFrequency
2026-09-29 13:00,2026-09-29,13:00,speaksilq_dari,Dari,03_dari/dari_19-clothing-accessories_p1of2_home.png,dari_19-clothing-accessories_p1of2_home.png,Clothing & Accessories,home,1,2,honeydew,"English vs Dari — Clothing & Accessories (part 1 of 2)
Clothes = Kali · Shirt / tunic = Perahan · Trousers = Tunban
Learn Dari and 20+ more at Speaksilq.com","Pastel vocabulary card titled ""English vs Dari"", subtitle ""Clothing & Accessories"", listing 13 English words with their Dari romanisations.",#SpeakSilq #LearnDari #Dari #LanguageLearning #Vocabulary #ClothingAccessories
2026-09-29 13:00,2026-09-29,13:00,speaksilq_farsi,Farsi,02_farsi/farsi_14-food-drink_p1of8_food.png,farsi_14-food-drink_p1of8_food.png,Food & Drink,food,1,8,honeydew,"English vs Farsi — Food & Drink (part 1 of 8)
Food = ghazâ · Water = âb · Bread = nân
Learn Farsi and 20+ more at Speaksilq.com","Pastel vocabulary card titled ""English vs Farsi"", subtitle ""Food & Drink"", listing 11 English words with their Farsi romanisations.",#SpeakSilq #LearnFarsi #Farsi #LanguageLearning #Vocabulary #FoodDrink
2026-09-29 13:00,2026-09-29,13:00,speaksilq_pashto,Pashto,01_pashto/pashto_19-clothing-accessories_p1of2_home.png,pashto_19-clothing-accessories_p1of2_home.png,Clothing & Accessories,home,1,2,honeydew,"English vs Pashto — Clothing & Accessories (part 1 of 2)
Clothes = Jaame · Shirt / tunic = Kamees · Trousers = Partug
Learn Pashto and 20+ more at Speaksilq.com","Pastel vocabulary card titled ""English vs Pashto"", subtitle ""Clothing & Accessories"", listing 13 English words with their Pashto romanisations.",#SpeakSilq #LearnPashto #Pashto #LanguageLearning #Vocabulary #ClothingAccessories
2026-09-30 01:00,2026-09-30,01:00,speaksilq_bengali,Bengali,05_bengali/bengali_29-common-verbs_p7of7_learn.png,bengali_29-common-verbs_p7of7_learn.png,Common Verbs,learn,7,7,periwinkle,"English vs Bengali — Common Verbs (part 7 of 7)
To believe = bishshash kora · To hope = asha kora · To decide = shiddhanto neowa
Learn Bengali and 20+ more at Speaksilq.com","Pastel vocabulary card titled ""English vs Bengali"", subtitle ""Common Verbs"", listing 12 English words with their Bengali romanisations.",#SpeakSilq #LearnBengali #Bengali #LanguageLearning #Vocabulary #CommonVerbs
2026-09-30 01:00,2026-09-30,01:00,speaksilq_dari,Dari,03_dari/dari_29-common-verbs_p2of5_learn.png,dari_29-common-verbs_p2of5_learn.png,Common Verbs,learn,2,5,periwinkle,"English vs Dari — Common Verbs (part 2 of 5)
To see = Didan · To read / study = Khandan · To write = Neweshtan
Learn Dari and 20+ more at Speaksilq.com","Pastel vocabulary card titled ""English vs Dari"", subtitle ""Common Verbs"", listing 11 English words with their Dari romanisations.",#SpeakSilq #LearnDari #Dari #LanguageLearning #Vocabulary #CommonVerbs
2026-09-30 01:00,2026-09-30,01:00,speaksilq_farsi,Farsi,02_farsi/farsi_06-numbers_p3of5_time.png,farsi_06-numbers_p3of5_time.png,Numbers,time,3,5,periwinkle,"English vs Farsi — Numbers (part 3 of 5)
Thirty = si · Forty = chehel · Fifty = panjâh
Learn Farsi and 20+ more at Speaksilq.com","Pastel vocabulary card titled ""English vs Farsi"", subtitle ""Numbers"", listing 11 English words with their Farsi romanisations.",#SpeakSilq #LearnFarsi #Farsi #LanguageLearning #Vocabulary #Numbers
2026-09-30 01:00,2026-09-30,01:00,speaksilq_pashto,Pashto,01_pashto/pashto_01-greetings-courtesy_p3of3_social.png,pashto_01-greetings-courtesy_p3of3_social.png,Greetings & Courtesy,social,3,3,periwinkle,"English vs Pashto — Greetings & Courtesy (part 3 of 3)
Happy birthday = Da zeegedo wradz mo mubaarak · Best wishes = She hile · Nice to meet you = Staaso pa lido khushaala shwam
Learn Pashto and 20+ more at Speaksilq.com","Pastel vocabulary card titled ""English vs Pashto"", subtitle ""Greetings & Courtesy"", listing 11 English words with their Pashto romanisations.",#SpeakSilq #LearnPashto #Pashto #LanguageLearning #Vocabulary #GreetingsCourtesy
2026-09-30 13:00,2026-09-30,13:00,speaksilq_bengali,Bengali,05_bengali/bengali_03-question-words_p3of4_social.png,bengali_03-question-words_p3of4_social.png,Pronouns & Questions,social,3,4,peach,"English vs Bengali — Pronouns & Questions (part 3 of 4)
Their = tader · Myself = nije · What? = ki?
Learn Bengali and 20+ more at Speaksilq.com","Pastel vocabulary card titled ""English vs Bengali"", subtitle ""Pronouns & Questions"", listing 10 English words with their Bengali romanisations.",#SpeakSilq #LearnBengali #Bengali #LanguageLearning #Vocabulary #QuestionWords
2026-09-30 13:00,2026-09-30,13:00,speaksilq_dari,Dari,03_dari/dari_28-emergencies-safety_p2of2_world.png,dari_28-emergencies-safety_p2of2_world.png,Emergencies & Safety,world,2,2,peach,"English vs Dari — Emergencies & Safety (part 2 of 2)
Witness = Shahid · Lawyer = Wakil · Call the police = Polis ra khabar kunen
Learn Dari and 20+ more at Speaksilq.com","Pastel vocabulary card titled ""English vs Dari"", subtitle ""Emergencies & Safety"", listing 12 English words with their Dari romanisations.",#SpeakSilq #LearnDari #Dari #LanguageLearning #Vocabulary #EmergenciesSafety
2026-09-30 13:00,2026-09-30,13:00,speaksilq_farsi,Farsi,02_farsi/farsi_33-technology-communication_p2of3_learn.png,farsi_33-technology-communication_p2of3_learn.png,Technology & Media,learn,2,3,peach,"English vs Farsi — Technology & Media (part 2 of 3)
Camera = durbin · Photo = aks · Video = vidiyo
Learn Farsi and 20+ more at Speaksilq.com","Pastel vocabulary card titled ""English vs Farsi"", subtitle ""Technology & Media"", listing 11 English words with their Farsi romanisations.",#SpeakSilq #LearnFarsi #Farsi #LanguageLearning #Vocabulary #TechnologyCommunication
2026-09-30 13:00,2026-09-30,13:00,speaksilq_pashto,Pashto,01_pashto/pashto_28-emergencies-safety_p2of2_world.png,pashto_28-emergencies-safety_p2of2_world.png,Emergencies & Safety,world,2,2,peach,"English vs Pashto — Emergencies & Safety (part 2 of 2)
Witness = Shaahid · Lawyer = Wakil · Call the police = Polis ta zang wuwahay
Learn Pashto and 20+ more at Speaksilq.com","Pastel vocabulary card titled ""English vs Pashto"", subtitle ""Emergencies & Safety"", listing 12 English words with their Pashto romanisations.",#SpeakSilq #LearnPashto #Pashto #LanguageLearning #Vocabulary #EmergenciesSafety
2026-10-01 01:00,2026-10-01,01:00,speaksilq_bengali,Bengali,05_bengali/bengali_19-clothing-accessories_p2of3_home.png,bengali_19-clothing-accessories_p2of3_home.png,Clothing & Personal Items,home,2,3,sage,"English vs Bengali — Clothing & Personal Items (part 2 of 3)
Sandals = sêandel · Socks = moja · Sweater = sweter
Learn Bengali and 20+ more at Speaksilq.com","Pastel vocabulary card titled ""English vs Bengali"", subtitle ""Clothing & Personal Items"", listing 10 English words with their Bengali romanisations.",#SpeakSilq #LearnBengali #Bengali #LanguageLearning #Vocabulary #ClothingAccessories
2026-10-01 01:00,2026-10-01,01:00,speaksilq_dari,Dari,03_dari/dari_01-greetings-courtesy_p3of3_social.png,dari_01-greetings-courtesy_p3of3_social.png,Greetings & Courtesy,social,3,3,sage,"English vs Dari — Greetings & Courtesy (part 3 of 3)
Happy birthday = Tawallud mubarak · Best wishes = Behtarin arezooha · Nice to meet you = Az molaqat-e shoma khush shudum
Learn Dari and 20+ more at Speaksilq.com","Pastel vocabulary card titled ""English vs Dari"", subtitle ""Greetings & Courtesy"", listing 11 English words with their Dari romanisations.",#SpeakSilq #LearnDari #Dari #LanguageLearning #Vocabulary #GreetingsCourtesy
2026-10-01 01:00,2026-10-01,01:00,speaksilq_farsi,Farsi,02_farsi/farsi_04-people-pronouns_p3of3_social.png,farsi_04-people-pronouns_p3of3_social.png,Pronouns & Demonstratives,social,3,3,sage,"English vs Farsi — Pronouns & Demonstratives (part 3 of 3)
Everyone = hame · Someone = kasi · No one = hichkas
Learn Farsi and 20+ more at Speaksilq.com","Pastel vocabulary card titled ""English vs Farsi"", subtitle ""Pronouns & Demonstratives"", listing 10 English words with their Farsi romanisations.",#SpeakSilq #LearnFarsi #Farsi #LanguageLearning #Vocabulary #PeoplePronouns
2026-10-01 01:00,2026-10-01,01:00,speaksilq_pashto,Pashto,01_pashto/pashto_29-common-verbs_p2of5_learn.png,pashto_29-common-verbs_p2of5_learn.png,Common Verbs,learn,2,5,sage,"English vs Pashto — Common Verbs (part 2 of 5)
To see = Lidal · To read = Lwastal · To write = Likal
Learn Pashto and 20+ more at Speaksilq.com","Pastel vocabulary card titled ""English vs Pashto"", subtitle ""Common Verbs"", listing 11 English words with their Pashto romanisations.",#SpeakSilq #LearnPashto #Pashto #LanguageLearning #Vocabulary #CommonVerbs
2026-10-01 13:00,2026-10-01,13:00,speaksilq_bengali,Bengali,05_bengali/bengali_10-family-relationships_p1of5_people.png,bengali_10-family-relationships_p1of5_people.png,Family & People,people,1,5,lavender,"English vs Bengali — Family & People (part 1 of 5)
Family = poribar · Mother = ma · Father = baba
Learn Bengali and 20+ more at Speaksilq.com","Pastel vocabulary card titled ""English vs Bengali"", subtitle ""Family & People"", listing 11 English words with their Bengali romanisations.",#SpeakSilq #LearnBengali #Bengali #LanguageLearning #Vocabulary #FamilyRelationships
2026-10-01 13:00,2026-10-01,13:00,speaksilq_dari,Dari,03_dari/dari_08-days-months-seasons_p2of3_time.png,dari_08-days-months-seasons_p2of3_time.png,"Days, Months & Seasons",time,2,3,lavender,"English vs Dari — Days, Months & Seasons (part 2 of 3)
4th solar month (Jun–Jul) = Saratan · 5th solar month (Jul–Aug) = Asad · 6th solar month (Aug–Sep) = Sunbula
Learn Dari and 20+ more at Speaksilq.com","Pastel vocabulary card titled ""English vs Dari"", subtitle ""Days, Months & Seasons"", listing 10 English words with their Dari romanisations.",#SpeakSilq #LearnDari #Dari #LanguageLearning #Vocabulary #DaysMonthsSeasons
2026-10-01 13:00,2026-10-01,13:00,speaksilq_farsi,Farsi,02_farsi/farsi_12-body-parts_p2of5_people.png,farsi_12-body-parts_p2of5_people.png,Body & Health,people,2,5,lavender,"English vs Farsi — Body & Health (part 2 of 5)
Shoulder = shâne · Arm = bâzu · Hand = dast
Learn Farsi and 20+ more at Speaksilq.com","Pastel vocabulary card titled ""English vs Farsi"", subtitle ""Body & Health"", listing 12 English words with their Farsi romanisations.",#SpeakSilq #LearnFarsi #Farsi #LanguageLearning #Vocabulary #BodyParts
2026-10-01 13:00,2026-10-01,13:00,speaksilq_pashto,Pashto,01_pashto/pashto_08-days-months-seasons_p2of3_time.png,pashto_08-days-months-seasons_p2of3_time.png,"Days, Months & Seasons",time,2,3,lavender,"English vs Pashto — Days, Months & Seasons (part 2 of 3)
4th solar month (Jun–Jul) = Chungaash · 5th solar month (Jul–Aug) = Zmarai · 6th solar month (Aug–Sep) = Wazhai
Learn Pashto and 20+ more at Speaksilq.com","Pastel vocabulary card titled ""English vs Pashto"", subtitle ""Days, Months & Seasons"", listing 10 English words with their Pashto romanisations.",#SpeakSilq #LearnPashto #Pashto #LanguageLearning #Vocabulary #DaysMonthsSeasons
2026-10-02 01:00,2026-10-02,01:00,speaksilq_bengali,Bengali,05_bengali/bengali_30-adjectives-opposites_p7of7_learn.png,bengali_30-adjectives-opposites_p7of7_learn.png,Adjectives & Opposites,learn,7,7,champagne,"English vs Bengali — Adjectives & Opposites (part 7 of 7)
Dangerous = bipojjonok · Busy = bêsto · Free / available = khali
Learn Bengali and 20+ more at Speaksilq.com","Pastel vocabulary card titled ""English vs Bengali"", subtitle ""Adjectives & Opposites"", listing 11 English words with their Bengali romanisations.",#SpeakSilq #LearnBengali #Bengali #LanguageLearning #Vocabulary #AdjectivesOpposites
2026-10-02 01:00,2026-10-02,01:00,speaksilq_farsi,Farsi,02_farsi/farsi_29-common-verbs_p4of10_learn.png,farsi_29-common-verbs_p4of10_learn.png,Common Verbs,learn,4,10,champagne,"English vs Farsi — Common Verbs (part 4 of 10)
to open = bâz kardan · to close = bastan · to start = shoru' kardan
Learn Farsi and 20+ more at Speaksilq.com","Pastel vocabulary card titled ""English vs Farsi"", subtitle ""Common Verbs"", listing 11 English words with their Farsi romanisations.",#SpeakSilq #LearnFarsi #Farsi #LanguageLearning #Vocabulary #CommonVerbs
2026-10-02 13:00,2026-10-02,13:00,speaksilq_bengali,Bengali,05_bengali/bengali_02-everyday-phrases_p2of11_social.png,bengali_02-everyday-phrases_p2of11_social.png,Everyday Phrases,social,2,11,mint,"English vs Bengali — Everyday Phrases (part 2 of 11)
Wait a moment = ektu opekkha korun · Just a minute = ek minit · Come here = ekhane ashun
Learn Bengali and 20+ more at Speaksilq.com","Pastel vocabulary card titled ""English vs Bengali"", subtitle ""Everyday Phrases"", listing 12 English words with their Bengali romanisations.",#SpeakSilq #LearnBengali #Bengali #LanguageLearning #Vocabulary #EverydayPhrases
2026-10-02 13:00,2026-10-02,13:00,speaksilq_farsi,Farsi,02_farsi/farsi_24-city-places_p3of4_travel.png,farsi_24-city-places_p3of4_travel.png,City & Places,travel,3,4,mint,"English vs Farsi — City & Places (part 3 of 4)
Theater = te'âtr · Stadium = varzeshgâh · Zoo = bâgh-e vahsh
Learn Farsi and 20+ more at Speaksilq.com","Pastel vocabulary card titled ""English vs Farsi"", subtitle ""City & Places"", listing 11 English words with their Farsi romanisations.",#SpeakSilq #LearnFarsi #Farsi #LanguageLearning #Vocabulary #CityPlaces
2026-10-03 01:00,2026-10-03,01:00,speaksilq_bengali,Bengali,05_bengali/bengali_27-animals-birds_p5of5_world.png,bengali_27-animals-birds_p5of5_world.png,Animals & Nature,world,5,5,lilac,"English vs Bengali — Animals & Nature (part 5 of 5)
Paddy field = dhankhet · Soil / earth = mati · Stone = pathor
Learn Bengali and 20+ more at Speaksilq.com","Pastel vocabulary card titled ""English vs Bengali"", subtitle ""Animals & Nature"", listing 12 English words with their Bengali romanisations.",#SpeakSilq #LearnBengali #Bengali #LanguageLearning #Vocabulary #AnimalsBirds
2026-10-03 01:00,2026-10-03,01:00,speaksilq_farsi,Farsi,02_farsi/farsi_27-animals-birds_p3of3_world.png,farsi_27-animals-birds_p3of3_world.png,Animals,world,3,3,lilac,"English vs Farsi — Animals (part 3 of 3)
Bee = zanbur · Ant = murche · Spider = ankabut
Learn Farsi and 20+ more at Speaksilq.com","Pastel vocabulary card titled ""English vs Farsi"", subtitle ""Animals"", listing 12 English words with their Farsi romanisations.",#SpeakSilq #LearnFarsi #Farsi #LanguageLearning #Vocabulary #AnimalsBirds
2026-10-03 13:00,2026-10-03,13:00,speaksilq_bengali,Bengali,05_bengali/bengali_06-numbers_p5of6_time.png,bengali_06-numbers_p5of6_time.png,Numbers & Counting,time,5,6,sand,"English vs Bengali — Numbers & Counting (part 5 of 6)
Fifth = ponchom · Sixth = shoshtho · Seventh = shoptom
Learn Bengali and 20+ more at Speaksilq.com","Pastel vocabulary card titled ""English vs Bengali"", subtitle ""Numbers & Counting"", listing 12 English words with their Bengali romanisations.",#SpeakSilq #LearnBengali #Bengali #LanguageLearning #Vocabulary #Numbers
2026-10-03 13:00,2026-10-03,13:00,speaksilq_farsi,Farsi,02_farsi/farsi_30-adjectives-opposites_p6of8_learn.png,farsi_30-adjectives-opposites_p6of8_learn.png,Adjectives & Descriptions,learn,6,8,sand,"English vs Farsi — Adjectives & Descriptions (part 6 of 8)
Merciless = bi-rahm · Polite = mo'addab · Rude = bi-adab
Learn Farsi and 20+ more at Speaksilq.com","Pastel vocabulary card titled ""English vs Farsi"", subtitle ""Adjectives & Descriptions"", listing 11 English words with their Farsi romanisations.",#SpeakSilq #LearnFarsi #Farsi #LanguageLearning #Vocabulary #AdjectivesOpposites
2026-10-04 01:00,2026-10-04,01:00,speaksilq_bengali,Bengali,05_bengali/bengali_31-work-professions_p2of4_learn.png,bengali_31-work-professions_p2of4_learn.png,Work & Occupations,learn,2,4,seafoam,"English vs Bengali — Work & Occupations (part 2 of 4)
Experience = obhiggota · Unemployed = bekar · Retirement = obosor
Learn Bengali and 20+ more at Speaksilq.com","Pastel vocabulary card titled ""English vs Bengali"", subtitle ""Work & Occupations"", listing 10 English words with their Bengali romanisations.",#SpeakSilq #LearnBengali #Bengali #LanguageLearning #Vocabulary #WorkProfessions
2026-10-04 01:00,2026-10-04,01:00,speaksilq_farsi,Farsi,02_farsi/farsi_05-connectors-prepositions_p4of4_social.png,farsi_05-connectors-prepositions_p4of4_social.png,Connectors & Prepositions,social,4,4,seafoam,"English vs Farsi — Connectors & Prepositions (part 4 of 4)
Above = bâlâye · Below = pâyin · Toward = be suye
Learn Farsi and 20+ more at Speaksilq.com","Pastel vocabulary card titled ""English vs Farsi"", subtitle ""Connectors & Prepositions"", listing 12 English words with their Farsi romanisations.",#SpeakSilq #LearnFarsi #Farsi #LanguageLearning #Vocabulary #ConnectorsPrepositions
2026-10-04 13:00,2026-10-04,13:00,speaksilq_bengali,Bengali,05_bengali/bengali_18-home-household_p2of4_home.png,bengali_18-home-household_p2of4_home.png,Home & Household,home,2,4,orchid,"English vs Bengali — Home & Household (part 2 of 4)
Garden = bagan · Courtyard = uthan · Furniture = asbabpotro
Learn Bengali and 20+ more at Speaksilq.com","Pastel vocabulary card titled ""English vs Bengali"", subtitle ""Home & Household"", listing 13 English words with their Bengali romanisations.",#SpeakSilq #LearnBengali #Bengali #LanguageLearning #Vocabulary #HomeHousehold
2026-10-04 13:00,2026-10-04,13:00,speaksilq_farsi,Farsi,02_farsi/farsi_18-home-household_p2of5_home.png,farsi_18-home-household_p2of5_home.png,Home & Household,home,2,5,orchid,"English vs Farsi — Home & Household (part 2 of 5)
Wall = divâr · Floor = kaf · Ceiling = saqf
Learn Farsi and 20+ more at Speaksilq.com","Pastel vocabulary card titled ""English vs Farsi"", subtitle ""Home & Household"", listing 10 English words with their Farsi romanisations.",#SpeakSilq #LearnFarsi #Farsi #LanguageLearning #Vocabulary #HomeHousehold
2026-10-05 01:00,2026-10-05,01:00,speaksilq_bengali,Bengali,05_bengali/bengali_01-greetings-courtesy_p3of5_social.png,bengali_01-greetings-courtesy_p3of5_social.png,Greetings & Courtesy,social,3,5,butter,"English vs Bengali — Greetings & Courtesy (part 3 of 5)
Thank you very much = onek dhonnobad · You're welcome = shagotom · No problem / it's nothing = kono bêpar na
Learn Bengali and 20+ more at Speaksilq.com","Pastel vocabulary card titled ""English vs Bengali"", subtitle ""Greetings & Courtesy"", listing 11 English words with their Bengali romanisations.",#SpeakSilq #LearnBengali #Bengali #LanguageLearning #Vocabulary #GreetingsCourtesy
2026-10-05 01:00,2026-10-05,01:00,speaksilq_farsi,Farsi,02_farsi/farsi_32-education-school_p2of3_learn.png,farsi_32-education-school_p2of3_learn.png,Education & Language,learn,2,3,butter,"English vs Farsi — Education & Language (part 2 of 3)
Ruler = khatkesh · Blackboard = takhte-ye siâh · School desk = nimkat
Learn Farsi and 20+ more at Speaksilq.com","Pastel vocabulary card titled ""English vs Farsi"", subtitle ""Education & Language"", listing 12 English words with their Farsi romanisations.",#SpeakSilq #LearnFarsi #Farsi #LanguageLearning #Vocabulary #EducationSchool
2026-10-05 13:00,2026-10-05,13:00,speaksilq_bengali,Bengali,05_bengali/bengali_14-food-drink_p2of6_food.png,bengali_14-food-drink_p2of6_food.png,Food & Drink,food,2,6,aqua-mist,"English vs Bengali — Food & Drink (part 2 of 6)
Yoghurt = doi · Cheese = panir · Butter = makhon
Learn Bengali and 20+ more at Speaksilq.com","Pastel vocabulary card titled ""English vs Bengali"", subtitle ""Food & Drink"", listing 13 English words with their Bengali romanisations.",#SpeakSilq #LearnBengali #Bengali #LanguageLearning #Vocabulary #FoodDrink
2026-10-05 13:00,2026-10-05,13:00,speaksilq_farsi,Farsi,02_farsi/farsi_14-food-drink_p7of8_food.png,farsi_14-food-drink_p7of8_food.png,Food & Drink,food,7,8,aqua-mist,"English vs Farsi — Food & Drink (part 7 of 8)
Dessert = deser · Cake = keyk · Ice cream = bastani
Learn Farsi and 20+ more at Speaksilq.com","Pastel vocabulary card titled ""English vs Farsi"", subtitle ""Food & Drink"", listing 10 English words with their Farsi romanisations.",#SpeakSilq #LearnFarsi #Farsi #LanguageLearning #Vocabulary #FoodDrink
2026-10-06 01:00,2026-10-06,01:00,speaksilq_bengali,Bengali,05_bengali/bengali_23-directions-places_p3of4_travel.png,bengali_23-directions-places_p3of4_travel.png,Places & Directions,travel,3,4,blush,"English vs Bengali — Places & Directions (part 3 of 4)
Playground = khelar math · Left = bãye · Right = dane
Learn Bengali and 20+ more at Speaksilq.com","Pastel vocabulary card titled ""English vs Bengali"", subtitle ""Places & Directions"", listing 12 English words with their Bengali romanisations.",#SpeakSilq #LearnBengali #Bengali #LanguageLearning #Vocabulary #DirectionsPlaces
2026-10-06 01:00,2026-10-06,01:00,speaksilq_farsi,Farsi,02_farsi/farsi_03-question-words_p2of2_social.png,farsi_03-question-words_p2of2_social.png,Question Words,social,2,2,blush,"English vs Farsi — Question Words (part 2 of 2)
Which = kodâm · How much = cheqadr · How many = chand tâ
Learn Farsi and 20+ more at Speaksilq.com","Pastel vocabulary card titled ""English vs Farsi"", subtitle ""Question Words"", listing 10 English words with their Farsi romanisations.",#SpeakSilq #LearnFarsi #Farsi #LanguageLearning #Vocabulary #QuestionWords
2026-10-06 13:00,2026-10-06,13:00,speaksilq_bengali,Bengali,05_bengali/bengali_20-shopping-money_p1of4_home.png,bengali_20-shopping-money_p1of4_home.png,Shopping & Money,home,1,4,lemon-ice,"English vs Bengali — Shopping & Money (part 1 of 4)
Money = taka · Price = dam · Cost = khoroch
Learn Bengali and 20+ more at Speaksilq.com","Pastel vocabulary card titled ""English vs Bengali"", subtitle ""Shopping & Money"", listing 11 English words with their Bengali romanisations.",#SpeakSilq #LearnBengali #Bengali #LanguageLearning #Vocabulary #ShoppingMoney
2026-10-06 13:00,2026-10-06,13:00,speaksilq_farsi,Farsi,02_farsi/farsi_21-colours_p1of2_home.png,farsi_21-colours_p1of2_home.png,Colors,home,1,2,lemon-ice,"English vs Farsi — Colors (part 1 of 2)
Color = rang · Red = qermez · Blue = âbi
Learn Farsi and 20+ more at Speaksilq.com","Pastel vocabulary card titled ""English vs Farsi"", subtitle ""Colors"", listing 9 English words with their Farsi romanisations.",#SpeakSilq #LearnFarsi #Farsi #LanguageLearning #Vocabulary #Colours
2026-10-07 01:00,2026-10-07,01:00,speaksilq_bengali,Bengali,05_bengali/bengali_29-common-verbs_p2of7_learn.png,bengali_29-common-verbs_p2of7_learn.png,Common Verbs,learn,2,7,sky,"English vs Bengali — Common Verbs (part 2 of 7)
To listen / hear = shona · To see / look = dêkha · To read = pora
Learn Bengali and 20+ more at Speaksilq.com","Pastel vocabulary card titled ""English vs Bengali"", subtitle ""Common Verbs"", listing 13 English words with their Bengali romanisations.",#SpeakSilq #LearnBengali #Bengali #LanguageLearning #Vocabulary #CommonVerbs
2026-10-07 01:00,2026-10-07,01:00,speaksilq_farsi,Farsi,02_farsi/farsi_35-religion-culture_p3of3_learn.png,farsi_35-religion-culture_p3of3_learn.png,Culture & Religion,learn,3,3,sky,"English vs Farsi — Culture & Religion (part 3 of 3)
Tradition = sonnat · Custom = rasm · Poet = shâ'er
Learn Farsi and 20+ more at Speaksilq.com","Pastel vocabulary card titled ""English vs Farsi"", subtitle ""Culture & Religion"", listing 9 English words with their Farsi romanisations.",#SpeakSilq #LearnFarsi #Farsi #LanguageLearning #Vocabulary #ReligionCulture
2026-10-07 13:00,2026-10-07,13:00,speaksilq_bengali,Bengali,05_bengali/bengali_02-everyday-phrases_p10of11_social.png,bengali_02-everyday-phrases_p10of11_social.png,Everyday Phrases,social,10,11,rose-quartz,"English vs Bengali — Everyday Phrases (part 10 of 11)
I'm not sure = ami nishchit noi · Definitely = obosshoi · Never mind, let it go = thak, bad din
Learn Bengali and 20+ more at Speaksilq.com","Pastel vocabulary card titled ""English vs Bengali"", subtitle ""Everyday Phrases"", listing 12 English words with their Bengali romanisations.",#SpeakSilq #LearnBengali #Bengali #LanguageLearning #Vocabulary #EverydayPhrases
2026-10-07 13:00,2026-10-07,13:00,speaksilq_farsi,Farsi,02_farsi/farsi_06-numbers_p1of5_time.png,farsi_06-numbers_p1of5_time.png,Numbers,time,1,5,rose-quartz,"English vs Farsi — Numbers (part 1 of 5)
Zero = sefr · One = yek · Two = do
Learn Farsi and 20+ more at Speaksilq.com","Pastel vocabulary card titled ""English vs Farsi"", subtitle ""Numbers"", listing 11 English words with their Farsi romanisations.",#SpeakSilq #LearnFarsi #Farsi #LanguageLearning #Vocabulary #Numbers
2026-10-08 01:00,2026-10-08,01:00,speaksilq_farsi,Farsi,02_farsi/farsi_01-greetings-courtesy_p2of5_social.png,farsi_01-greetings-courtesy_p2of5_social.png,Greetings & Politeness,social,2,5,pistachio,"English vs Farsi — Greetings & Politeness (part 2 of 5)
Welcome (informal) = khosh umadi · How are you? (informal) = chetori? · How are you? (formal) = hâl-e shomâ chetor ast?
Learn Farsi and 20+ more at Speaksilq.com","Pastel vocabulary card titled ""English vs Farsi"", subtitle ""Greetings & Politeness"", listing 11 English words with their Farsi romanisations.",#SpeakSilq #LearnFarsi #Farsi #LanguageLearning #Vocabulary #GreetingsCourtesy
2026-10-08 13:00,2026-10-08,13:00,speaksilq_farsi,Farsi,02_farsi/farsi_29-common-verbs_p1of10_learn.png,farsi_29-common-verbs_p1of10_learn.png,Common Verbs,learn,1,10,powder-blue,"English vs Farsi — Common Verbs (part 1 of 10)
to be = budan · to have = dâshtan · to do / to make = kardan
Learn Farsi and 20+ more at Speaksilq.com","Pastel vocabulary card titled ""English vs Farsi"", subtitle ""Common Verbs"", listing 12 English words with their Farsi romanisations.",#SpeakSilq #LearnFarsi #Farsi #LanguageLearning #Vocabulary #CommonVerbs
2026-10-09 01:00,2026-10-09,01:00,speaksilq_farsi,Farsi,02_farsi/farsi_10-family-relationships_p3of5_people.png,farsi_10-family-relationships_p3of5_people.png,Family & People,people,3,5,coral-mist,"English vs Farsi — Family & People (part 3 of 5)
Wife / spouse = hamsar · Bride = arus · Groom = dâmâd
Learn Farsi and 20+ more at Speaksilq.com","Pastel vocabulary card titled ""English vs Farsi"", subtitle ""Family & People"", listing 11 English words with their Farsi romanisations.",#SpeakSilq #LearnFarsi #Farsi #LanguageLearning #Vocabulary #FamilyRelationships
2026-10-09 13:00,2026-10-09,13:00,speaksilq_farsi,Farsi,02_farsi/farsi_22-travel-transport_p1of4_travel.png,farsi_22-travel-transport_p1of4_travel.png,Travel & Transport,travel,1,4,honeydew,"English vs Farsi — Travel & Transport (part 1 of 4)
Travel = safar · Outing = gardesh · Tourist = turist
Learn Farsi and 20+ more at Speaksilq.com","Pastel vocabulary card titled ""English vs Farsi"", subtitle ""Travel & Transport"", listing 12 English words with their Farsi romanisations.",#SpeakSilq #LearnFarsi #Farsi #LanguageLearning #Vocabulary #TravelTransport
2026-10-10 01:00,2026-10-10,01:00,speaksilq_farsi,Farsi,02_farsi/farsi_20-shopping-money_p1of4_home.png,farsi_20-shopping-money_p1of4_home.png,Shopping & Money,home,1,4,periwinkle,"English vs Farsi — Shopping & Money (part 1 of 4)
Money = pul · Price = qeymat · Cheap = arzân
Learn Farsi and 20+ more at Speaksilq.com","Pastel vocabulary card titled ""English vs Farsi"", subtitle ""Shopping & Money"", listing 11 English words with their Farsi romanisations.",#SpeakSilq #LearnFarsi #Farsi #LanguageLearning #Vocabulary #ShoppingMoney
2026-10-10 13:00,2026-10-10,13:00,speaksilq_farsi,Farsi,02_farsi/farsi_34-sports-leisure_p3of3_learn.png,farsi_34-sports-leisure_p3of3_learn.png,Sports & Leisure,learn,3,3,peach,"English vs Farsi — Sports & Leisure (part 3 of 3)
Picnic = piknik · Leave / time off = morakhkhasi · Concert = konsert
Learn Farsi and 20+ more at Speaksilq.com","Pastel vocabulary card titled ""English vs Farsi"", subtitle ""Sports & Leisure"", listing 9 English words with their Farsi romanisations.",#SpeakSilq #LearnFarsi #Farsi #LanguageLearning #Vocabulary #SportsLeisure
2026-10-11 01:00,2026-10-11,01:00,speaksilq_farsi,Farsi,02_farsi/farsi_11-emotions-feelings_p4of4_people.png,farsi_11-emotions-feelings_p4of4_people.png,Emotions & Feelings,people,4,4,sage,"English vs Farsi — Emotions & Feelings (part 4 of 4)
Respect = ehterâm · Kindness = mehrabâni · Courage = shojâ'at
Learn Farsi and 20+ more at Speaksilq.com","Pastel vocabulary card titled ""English vs Farsi"", subtitle ""Emotions & Feelings"", listing 11 English words with their Farsi romanisations.",#SpeakSilq #LearnFarsi #Farsi #LanguageLearning #Vocabulary #EmotionsFeelings
2026-10-11 13:00,2026-10-11,13:00,speaksilq_farsi,Farsi,02_farsi/farsi_14-food-drink_p3of8_food.png,farsi_14-food-drink_p3of8_food.png,Food & Drink,food,3,8,lavender,"English vs Farsi — Food & Drink (part 3 of 8)
Soft drink = nushâbe · Fruit = mive · Apple = sib
Learn Farsi and 20+ more at Speaksilq.com","Pastel vocabulary card titled ""English vs Farsi"", subtitle ""Food & Drink"", listing 11 English words with their Farsi romanisations.",#SpeakSilq #LearnFarsi #Farsi #LanguageLearning #Vocabulary #FoodDrink
2026-10-12 01:00,2026-10-12,01:00,speaksilq_farsi,Farsi,02_farsi/farsi_18-home-household_p1of5_home.png,farsi_18-home-household_p1of5_home.png,Home & Household,home,1,5,champagne,"English vs Farsi — Home & Household (part 1 of 5)
House = khâne · Residence = manzel · Apartment = âpârtemân
Learn Farsi and 20+ more at Speaksilq.com","Pastel vocabulary card titled ""English vs Farsi"", subtitle ""Home & Household"", listing 11 English words with their Farsi romanisations.",#SpeakSilq #LearnFarsi #Farsi #LanguageLearning #Vocabulary #HomeHousehold
2026-10-12 13:00,2026-10-12,13:00,speaksilq_farsi,Farsi,02_farsi/farsi_30-adjectives-opposites_p7of8_learn.png,farsi_30-adjectives-opposites_p7of8_learn.png,Adjectives & Descriptions,learn,7,8,mint,"English vs Farsi — Adjectives & Descriptions (part 7 of 8)
Funny = bâmaze · Serious = jeddi · Famous = mashhur
Learn Farsi and 20+ more at Speaksilq.com","Pastel vocabulary card titled ""English vs Farsi"", subtitle ""Adjectives & Descriptions"", listing 11 English words with their Farsi romanisations.",#SpeakSilq #LearnFarsi #Farsi #LanguageLearning #Vocabulary #AdjectivesOpposites
2026-10-13 01:00,2026-10-13,01:00,speaksilq_farsi,Farsi,02_farsi/farsi_02-everyday-phrases_p2of7_social.png,farsi_02-everyday-phrases_p2of7_social.png,Everyday Phrases,social,2,7,lilac,"English vs Farsi — Everyday Phrases (part 2 of 7)
I don't know = nemidânam · I know = midânam · How much is this? = in chand ast?
Learn Farsi and 20+ more at Speaksilq.com","Pastel vocabulary card titled ""English vs Farsi"", subtitle ""Everyday Phrases"", listing 12 English words with their Farsi romanisations.",#SpeakSilq #LearnFarsi #Farsi #LanguageLearning #Vocabulary #EverydayPhrases
2026-10-13 13:00,2026-10-13,13:00,speaksilq_farsi,Farsi,02_farsi/farsi_07-time-frequency_p4of6_time.png,farsi_07-time-frequency_p4of6_time.png,Time & Calendar,time,4,6,sand,"English vs Farsi — Time & Calendar (part 4 of 6)
Holiday = ta'tilât · Birthday = tavallod · Persian New Year = nowruz
Learn Farsi and 20+ more at Speaksilq.com","Pastel vocabulary card titled ""English vs Farsi"", subtitle ""Time & Calendar"", listing 11 English words with their Farsi romanisations.",#SpeakSilq #LearnFarsi #Farsi #LanguageLearning #Vocabulary #TimeFrequency
2026-10-14 01:00,2026-10-14,01:00,speaksilq_farsi,Farsi,02_farsi/farsi_12-body-parts_p4of5_people.png,farsi_12-body-parts_p4of5_people.png,Body & Health,people,4,5,seafoam,"English vs Farsi — Body & Health (part 4 of 5)
Stomachache = deldard · Toothache = dandândard · Fever = tab
Learn Farsi and 20+ more at Speaksilq.com","Pastel vocabulary card titled ""English vs Farsi"", subtitle ""Body & Health"", listing 11 English words with their Farsi romanisations.",#SpeakSilq #LearnFarsi #Farsi #LanguageLearning #Vocabulary #BodyParts
2026-10-14 13:00,2026-10-14,13:00,speaksilq_farsi,Farsi,02_farsi/farsi_29-common-verbs_p6of10_learn.png,farsi_29-common-verbs_p6of10_learn.png,Common Verbs,learn,6,10,orchid,"English vs Farsi — Common Verbs (part 6 of 10)
to receive = daryâft kardan · to call (phone) = zang zadan · to meet = molâqât kardan
Learn Farsi and 20+ more at Speaksilq.com","Pastel vocabulary card titled ""English vs Farsi"", subtitle ""Common Verbs"", listing 11 English words with their Farsi romanisations.",#SpeakSilq #LearnFarsi #Farsi #LanguageLearning #Vocabulary #CommonVerbs
